Index,Unnamed: 0,AndrewGillum,ProgressiveVoice,PheelTheBern,SanDiegoforSanders,DemocraticSocialism,DallasForSanders,winstonsalem,MississippiForSanders,gso,Georgia4Sanders,PoliticalRevolutionCA,Delaware4Sanders,NHForSanders,TYTnetwork,newyorkcity,MSForSanders,Ilhan,bernieblindness,CaliforniaForSanders,California,MAForSanders,PoliticalRevolutionFL,Political_Revolution,IowaForSanders,PresidentialRaceMemes,BirdieSanders2020,AlexandriaOcasio,longisland,AOCPrez2028,YangForPresidentHQ,RepublicansForSanders,RealBlueMidterm,halloween,enoughsandersspam,NewsVidFeed,latinosforbernie,Bloomberg_Plutocrat,cincinnati,BKAC_Pete_Buttigieg,OurPresident,TNForSanders,gravelforpresident,worldnewsvideo,SDForSanders,illinois,Miami,ArizonaForSanders,socialistsforsanders,GrassrootsSelect,StillSandersForPres,SFBayAreaForSanders,demsocialists,OHForSanders,TheMajorityReport,bernieforpresident,MDForSanders,tytonreddit,activism,zephyrteachout,LAForSanders,HIForSanders,Idaho4Sanders,tulsi,DCForBernie,PoliticalRevolutionNC,Maine4Sanders,DemocraticPrimary,alaskaforsanders,NashvilleForSanders,indianaforsanders,SeattleUnmoderated,WolfPAChq,clevelandcavs,seculartalk,WotB_AMA_Masterlist,WIsconsinForSanders,BKAC_LizWarren,Corporate_Pete,AlabamaForBernie,dsa,MeansTV,VirginiaForSanders,Missouri4Sanders,SunriseMovement,PoliticalCoverage,antiracistaction,VAForSanders,MedicareForAll,Charlotte,PoliticalRevolutionNY,AOC,Colorado4Sanders,CanadiansforBernie,Free_Mind_Project,GAForSanders,ImagesOfOhio,Oahu,HawaiiForSanders,Montana4Sanders,WYForSanders,ColoradoForSanders,tytsucks,LosAngelesforSanders,socialists,OurRevolutions,MEForSanders,WeThe99,Brooklyn,AZForSanders,OregonForBernie,BostonForSanders,sanfrancisco,Substack,LosAngeles,NorthCarolina,RIForSanders,InconvenientDemocrats,ReallyAmerican,FakeProgressives,StudentsforSanders,WVForSanders,SouthCarolina4Sanders,YangGang,MinnesotaForBernie,Tulsi2020,NewMexicoForSanders,MurderedByAOC,chapelhill,BerniesRevolution,Sacramento,TweetArchiver,olympia,TXForSanders,triangle,nyspolitics,RhodeIsland4Sanders,NewJerseyforSanders,CAForSanders,WeAreNotAsking,dayton,NewYorkForSanders,IAForSanders,NewOrleansForSanders,LibertyForTheMasses,MTForSanders,WAForSanders,OregonForSanders,ClassPoliticsTwitter,IDForSanders,Queens,MAXIMUMPROGRESS,WVForBernie,PAForBernie,NewEngland4Sanders,Enough_AOC_Spam,bernie,The_Alexandria,NewHampshire4Sanders,TennesseeForSanders,DebtStrike,NevadaForSanders,TikTokCringe,democraticsocialists,LouisianaForSanders,DEForSanders,ClimateOffensive,cringe,ImagesOfCalifornia,Nebraska4Sanders,RedditDotNETBot,NorthDakota4Sanders,AKForSanders,PhoenixForSanders,PoliticalRevolutionOH,Wisconsin4Sanders,NCForBernie,agedlikemilk,GeoducksForSanders,OklahomaForSanders,Columbus,ILForSanders,Kansas4Sanders,MyRssFeeds,longbeach,orlando,Vermont4Sanders,GetYourNewsOnWithRon,NVForSanders,ArkansasForSanders,SanJoseForSanders,NorthDakotaForSanders,Syracuse,Wilmington,SandersForPresident,lakers,SeattleForSanders,PuertoRicoforSanders,MIForSanders,Maryland4Sanders,Michigan4Sanders,WayOfTheAloha,phish,democraticparty,NMForSanders,FightFor15,bernie2020,PortlandiaForSanders,Washington,Philadelphia4Sanders,tampa,NebraskaForSanders,ElectionPolls,MissouriForSanders,Connecticut4Sanders,asheville,justicedemocrats,IlhanOmar,SCForBernie,economicdemocracy,SanFranForSanders,PoliticalVideos,FLForSanders,RPDRDRAMA,INForSanders,BernieSanders,VermontForBernie,IEForSanders,Broward,ncpolitics,FloridaForSanders,sandiego,KansasForSanders,KentuckyForSanders,Utah4Sanders,Cleveland,CommunistMemes,CPUSA,Minnesota4Sanders,PortlandForSanders,Ohio,ARForSanders,BernieFor2020,newyork,BrandNewCongress,Buffalo,TimCanova,minnesotaforsanders,currentaffairs,WashingtonForSanders,freebies,Bernie_Sanders,TheHumanistReport,PRForSanders,NJForSanders,BernieSandersNews,WyomingForSanders,fortlauderdale,SouthDakotaForSanders,OKForSanders,Massachusetts4Sanders,PhillyForSanders,raleigh,TexasForSanders,Enough_Sanders_Spam,CTForSanders,NewYorkForBernie,CANCEL_STUDENT_DEBT,California_Politics,bullcity,AlabamaForSanders,WayOfTheBern,KYForSanders,voteforbernie,PAForSanders,dc4sanders,PoliticalVideo
FloridaForSanders,0,0.0,,,,0.9993,,,0.9943,,0.9178,,0.9116,,0.7067,,,,,,,,-0.0304,1.0,0.9176,,,,,,,,,,0.9756,,0.7258,,,,0.9996,,,,,,-0.9625,-0.6422,,0.9988,,,0.9999,,,,,,,,,,-0.8908,,,,-0.128,,0.7345,,0.9461,,,,,,,,,,0.9757,,0.9975,0.9603,0.6049,,,,,,,0.9983,0.9908,-0.128,,,,,0.2076,0.9632,,,,,,0.8608,,,,,,,,,,,,,,0.9679,0.9799,0.9473,0.9101,,0.9773,,0.8979,,,,,-0.8096,,,,,-0.128,0.9985,,0.9933,,,,,,,,0.8875,,,,,,,-0.031,,0.9768,,0.3313,0.9988,,0.9994,,,0.9976,,0.9983,,,0.5798,,0.9673,,,,0.9885,,,,0.9903,,,0.9976,,,0.9997,-0.128,,,0.9983,,,,,,,,,,0.9972,0.9931,,,0.9778,,,,,,,0.9852,,,,0.636,,,,,,,,,,,,,,0.9907,,,,,0.9889,0.9942,,,,0.9872,,,,,,,,,,,,,,,-0.4247,,,0.921,0.9741,0.784,,-0.128,,,0.9992,-0.94,,,,,,0.9843,,,0.9686,0.9735,0.296,
tytonreddit,1,,0.9522,,,0.9941,,,,,,,,,,,,,,0.902,,,,,,,,0.8202,,,,,,,,-0.7531,,,,,0.9998,,,,,,,,,,,,,,0.9961,,,,,,,,,,,,,,,,,,,,0.7191,,,,,,,,,,,,,,,,,0.998,,,,,,,,,,,0.9649,,,,,,,,,,,,,,,,,,,,,,,,,,,,,,,,,,,,,,,,,,,,,,,,,,,,,-0.1171,,,,,,,,,,,,,,,,,,,,,,,,,,,,,,,,,,,,,,,1.0,,,,,,,,,0.9943,,,,,,,,,,,,,,,,,,-0.9944,,,,0.9963,,,,,,,,,,,,,,,,,,,,,,,,,,,0.7623,,,,,,,,,,,,-0.9965,,,,,,,,,,,,
SandersForPresident,2,,,-0.1877,,,,,,,,,,,,,,,,,,,,,,,0.6624,,,,0.9999,,,,-0.9609,,,,,,,,,,,,,,,,,,,,,,,,,,,,,,,,,,,,,,,,-0.9063,,,,,,0.9996,,,,,,,,,,,,,,,,,,,,,,,,,,,,,,,,,,,,,,,,,,,,,,,,,,,,,,,,,,,,,0.9686,,,,,,,,,,,,,,,-0.9904,,,,,,,,,,,,,,,,,,,,,,,,,,,,,,,,,,,,,,,,,,,,,,,,,,,,,,,,,,,,,,,,,,,,,,,,,,0.6124,,,,,,,,,,,,,,,,,,,,,,,,,,,,,,,,,,0.9999,,,,,,,1.0,,,,,
CaliforniaForSanders,3,,,,0.9714,0.9986,,,0.9158,,-0.128,,0.8856,,,,,,0.9977,,0.9997,,,0.9999,-0.6513,,,,,,,,,,0.9965,,,,,,0.9997,,,,,,,0.0,,0.9995,,0.966,0.9999,,,,,,,,,,-0.4574,,,,-0.5789,,0.1779,,0.8866,,,,,,,,,,0.9981,,0.9882,-0.4122,,,,,,,,0.999,0.8507,-0.128,,,,,0.9492,-0.128,,,,0.9903,,,,,,,,,0.9767,,0.9998,,,,,-0.5955,,0.8668,0.9191,,0.98,,0.9109,,,,0.983,0.6957,,,,,-0.128,0.9682,,0.9935,,,,,,,,0.9529,,,,,,,0.9818,,,,0.6662,0.9014,,0.9976,,,0.86,,,,0.9446,-0.128,,-0.128,,,,0.5654,,,,-0.6818,,,0.3736,,0.9962,,-0.128,,,0.9709,,,,,,,,,,0.9479,0.9828,,,,,,,,,0.4486,,,,,0.636,,0.9987,,,,,,,,,,,,,,,0.9952,,0.9977,-0.1683,,,,,,,,,,,,,,,,,,,-0.128,,,-0.128,,0.8295,,-0.128,,,0.9853,-0.9986,,,,-0.991,,0.7954,,,0.9686,0.8428,0.296,
PoliticalVideo,4,,,,,0.9944,,,,,,,,,-0.9783,,,,,,,,,-0.9998,,,,,,,0.9998,,,,,,,,,,0.9766,,,0.9999,,,,,,,,,,,-0.9993,,,,,,,,,,,,,,,,,,,,,,,,,,,,,,,,,,,,,,,,,,,,,,,,,,,,,,,,,,,,,,,,,,,,,,,,,,,,,,,,,,,,,,,,,,,,,,,,,,,,,,,,,,,,-1.0,,,,,-1.0,,,,,,,,,,0.998,,,,,,,,,,,,,,,,,1.0,,,,,,,,,,,,,,,,,,,,,,,,,,,,,,,0.9983,,,,,,,,,,,,,,,,,,,,,,,,,,,,,,,,,,,,,,,,,,,,,,-0.998,,,,,
StillSandersForPres,5,,,,,0.9965,,,,,,,,,,,,,,,,,,,,,,,,,,,,,-0.953,,,,,,,,,,,,,,,,,,,,,,,,,,,,,,,,,,,,,,,,,,,,,,,,,,,,,,,,,,,,,,,,,,,,,,,,,,,,,,,,,,,,,,,,,,,,,,,,,0.9833,,,,,,,,0.9975,,,,,,,,,,,,,,,,,0.9841,,,,,,,,,,,,,,,,,,,,,,,,,,,,,,,,,,,,,,,,,,,,,,,,,,0.9983,,,,,,,,,,,,,,,,,,,,,,,,,,,,,,,,,,,,,,,,,,,,,,,,,,,,,,,,,,-1.0,,0.9421,,,,,1.0,,,,,
bernie,6,,,,,1.0,,,,,,,,,,,,,,,,,,1.0,0.0701,,,,,,,,-0.2942,,0.9409,,,,,,-1.0,,0.9775,,,,,,,,,,,,-0.9331,,,,,,,,,,,,,,,,,,,,,,,,,,0.972,,,,,,,,,,,-0.9995,,,,,,,,,,,,,,,,,,,,,,,,,,,,0.8801,,,,,,,,1.0,,,,,,,,,,,,0.9919,,,,,,,,,,,,,,,,,,,,,,,,,,,,,,,,,,,,,,,,,,,,,,,,,,,,,,,,,,,,,,,,0.9618,,,,,,,,,,,,,,,,,,-0.3818,,-1.0,,1.0,,,,,,,,,,,,,,,,,,,,,,,,,,,,,,,,,,,,,,,0.9988,,,,,,,1.0,,,,,
bernieblindness,7,,,,,-0.9997,,,,,,,,,-0.8781,,,,,,,,,0.9999,,,,,,,0.9999,,,,,,,,,,0.9996,,,,,,,,-0.9186,,0.7886,,,,0.9964,,,,-0.9593,,,,,,,,,0.296,,,,,,,,,,,,,,,,,,-0.9957,,,,,,0.9994,,,,,,,,,,,,,,,,,,,,,,,,,,,,,,,,,,,,,,,,,,,,,,,,,,,,,,,,,,,,,,,,0.9982,,,,,,,,,,,,,,,,,,,,,,,,,,,,,,,,,,,,,,,1.0,,,,,,,,,,,,,,,,,,,,,,,,,,,,,,,,,,,,,,,,,,,,,,,,,,,,,,,,,,,,,,,,,,,,,,0.9994,,,,,,,-1.0,,,,,
Berniecrats,8,,,,,0.9995,,,,,,0.9988,,,,0.9218,,,,-0.4685,,,,,,,,,,,0.9998,,,,-0.992,,,,,,0.9985,,,,,,,,,0.9994,0.8928,,1.0,,0.997,-0.687,,,,,,,,0.9943,,,,,,,,,,,-0.8733,,,,,,0.9966,,,,,,,,0.9984,,0.9295,0.9987,,,,,,,,,,,,,,0.6966,,0.3182,,,,,,0.3329,,,,,,0.8934,,,,,,,,,,,,,,,,,,,,0.9995,,0.9106,,,,,,,,,,,,,,,0.9599,,,,,,,,,,,,,,,,,,,,,,,,,,,,,,,,,,,,,,1.0,,,,,,,,,0.9996,,0.0,0.6946,,,,,,,,,,,,,0.9817,,0.0,,,,0.9986,,,,,,,,,,,,0.7785,,,,,,,0.998,,0.4404,,,,,0.9718,,,,,,,,,,,,,0.9979,,,,,,,1.0,,,,,
BernieFor2020,9,,,,,0.9996,,,,,,,,,-0.6908,,,,-0.9945,0.8221,,,,,,,,,,,1.0,,,,0.9739,,,,,,1.0,,,,,,,,,,,,,,-0.7016,0.7506,,,,,,,,,,,,,,,,,,,-0.9433,,,,,,0.9891,,,,,-0.8611,0.6486,,,,,0.9999,,,,,,,,,,,,,,,,,,,,,,,,,,,,-0.9939,,,,,,,,,,,,,,,,,,,,,,,,,,,,,,,,,,,,,,,,,,,,,,,,,,,,,,,,,,,,,,,,,,,,,,,,,,,1.0,,,,,,,,,,,,,,,,,,-0.0989,,,,,,,,,,,,,0.9804,,,,,,,,,,,,,,,,,,,,,,,,,,,,,,,,,,,,,,,0.9999,,,,,,,1.0,,-0.419,,,
BerniesRevolution,10,,,,,0.9997,,,,,,,,,,,,,,,,,,,,,,,,,0.9991,,,,,,,,,,,,,,,,,,,,,,1.0,,0.999,,,,,,,,,0.9994,,,,,,,,,,,0.9669,,,,,,0.9935,,,,,,,,0.9975,,0.829,-0.9998,,,,,,,,,,,,,,0.953,,,,,,,,,,,,,,0.6477,,,,,,,,,,,,0.9832,,,,,,,,0.9998,,-0.5594,,,,,,,,,,,,,,,,,,,,,,,,,,,,,,,,,,,,,,,,,,,,,,,,,,,,,1.0,,,,,,,,,0.9992,,,0.6801,,,,,,,,,,,,,,,0.296,,,,1.0,,,,,,,,,,,,,,,,,,,0.997,,,,,,,,,,,,,,,,,,,,-0.9998,,0.4019,,,,,1.0,,,,,-0.9865
BirdieSanders2020,11,,,,,0.9989,,,,,,,,,-0.7301,,,,,,,,,,,,,,,,0.9997,,,,,,,,,,1.0,,,,,,,,,,,,,,,,,,,,,,,,,,,,,,,,,,,,,,,,,,,,,,,,,,,,,,,,,,,,,,,,,,,,,,,,,,,,,,,0.8932,,,,,,,,,,,,,,,,,,,,0.9937,,,,,,,,,,,,0.9077,,,,,,,,,,,,,,,,,,,,,,,,,,,,,,,,,,,,,,,,,,,,,,,,,,,,,,,,,,,,,,,,,,,,,,-0.6159,,,,,,,,,,,,,,,,,,,,,,,,,,,,,,,,,,,,,,,,,,,0.9995,,,,,,,1.0,,,,,
BostonForSanders,12,,,,,0.9954,,,,,,,,,,,,,,,,,,,,,,,,,,,,,0.882,,,,,,,,,,,,,,,,0.9865,,,,,,,,,,,,,,,,,,,,,,,,,,,,,,,,,,,,,,,,,,,,,,,,,,,,,,,,,,,,,,,,,,,,,,,,,,,,,,,,,0.9996,,,,,,,,,,,,-0.703,,,,,,,,,,,,,,,,,,,,,,,,,,,,,,,,,,,,,,,,,,,,,,,,,,,1.0,,,,,,,,,,,,,0.4891,,,,,,,,,,,,,0.2896,,,,,,,,,,,,,,,,,,,,,,,,,,,,,,,,,,,,,,,,,-0.2293,,,,,,,,,,1.0,,,,,
DallasForSanders,13,,,,,0.9986,,,,,,,,,,,0.9938,,,,,0.9844,,,,,,,,,,,,,,,,,,,,0.9938,,,0.998,,,,,,0.9994,,,0.9909,,,0.9933,,,,0.9964,0.95,,,,,,,,,,,,,,,,,,0.9747,,,,,,,,0.9981,,,,0.9993,,,,0.9514,,,,,,,,,,,0.9958,,,0.9795,0.9962,,,,,,-0.9987,,,,,,,,,,,,,,,0.9994,,0.9938,,,,,0.9848,,,,0.9976,0.9993,,0.9938,,,,0.9962,,,,0.9941,,,,,,,,,,,,,,,,,,,-0.9867,,,,0.9959,,0.9804,,,0.9977,,,,,,,0.996,,,0.9891,,,0.9998,,0.9868,0.9962,0.9897,,,,,,0.9948,,,0.9989,,,,0.9913,,0.9907,,,,,0.9941,,0.9991,,0.8984,,0.9901,,,,,,,,,,,,,,,,,0.9969,,,,,,0.9933,,,,,,,0.9907,,,,,0.9946,,0.9987,,,,0.9904,0.9995,,,,,1.0,0.9933,,,,
DCForBernie,14,,,,,0.9985,,,,,,,,,,,-0.9988,,,,,,,0.9953,,,,,,,,,,,0.9521,,,,,,0.9951,-0.9991,,,-0.9985,,,,,,,,,-0.9984,,,,,,,-0.999,-0.9978,,,,,,,,,,,,,,,-0.9977,,,,0.9984,,,,,,,-0.9989,,,,,,,,-0.9987,,,,,-0.999,-0.984,,,,,-0.999,,,,-0.9992,-0.9992,,,,,-0.9993,,,,,,,,,,,,,,,,,-0.9995,,,,,,,,,-0.9989,,,,-0.9985,,,-0.9992,,,-0.9986,-0.9976,,,,,,,,,,,,,,,,,,,,,,,-0.9952,,,,,,,,,,,,-0.9985,,,-0.9867,,,1.0,,,-0.9965,-0.9986,,,,,,-0.9985,,,,,,,,,,,,,,-0.9991,,,,-0.999,,,,-0.9993,,,,,,,,,,,,,,,,,,,,,-0.9926,,,,,,,-0.9989,,,,,-0.998,,,,,0.9998,,-0.9987,,,,,0.9999,-0.9983,,,,
democraticparty,15,,,,,1.0,,,,,,,,,,,,,,,,,,,,,,0.9773,,,-0.9221,,,,,,,,,,,,,,,,,,0.0,,0.9295,,,,,,,,,,,,,,,,,-0.7356,,,,,,,,,,,,,,,,,,0.9963,,,0.9139,,,-1.0,,,,,,,,,,,,,,,,,,,,,,,,,,,,,,,,,,,,-1.0,,,,,,,,,,,,,,,,,,,,,,,,,,,,,,,,,,,,0.9837,,,,,,,,,,,,,,,,,,,,,,,,,,,,,,,,,,,,,,,,,,,,,,,,,,,,,,,,,,,,,,0.9975,,,,,,,,,,,,,,,,,,,,,,,,,,,,,,,,,,,,,,,0.9999,,,,,,,0.9999,,,,,
demsocialists,16,,,,,0.9993,,,,,,,,,,,,,,,,,,,,,,0.9946,,,,,,,,,,,,,0.9998,,,,,,,,,,,,,,-0.958,,,,,,,,,,,,,,,,,,,,-0.9639,,,,,,,-0.6592,,,,0.493,,,,,,-0.9994,,,,,,,,,,,,,,,,,,,,,,,,,,,,,,,,,,,,,,,,,,,,,,,,,,,,,,,,,,,,,,,,,,,,,,,,,,,,,,,,,,,,,,,,,,,,,,,,,,,,,,,,,,,,,,,,,,,,,,,,,,,,,,,,,,,,,,0.9999,,,,,,,,,,,,,,,,,,,,,,,,,,,,,,,,,,,,,,,0.9995,,,,,,,,,,,,
FakeProgressives,17,,,,,0.997,,,,,,,,,,,,,,,,,,,,,,,,,,,,,-0.7203,,,0.995,,,0.9997,,,,,,,,,,,,,,,,,,,,,,,,,,,,,,,,,,-0.9997,,,0.9274,-0.9549,,,,,,,-0.8048,,,0.998,,,0.9995,,,,,,,,,,,,,,,,,,,,,,,,,,,,,,,,,,,,,,,,,,,,,,,,,,,,,,,,,,,,,,,,0.968,,,,,,,,,,,,,,,,,,,,,,,,,,,,,,,,,,,,,,,,,,,,,,,,,,,,,,,,,,,,,,,,,,-0.5175,,,,,,,,,,,,,,,,,,,,,,,,,,,-0.7186,,,,,,,,,,,,,,,,-0.999,,,,,,,1.0,,,,,
Illinois4Sanders,18,,,,,0.9983,,,0.9957,,0.8946,,0.9827,,,,,,,,,,,1.0,0.9938,,,,,,,0.9432,,,0.9541,,,,,,0.9995,,,,,0.9968,,0.6767,,,,0.9078,0.9998,,,,,,,,,,0.8669,,,,0.5719,,0.5267,,0.9904,,,,,,,,,,0.6591,,0.9988,0.9742,0.6049,,,,,,,0.9988,0.9883,0.5719,,,,,-0.308,0.9835,,,,0.8877,,,,,,,,,,,,,,,,,,0.9904,0.9905,,0.9036,,0.9951,,,0.0,,-0.7554,,,,,0.5719,0.9979,,0.995,,,,,,,,0.9691,,,,,,,0.8935,,0.947,,0.8095,0.9991,,0.9993,,,0.9977,,0.9983,,,0.8828,,0.9743,,,,0.9957,,,,0.9919,,,0.998,,,,0.5719,,,0.9772,,,,,,,,,,0.9974,0.998,,,,,,,,,,,,,,0.8011,,0.9998,,,,,,,,,,,,,,,,,0.9946,0.9942,,,,0.9886,,,,,,,,,,,,,,,0.5346,,,0.9713,,0.8016,,0.5719,,,0.9997,-0.9995,,,,,,0.9786,1.0,,0.9847,0.9959,0.6597,
INForSanders,19,,,,,0.9977,,,,,,,,,,,0.9984,,,,,0.997,,0.9931,,,,,,,,,,,0.9703,,,,,,-0.8796,0.992,,,0.9956,,,,,,0.9979,,,0.996,,,0.997,,,,,0.9962,,,,,,,,,,,,,,,,,,,0.9971,,,,,,,0.9963,,,,,,,,,,,,,0.9961,0.998,,,,,,,,,0.959,,,,,,-0.9988,,,,,,,,,,,,,,,,,0.9637,,,,,,,,,,,0.1406,0.9969,0.99,,,,,,0.9966,0.989,,,,,,,,,,,,,,,,,,,,,,,0.9901,,,,,,,,,,,,0.9927,,,0.9954,,,1.0,,,,0.998,,,,,,0.995,,,,,,,0.9962,,0.9985,,,,,0.9731,,,,-0.9969,,,,0.9573,,,,,,,,,,,,,,,,,,,,,0.9986,,,,,,,0.9936,,,,,0.9967,,,,,0.9997,,,,,,,0.9999,,,,,
justicedemocrats,20,,,,,0.9994,,,,,,,,,,,,,0.9946,,,,,,,,,-0.952,,,,,,,,,,,,,1.0,,,,,,,,,,,,,,0.9905,,,0.9721,,,,,,,,,,,,,,,,,0.9846,,,,,,,,,,0.8918,0.994,,,0.998,,,1.0,,,,,,,,,,,,,,0.9945,,,,,,,,,,,,0.7994,,0.9969,,,,,,,,,,,,,,,,,,,,,,,,,,,,,,,,,,,,-0.9261,0.9725,0.9611,,,,,,0.9963,,,0.9989,,,,,,,,,,,,,,,,,,,,,,,,,,,,,,,,,,,,,,,,0.7655,,,,,,,,,,,,,,,,,,,0.9999,,,,,,,,,,,,,,,,,,,0.2825,,0.9695,,,,,,,,,,,,,,,,,,0.9985,,,,,,,,,,,,
KansasForSanders,21,,,,,0.9968,,,,,,,,,,,0.721,,,,,-0.9632,,0.9969,,,,,,,,,,,0.9746,,,,,,0.9996,-0.9973,,,-0.9909,,,,,,-0.9991,,,-0.9973,,,0.97,,,,-0.9838,0.9177,,,,,,,,-0.9283,,,,,,,-0.9926,,,-0.9966,0.9874,,,,,,,-0.9975,,,,,,,,-0.9932,,,,,-0.9961,-0.9941,,,,,-0.9907,,,-0.9585,-0.9975,-0.9929,,,,,-0.9997,,,,,,,,,,,,,,,-0.9945,,-0.9983,,,,,-0.9953,,,,0.7286,-0.8812,0.1406,-0.961,,,,-0.972,,,-0.9955,-0.9975,,,,,,,,,,,,,,,,,,,-0.9979,-0.9687,,,-0.9955,,-0.9457,,,-0.9032,,,,,,,-0.9986,,-0.9891,-0.9953,,,1.0,,-0.695,-0.9971,-0.9573,,,,,,-0.9958,,,-0.9881,,,,-0.988,,-0.7163,,,,,-0.9988,,-0.9537,,-0.9952,,-0.9856,,,,,,,,,,,,,,,-0.9547,,-0.9411,,,,,,0.9619,,,,,,,-0.993,,,,,-0.9969,,-0.796,,,0.9999,-0.9975,-0.9922,,,,,0.9999,-0.974,,,,
minnesotaforsanders,22,,,,,0.9899,,,,,,,,,,,,,,,,,,0.9413,,,,,,,,,,,,,,,,,0.9908,,,,,,,,,,,,,,,,,,,,,,,,,,,,,,,,,,,,,,,,0.995,,,,,,,,,,,,,,,,,,,,,,,,,,,,,,,,,,,,,,,,,,,,,,,,,,,,,,,,,,,,,,,,,,,,,,,,,,,,,,,,,,,,,,,,,,,,,,,,,,,,,,,,,,,,,,,,,,1.0,,,,,,,,,,,,,,,,,,,,,,,0.0516,,,,,,,,,,,,,,,,,,,,,,,,,,,,,,,,,,,,,,,,,,,,,,,0.9991,,,,,,,0.9998,,,,,
NashvilleForSanders,23,,,,,0.9986,,,,,,,,,,,,,,,,,,,,,,,,,,,,,0.9641,,,,,,0.9943,,,,,,,,,,0.9935,,,,,,,,,,,,,,,,,,,,,,,,,,,,,,,,,,,,,,,,,0.9989,,,,,,,,,,,,,,,,,,,,,,,,,,,,,,,,,,,,,,,,,,,,,,,,,,,,-0.993,0.1406,,,,,,,,,,,-0.978,,,,,,,,,,,,,,,,,,,,,,,,,,,,,,,,,,,,,,,1.0,,,,,,,,,,,,,-0.8359,,,,,,,,,,,,,-0.9793,,,,,,,,,,,,,,,,,,,,,,,,,,,,,,,,,,,,,,,,,-0.9927,,,0.9995,,,,,,,0.9999,,,,,
NewOrleansForSanders,24,,,,,0.9979,,,,,,,,,,,,,,,,,,,,,,,,,,,,,0.9602,,,,,,0.9823,,,,,,,,,,,,,,,,,,,,,,,,,,,,,,,,,,,,,,,,,,,,,,,,,,,0.9988,,,,,,,,,,,,,,,,,,,,,,,,,,,,,,,,,,,,,,,,,,,,,,,,,,,,,0.1406,,,,,,,,,,,,,,,,,,,,,,,,,,,,,,,,,,,,,,,,,,,,,,,,,,1.0,,,,,,,,,,,,,,,,,,,,,,,,,,,,,,,,,,,,,,,,,,,,,,,,,,,,,,,,,,,,,,,,,,,,,,0.9991,,0.9948,,,,,-1.0,,,,,
NewYorkForSanders,25,,,,,0.9991,,,0.9595,,0.3818,,0.9851,,,0.9845,,,,,,,,0.9999,0.7131,,,,0.9781,,,0.9606,,,0.9682,,,,,,0.9988,,,,,,,0.5815,,-0.9992,,0.9761,0.9998,,,,,,,0.0,,,0.9543,,,,0.8658,,0.7424,,0.9812,,,,,,,,,,0.9852,,0.9952,0.785,0.6049,,,,,,0.8866,0.9978,0.9699,0.7506,,,,,0.4912,0.8684,,,,,,,,,0.9953,,,,,,,,,,,,0.5859,0.9712,0.9884,,0.7652,,0.9783,,,,,-0.7835,,,,0.9955,0.7506,0.9921,,0.9953,,,,,,,,0.9947,,,0.329,,,,0.9521,,0.6939,,0.972,0.9146,,0.999,,,0.9489,,0.9983,,,0.6239,,0.7269,,,,0.908,,,,0.8382,,,0.8099,,,,0.7506,,,0.8309,,,0.9846,,,,,,,0.9953,0.9904,,,,,,,,,,,,,,0.8687,,0.999,,,,,,,,,1.0,,,,,,,,0.9819,0.7749,,,,-0.6805,,,,,-0.9963,,0.9637,0.994,,,,,,,0.743,,,0.68,,0.9117,,0.8402,,,0.985,-0.9984,,,,,,0.9488,1.0,,,0.9954,0.5859,
NHForSanders,26,,,,,0.9908,,,,,,,,,,,0.9965,,,,,0.995,,0.9944,,,,,,,,,,,,,,,,,0.9988,0.979,,,0.9931,,,,,,0.998,,,0.9927,,,0.9913,,,,0.982,0.9891,,,,,,,,,,,,,,,0.9711,,,0.9851,0.9952,,,,,,,0.9935,,,,,,,,0.985,,,,,0.992,0.989,,,,,0.9878,,,0.9841,0.9912,0.9887,,,,,0.9794,,,,,,,,,,,,,,,,,0.9789,,,,,-0.6571,,,,0.9835,,0.1406,0.9962,,,,0.9956,,,0.966,0.9903,,,,,,,,,,,,,,,,,,,0.971,,,,0.9866,,-0.999,,,0.9846,,,,,,,0.977,,,0.9861,,,1.0,,-0.9989,0.9871,0.999,,,,,,0.9434,,,,,,,0.9579,,0.9939,,,,,0.9832,,,,0.982,,0.9933,,,,,,,,,,,,,,,,,0.9899,,,,,,0.9902,,,,,,,0.9837,,,,,0.9876,,,,,0.9994,0.9715,0.9821,,,,,1.0,0.9798,,,,
NorthCarolina4Sanders,27,,,,,0.9969,,0.978,0.9953,0.9965,0.9088,,0.8977,,,,,,,,,,,0.8529,0.7041,,,,,,,,,,0.9969,,,,,,0.9993,,,,,,,0.6882,,,,0.9829,0.9997,,,,,,,,,,0.9505,,,-0.2481,0.1154,,0.8268,,0.9669,,,,,,,,,,0.9331,,0.9921,0.9879,0.6049,,,,,0.9986,,0.9986,0.9956,0.743,,,,,0.3009,0.7835,,,,0.3818,,,,,,,,,,,,0.9992,,,,,,0.9948,0.9985,,0.9778,,0.9984,,0.9013,,,-0.98,,,0.996,,0.743,0.9952,,,,,,,,,,0.9733,,,,,,,0.9558,,0.6767,,0.8966,0.9976,,0.9982,,,0.9964,,0.9983,,,0.7754,,0.9732,,,,0.9553,,,,0.9907,,,0.9982,,,,0.743,,,0.9927,,,,0.9994,,,,,,0.996,0.9972,,,,,,,,,,,,,,0.8772,0.9971,,,,,,,,,,1.0,,,,0.9952,,,,0.9966,0.9975,,,,0.9961,,,,,,,,,,,,,,,0.7876,,,0.9525,,0.8402,,0.836,,0.9994,0.9995,-0.9997,,,,,0.9216,0.9509,0.9999,,0.9917,0.899,0.6542,
ohioforsanders,28,,,,,0.9973,,,0.9852,,0.2732,,0.9935,,,,,,,,,,,0.9998,0.7021,,,,,,0.9995,0.9839,,,0.9947,,,,0.9798,,0.999,,,,,,,0.8905,,,,,0.9998,,,,,,,,,,-0.7426,,,,-0.128,,0.8172,,0.9912,,0.782,0.9996,,,,,,,-0.2908,,0.9978,0.587,0.6049,,,,,,,0.9978,0.979,0.2732,,,0.0,,0.3009,0.7539,,,,,,,,,,,,,,,,,,,,,,0.9959,0.995,,0.5319,,0.9423,,,,,-0.7698,,,,,0.2732,0.9792,,0.9945,0.9933,,,,,,,0.9937,,,,,,,0.9928,,0.0,,0.8496,0.9916,,0.9979,,,0.9901,,0.9983,,,-0.2003,,0.9565,,,0.0,0.9489,,,,-0.4073,0.9977,,0.9901,,,,0.2732,,,0.9811,,,,,,0.9997,,,,0.9973,0.9967,,,,,,,,,,,,,,0.7777,,0.9992,,,,,,,,,1.0,,,,,,,,0.9725,0.9392,0.9982,,,-0.8444,,0.9997,,,,,,,,,,,,,0.8286,,,0.8943,,0.9336,,0.5719,,,0.9977,-0.9977,,,,,,0.9797,0.9999,,0.9847,0.9989,0.8316,
PheelTheBern,29,,,,,0.9992,,,,,,,,,,,,,,0.9857,0.9939,,,0.9916,0.8371,,,,,,,,0.8102,,0.9764,,,,,,0.9585,,,,,,,,,,,,0.9995,,,,,0.7702,,,,,,,,,,,,,,,0.9928,,,,,,,,0.9969,,-0.5514,,,,,,,,,,,,,,,,,,,,,,,,,,,,,,,,,,,,,-0.5955,,,,,,,,,,,,,,,,,,,,0.9709,,0.9852,,,,,,,,,,,,,0.9778,,,,,,,,,,,,,,,,,,,,,,,,,,,,,,,,,,,,,,,,,,,,,0.9854,,,0.9994,,,,,,,,,,,,,,,,,,,,,,,0.9996,,,,,,,,,,,,,,,,,0.6486,,,,,,,0.9346,0.9999,,,0.5579,,,,,,,,,,,,,,,,,,0.9999,,,,,
PhillyForSanders,30,,,,,0.998,,,,,,,,,,,,,,,,,,,,,,,,,,,,,0.9602,,,,,,0.7174,,,,,,,,,,,,,,,,,,,,,,,,,,,,,,,,,,,,,,,,,,,,,,,,,,,0.9994,,,,,,,,,,,,,,,,,,,,,,,,,,,,,,,,,,,,,,,,0.9991,,,,,,,,,,,,,,,,,,,,,,,,-0.6953,,,,,,,,,,,,,,,,,,,,,,,,,,,,,,,,,,,,,,,1.0,,,,,,,,,,,,,,,,,,,,,,,,,,,,,,,,,,,,,,,,,,,,,,,,,,,,,,,,,,,,,,,,,,,,,,0.9989,,,,,,,0.9999,,,,,
PhoenixForSanders,31,,,,,0.9987,,,,,,,,,,,,,,,,,,,,,,,,,,,,,-0.4826,,,,,,0.98,,,,,,,,,,0.999,,,,,,,,,,,,,,,,,,,,,,,,,,,,,,,,,,,,,,,,,-0.9462,,,,,,,,,,,,,,,,,,,,,,,,,,,,,,,,,,,,,,,,0.9984,,,,,,,,,,,,-0.9728,,,,,,,,,,,,,,,,,,,,,,,,,,,,,,,,,,,,,,,,,,,,,,,,,,,0.9999,,,,,,,,,,,,,-0.9915,,,,,,,,,,,,,-0.9083,,,,,,,,,,,,,,,,,,,,,,,,,,,,,,,,,,,,,,,,,0.9438,,,0.9986,,0.9886,,,,,1.0,,,,,
PortlandForSanders,32,,,,,0.9986,,,,,,,,,,,,,,,,,,,,,,,,,,,,,0.9212,,,,,,0.9777,,,,,,,,,,0.997,,,,,,,,,,,,,,,,,,,,,,,,,,,,,,,,,,,,,,,,,0.9994,,,,,,,,,,,,,,,,,,,,,,,,,,,,,,,,,,,,,,,,0.9998,,,,,,,,,,,,0.9976,0.1406,,,,,,,,,,,0.9944,,,,,,,,,,,,,,,,,,,,,,,,,,,,,,,,,,,,,,,1.0,,,,,,,,,,,,,0.9937,,,,,,,,,,,,,0.9859,,,,,,,,,,,,,,,,,,,,,,,,,,,,,,,,,,,,,,,,,0.9931,,,0.9998,,,,,,,,,,,,
PortlandiaForSanders,33,,,,,0.9988,,,,,,,,,,,,,,,,,,,,,,,,,,,,,0.815,,,,,,0.999,,,,,,,,,,0.9964,,,,,,,,,,,,,,,,,,,,,,,,,,,,,,,,,,,,,,,,,0.9989,,,,,,,,,,,,,,,,,,,,,,,,,,,,,,,,,,,,,,,,0.9998,,,,,,,,,,,,,,,,,,,,,,,,0.365,,,,,,,,,,,,,,,,,,,,,,,0.9953,,,,,,,,,,,,,,,,1.0,,0.9962,,,,,,,,,,,,,,,,,,,,,,,,-0.9969,,,,,,,,,,,,,,,,,,,,,,,,,,,,,,,,,,,,,,,,,,,,0.9997,,,,,,,,,,,,
SanFranForSanders,34,,,,,0.9981,,,,,,,,,,,0.9696,,,,,-0.4273,,,,,,,,,,,,,0.9842,,,,,,0.9937,0.8654,,,-0.7802,,,,,,,,,0.905,,,0.8907,,,,,,,,0.9822,,,,,,,,,,,,,,,,,,,,,,,0.9769,,,,0.9992,,,,,,,,,0.8552,,,,,,,,,,-0.9499,,,,,,-0.9993,,,,,,,,,,,,,,,0.9999,,0.9364,,,,,,,,,,,,0.9919,,,,,,,-0.36,0.9814,,-0.9434,,,,,,,,,,,,,,,,,,,,,0.8067,,0.9936,,,,,,,,,,0.9512,,,0.9787,,,1.0,,0.984,,0.9324,,,,,,0.9507,,,,,,,0.9324,,0.9435,,,,,0.907,,,,,,,,,,,,,,,,,,,,,,,,,,,,,,,,,,,,0.8496,,,,,0.9866,,,,,0.9989,,0.998,,,,,1.0,,,,,
SanJoseForSanders,35,,,,,0.9983,,,,,,,,,,,,,,,,,,,,,,,,,,,,,0.8749,,,,,,0.998,,,,,,,,,,0.9998,,,,,,,,,,,,,,,,,,,,,,,,,,,,,,,,,,,,,,,,,0.998,,,,,,,,,,,,,,,,,,,,,,,,,,,,,,,,,,,,,,,,,,,,,,,,,,,,0.9988,0.1406,,,,,,,,,,,,,,,,,,,,,,,,,,,,,,,,,,0.9771,,,,,,,,,,,,,,,,1.0,,0.9955,,,,,,,,,,,,,,,,,,,,,,,,0.9985,,,,,,,,,,,,,,,,,,,,,,,,,,,,,,,,,,,,,,,,,0.9989,,,0.9995,,0.9995,,,,,1.0,,,,,
UtahForSanders,36,,,,,0.9903,,,,,,,,,,,-0.9915,,,,,-0.989,,-0.9965,,,,,,,,,,,0.9703,,,,,,0.9996,-0.9924,,,-0.9897,,,,,,,,,-0.9928,,,-0.9871,,,,-0.9927,-0.9859,,,,,,,,,,,,,,,0.9334,,,-0.9785,0.9979,,,,,,,-0.9894,,,,,,,,-0.9218,,,,,-0.9897,0.993,,,,,-0.9867,,,-0.5036,-0.9461,0.899,,,,,-0.9927,,,,,,,,,,,,,,,-0.9932,,-0.9944,,,,,0.9296,,,,-0.9653,,0.1406,-0.9899,,,,-0.7654,,,-0.9909,-0.9919,,,-0.6534,,,,,,,,,,,,,,,,-0.9823,,,,-0.9843,,-0.8581,,,-0.9208,,,,,,,-0.9927,,,-0.95,,,1.0,,-0.9378,0.9558,-0.989,,,,,,-0.9866,,0.9985,,,,,-0.986,,-0.9837,,,,,-0.9927,,,,-0.9874,,-0.9895,,,,,,,,,,,,,,,,,0.9522,,,,,,0.9327,,,,,,,-0.9899,,,,,-0.9918,,,,,0.9998,0.872,-0.6857,,,,,1.0,-0.9838,,,,
VermontForBernie,37,,,,,0.999,,,,,,,,,,,,,,,,,,0.9932,,,,,,,,,,,0.9761,,,,,,,,,,,,,,,,0.9975,,,,,,,,,,,0.9796,,,,,,,,0.8883,,,,,,,0.9571,,,,0.9987,,,,,,,,,,,,,,,0.9725,,,,,,0.9521,,,,,,,,0.9887,,0.9536,,,,,,,,,,,,,,,,,,,,0.9967,,,,,,,0.9926,,,,0.9522,0.9782,0.1406,,,,,0.9812,,,,,,,,,,,,,,,,,,,,,,,0.9688,0.9604,,,,,0.9779,,,0.9873,,,,,,,,,0.83,,,,1.0,,0.9307,0.9864,,,,,,,,,,0.985,,,,,,,,,,,,,0.9438,,0.8601,,,,,,,,,,,,,,,,,0.7398,,0.994,,,,,,0.9818,,,,,,,,,,,,,,0.9604,,,,0.9908,0.9446,,,,,0.9998,,,,,
WAForSanders,38,,,,,0.993,,,,,,,,,,,,,,,,,,0.9917,,,,,,,,,,,0.9814,,,,,,0.9881,,,,,,,,,,0.999,,,,,,,,,,,,,,,,,,,0.9915,,,,,,,0.9871,,,,-0.7875,,,,,,,,,,,,,,,,,,,,,0.9754,,,,,,,,0.9417,,0.9788,,,,,,,,,,,,,,,,,,,,,,,,,,,-0.8652,,,,-0.8921,0.9922,0.1406,,,,,,,,,,,,,,,,,,,,,,,,,,,,0.9873,0.9946,,,,,0.9904,,,,,,,,,,,,0.996,,,,1.0,,0.9935,0.9947,,,,,,,,,,0.9967,,,,,,,,,,,,,0.9922,,-0.8527,,,,,,,,,,,,,,,,,0.9916,,0.99,,,,,,0.9607,,,,,,,,,,,,,,0.9843,,,0.9993,-0.8527,0.9948,,,,,0.9999,,,,,
WashingtonForSanders,39,,,,,0.993,,,0.9803,,-0.3252,,0.9771,,,,,,,,,,,0.9991,0.752,,,,,,,0.9606,,,0.9909,,,,,,0.9991,,,,,,,0.6979,,,,,0.9997,,,,,,,,,,-0.8951,,,,-0.5187,,0.6114,,0.9881,0.0,,,,,,,,,0.9591,,0.9987,0.9533,,,,,,,,0.9989,0.9933,0.2732,,,,,-0.3707,0.7539,,,,,,,,,,,,,,,,,,,,,,0.9548,0.9874,,0.6638,,0.9604,,,,,,0.9951,,,,0.2732,0.9949,,,,,,,,,,0.9713,,,,,,,0.9813,,0.4515,,0.7622,0.9971,,0.9994,,,0.9967,,,,,0.4508,,0.9617,,,,0.9767,,,,0.9903,,,0.9978,,,,0.2732,,,0.974,,,,,,,,,,0.9924,0.9967,,,,,,,,0.9785,,,,,,0.636,,,,,,,,,,,0.9999,,,,,,,,0.9701,0.9963,,,,0.9849,,,,,,,,,,,,,,,0.2732,,,0.8677,,0.807,,0.2732,,,0.9994,0.9986,,,-0.9247,,,0.9547,-0.7228,,0.9728,0.9956,0.296,
WeAreNotAsking,40,,,,,-0.9998,,,,,,,,0.4215,,,,,,,,,,,,,,,,,0.9994,,,,0.9728,,,,,,-0.9985,,,,,,,,,,,,,0.4215,-0.9994,,,,,,,,,,,,,,,,,,,,-0.9989,,,,,,,,,,,-0.993,,,0.9922,,,0.996,,,,,,,,,,,,,,,,,,,0.4215,,,,,,,,,,,,,,,,,,,,,,,,,,,,,,,,,,,,,,,,,,,,,,,-0.8126,,,,,,0.0,,,,,,,,,,,,,,,,,,,,,,,,0.0,0.4215,,,,,,1.0,,,,,,,,,,,,,,,,,0.4215,,,,,,,,,,-0.1451,,,,0.9997,,,,,,,,,,,,,,,,,,,,,,,,,,,,,,,,,,0.4215,,,,,0.9899,,0.4215,,,,,-1.0,,,,,
BernieSanders,41,,,,,,-0.9952,,,,,,,,-0.7088,,-0.9971,,,,,-0.9975,,,,,,,,,,,,,,,,,,,,-0.9946,,,-0.9886,,,,,,-0.9981,,,-0.9971,,,-0.9971,,,,-0.9961,-0.9966,,,,,,,,-0.9611,,,,,,,-0.9948,,,-0.9966,,,,,,,,-0.9953,,,,,,,,-0.9942,,,,,-0.9942,-0.9966,,,,,-0.9968,,,-0.9963,,,,,,,-0.9959,,,,,,,,,,,,,,,0.9901,,-0.9956,,,,,-0.9973,,,,-0.9973,-0.994,,-0.9975,-0.9953,,,-0.9966,,,-0.9926,-0.9976,,,,,,,,,,,,-0.9967,,,,,,,-0.9962,-0.9934,,,-0.9975,,-0.994,,,-0.9965,,,,,,,-0.997,,-0.9948,-0.9974,,,,,-0.9949,-0.9939,-0.9974,,,,,,-0.9973,,,,,,,-0.9973,,-0.9969,,,,,-0.9955,,-0.9948,-0.4199,-0.9957,,,,,,,,,,-0.9974,,,,,,,-0.9948,,-0.9951,,,,,,-0.9975,,,,,,,-0.9964,,,,,-0.9976,,-0.9934,,,0.9975,-0.9969,-0.997,,,,,1.0,-0.9965,,,,
dsa,42,,,,,,,,,,,,,,-0.9433,,,0.9883,,,,,,,,,,0.9987,,,0.972,,,,,,,,,,1.0,,,,,,,,,,,,,,-0.9099,,,,,,,,,,,,,0.2523,,,,,,,0.9297,,,,,,,,,,,0.8906,,,0.996,,,,,,,,,,,,,,,,,,,,,,,,,,,,,,,,,,,,,,,0.9984,,,,0.9868,,,,,,,,,,,,,,,,,,,,,,,,-0.9842,,0.7789,,,,,,,,,,,,,,,,,,,,,,,,,,,,,,,,,,,,,,,,,,,,,,,,,,,,,,,,,,,,-0.9419,,,,0.9976,,,,,,,,,,,,,,,,,,,,,,,,,,,,,,,,,,,,,,,,,,,0.9996,,0.0772,,,,,1.0,,,,,
RedactedTonight,43,,,,,,,,,,,,,,,,,,,,,,,-0.9618,,,,,,,,,,,,,,,,,,,,,,,,,,,,,,,,,,,,,,,,,,,,,,,,,,,,,,,,,-0.5216,,,,,,,,,,,,,,,,,,,,,,,,,,,,,,,,,,,,,,,-0.9616,,,,,,,,,,,,,,,,,,,,0.9671,,,,,,,,,,,,,,,,,,,,,,,,,,,,,,,,,,,,,,,,,,,,,,,,,,,,,,,1.0,,,,,,,,,,,,,,,,,,,,,,,,,,,,,,,,,,,,,,,,,,,,,,,,,,,,,,,,,,,,,,,,,,,,,,,,,,,,,-0.9988,,,,,
tulsi,44,,,,,,,,,,,,,,,,,,,,,,,0.9987,,,,,,,1.0,,,,,,,,,,,,,,,,,,,,,,,,0.8071,,,,,,,-0.0444,,,,,,,,,,,,,-0.9987,,,,,,,,,,,,,,,,,,,,,,,-0.872,,,,,,,,,,,,,,,,,,,,,,,,,,,,0.9952,,,,,,,,,,,,,,,,,,,,,,,,,,,,,,,,,,,,,,,,,,,,,,,,,,,,,,,,,,,,,,,,,,,,,1.0,,,,,,,0.994,,,,,,,,,,,0.0,,,,,,,,,0.9015,,,,,,,,,,,,,,,,,,,,,,,,,,,,,,,,,,,,,,,,,,,-0.9998,,,,,,,,,,,,
WayOfTheAloha,45,,,,,,,,,,,,,,,,,,,,,,,0.6495,,,,,,,1.0,,,,,,,,,,,,0.9925,,,,,,,,,,0.999,,,,,,,,,0.4877,,,,,,,,,,,,,,,,,,,,,,,,,,,,,,,,,,,,,,,,,,,,,,,,,,,,,,,,,,-0.9807,,,,-0.8017,,0.9988,,,,,,,,,,,,,,0.9494,,,,,,,,,,,,,,,,,,,,,,,,,,,,,,,,,,,,,,,,,,,,,,,,-0.128,,,,,,,0.9972,,,,,,,,,0.9028,,,,,,,,,,,,,,,,,,0.3612,,,,,,,,,,,,,,,,,,,,,,,,,,,,,,,,,,,,,,,,,,,0.999,,,,,,,1.0,,,,,-0.9967
DEForSanders,46,,,,,,,,,,,,,,,,0.866,,,,,0.9938,,0.9956,,,,,,,,,,,0.9521,,,,,,,0.9906,,,0.9773,,,,,,0.9958,,,0.9885,,,0.9902,,,,0.9675,0.9814,,,0.9941,,,,,,,,,,,,-0.9537,,,0.9975,0.9981,,,,,,,0.9788,,,,,,,,0.9959,,,,,0.9486,0.9777,,,,,0.9918,,,0.9899,0.941,0.914,,,,,-0.9992,,,,,,,,,,,,,,,,,-0.686,,,,,0.9952,,,,0.9844,,,0.9968,,,,0.9964,,,0.9723,0.9908,,,,,,,,,,,,,,,,,,,0.9871,,,,0.9802,,,,,-0.7635,,,,,,,0.9955,,,0.948,,,1.0,,,-0.8288,0.994,,,,,,0.9927,,,,,,,0.9958,,0.9571,,,,,0.9866,,,,0.9428,,0.9864,,,,,,,,,,,,,,,,,0.9922,,,,,,0.9292,,,,,,,0.9889,,,,,0.9877,,,,,0.9997,0.9776,0.9936,,,,,1.0,0.9894,,,,
OKForSanders,47,,,,,,,,,,,,,,,,-0.998,,,,,,,0.9976,,,,,,,,,,,0.9371,,,,,,,,,,,,,,,,,,,-0.9982,,,,,,,,-0.9809,,,,,,,,,,,,,,,,,,,0.9972,,,,,,,-0.9983,,,,,,,,,,,,,-0.9973,0.9706,,,,,,,,,,,,,,,,,,,,,,,,,,,,,,,,,,,,,,,,,,,,,-0.9969,,,,,,-0.9976,,,,,,,,,,,,,,,,,,,,,,,,,,,,,,,,,,,,-0.9982,,,,,,1.0,,,,,,,,,,,,,,,,,,,,,,,,,,,,-0.9985,,,,-0.9984,,,,,,,,,,,,,,,,,,,,,0.9584,,,,,,,,,,,,,,,,,0.9995,,,,,,,0.9999,,,,,
OregonForBernie,48,,,,,,,,,,,,,,,,-0.9949,,,,,,,0.9932,,,,,,,,,,,0.9814,,,,,,0.9943,,,,,,,,,,,,,-0.9983,,,,,,,,-0.7323,,,,,,,,,,,,,,,,,,,0.9976,,,,,,,-0.9973,,,,,,,,,,,,,-0.9952,0.9604,,,,,,,,,,,,,,,,,,,,,,,,,,,,,,,,,,,,,,,,,,,0.1406,,-0.9979,,,,,,-0.9951,,,,,,,,,,,,,,,,,,,,,,,,,,,,,,,,,,,,-0.9974,,,,,,1.0,,,,,,,,,,,,,,,,,,,,,,,,,,,,-0.9967,,,,-0.9652,,,,,,,,,,,,,,,,,,,,,-0.9114,,,,,,,,,,,,,,,,,0.9998,,,,,,,1.0,,,,,
RealBlueMidterm,49,,,,,,,,,,,,,,,,,,,,,,,,,,,0.9994,,,0.9997,,,,-0.7976,,,,,,,,,,,,,,,,,,,,-0.9822,,,,,,,,,-0.496,,,,,,,,,,,,,,,,,,,,,,0.8401,,-0.7518,0.5639,,,0.9999,,,,,,,,,,,,,,,,,,,,,,,,,-0.7518,,,,,,,,,,,,,,,-0.9625,,-0.7518,,,,,,,,,,,,,,,,,,,,,,-0.9874,,0.9531,,,,,,,,,,,,,,,,,,,,,,,,,,,,,,0.9493,,,,,,,,,,,,,,,,,,,,,,,,,,,,,,,-0.7518,,,,,,,1.0,,,,,,,,,,,,,,,,,,,,,,,,,,,,,,,,,,,,,,,0.9994,,,,,,,1.0,,,,,
ColoradoForSanders,50,,,,,,,,,,,,,,,,,,,,,,,0.9952,,,,,,,,,,,,,,,,,0.9699,,,,,,,,,,,,,,,,,,,,,,,,,,,,,0.9889,,,,,,,,,,,0.9974,,,,,,,,,,,,,,,,,,,,,,,,,,,,,,,,,,,,,,,,,,,,,,,,,,,0.9995,,,,,,,,,,,,0.9965,,,,,,,,,,,,,,,,,,,,,,,,,,,,,,0.9983,,,,,,,,,,,,,,,,,0.9989,,,,1.0,,,,,,,,,,,,,0.9985,,,,,,,,,,,,,0.9988,,,,,,,,,,,,,,,,,,,0.9982,,,,,,,,,,,,,,,,,,,,,,0.9979,,,0.999,,,,,,,0.9999,,,,,
MurderedByAOC,51,,,,,,,,,,,,,,,,,,,,,,,0.9991,,,,,,,,,,,,,,,,,,,,,,,,,,,,,,,-0.9996,,,,,,,,,,,,,,,,,,,,,,,,,,,,,,,,,,,,,,,,,,,,,,,,,,,,,,,,,,,,,,,,,,,,,,,,,,,,,,,,,,,,,,,,,,,,,,,,,,,,,,,,,,0.9854,,,,,,,,,,,,,,,,,,,,,,,,,,,,,,,,,,,,,,,,,,,,,,,,,,,,,,,,,,,,,-0.7059,,,,,,,,,,,,,,,,,,,,,,,,,,,,,,,,,,,,,,,,,,,,,,,,,,-0.9987,,,,,
Enough_Sanders_Spam,52,,,,,,,,,,,,,,,,,,,,,,,,,0.9994,,,,,,,,,,,,,,,,,,,,,,,,,,,,,,,,,,,,,,,,,,,,,,,,,,,,,,,,,,,,,,,,,,,,,,,,,,,,,,,,,,,,,,,,,,,,,,,,,,,,,,,,,,,,,,,,,,,,,,,,,,,,,,,,,,0.8997,,,,,,,,,,,,,,,,,,,,,,,,,,,,,,,,,,,,,,,,,,,,,,,,,,,,,,,,,,,,,,,,,,,,,,,,,,,,,,,,,,,,,,,,,,,,,,,,,,,,,,,,,,,,,,,,,,,,-0.9999,,,,,
DemocraticSocialism,53,,,,,,,,,,,,,,,,,,,,,,,,,,,0.9948,,,,,,,,,,,,,,,,,,,,,,,,,,,,,,,,,,,,,,,,,,,,,,,,,,,,,-0.9961,,,,,,,,,,,,,,-0.9922,,,,,,,,,,,,,,,,,,,,,,,,1.0,,,,,,,,,,,,,,,,,,,,,,,,,,,,,,,,,,,,,,,,,,,,,,,,,,,,,,,,,,,,,,,,,,,,,,,,,,,,,,,,,,,,,,,,,,,,,,,,,,,,,,,,,,,,,,,,,,,,,,,,,,,,,,,,,,,,,,,,,,,,,,,,,,0.9941,,,,,,,-0.9999,,,,,
Political_Revolution,54,,,,,,,,,,,,,,,,,,,,,,,,,,,0.8914,,,,,-0.34,,,,,,,,,,,,,,,,,,,,0.9999,,,,,0.7468,,,,,,,,,,,,,,,,,,,,,,,0.9994,,,,,,,,0.9418,,,,,,,,,,,,,,,,,,,,,,,,,,,,,,,,,,,,,,,,,,,0.9041,,,,,,,,,,,,,,,,,,,,,,,,0.9843,,-0.8591,,,,,,,,,,,,,,,,,,,,,,,,,,,,,,,,,,,,,,,,,,,,,,-0.8481,,,,,,,,,,,,,0.9999,,,,,,,,,,,,,,,,,,,,,,,,,,,,0.6988,,0.9984,,,,,,,,,,,,,,,,,,0.9989,,0.6369,,,,,,,,,,
AOC,55,,,,,,,,,,,,,,,,,,,,,,,,,,,0.9992,,-1.0,,,,0.9958,,,,,,,,,,,,,,,,,,,,,,,,,,,,,,,,,,,,,,,,,,,,,,,,,,,,,,,,,,,,,,,,,,,,,,,,,,,,,,,,,,,,,,,,,,,,,,,,,,,,,,,,,,,,,,,,,,,-0.9959,,,,,,,,,,,,-0.9999,,,,,,,,,,,,,,,,,,,,,,,,,,,,,,,,,,-0.9966,,,,,,,,,,,,,,,,,,,,,,,,,,,,,,,,,,,,,,,,,,,,,,,,,,,,,,,,,,,,,,,,,,,,,,,,,,,,,-1.0,,,,,
OurPresident,56,,,,,,,,,,,,,,,,,,,,,,,,,,,,,,,,-0.8059,,,,,,,,,,,,,,,,,,,,,,,,,,,,,,,,,,,,,,,,,,,,,,,,,,,,,,,,,,,,,,,,,,,,,,,,,,,,,,,,,,,,,,,,,,,-1.0,,,,1.0,,,,0.9987,,,,,,,,,,,,,,,,,,,,,,,,,,,,,,,,,,,,,,,,,,,,,,,,,,,,0.9726,,,,,,,,,,,,,,,,,,,,,,,,,,,,,,,,,,,,,,,,,,,,,,,,,,,,,,,,,,,,,,,,,,,,,,,,,,,,,,,,,-0.9966,,,,,,,1.0,,,,,
enoughsandersspam,57,,,,,,,,,,,,,,,,,,,,,,,,,,,,,,,,,,,,,,,,,,,,,,,,,,,,,,,,,,,,,,,,,,,,,,,,,,,,,,,,,,,,,,,,,,,,,,,,,,,,,,,,,,,,,,,,,,,,,,,,,,,,,,,,,,,,,,,,,,,,,,,,,,,,,,,,,,,,,,,,,,,,,,,,,,,,,,,,,,,,,,,,,,,,,,,,,,,,,,,,,,,,,,,,,,,,,,,,,,,,,,,,,,,,,,,,,,,,,,,,,,,,,,,,,,,,,,,,,,,,,,,,0.9904,,,,,,,,,,,,
seculartalk,58,,,,,,,,,,,,,,,,,,,,,,,,,,,,,,,,,,,,,,,,,,,,,,,,,,,,,,,,,,,,,,,,,,,,,,,,,,,,,,,,,,,,,,,,,,,,,,,,,,,,,,,,,,,,,,,,,,,,,,,,,,,,,,,,,,,,,,,,,,,,,,,,,,,,,,,,,,,,,,,,,,,,,,,,,,,,,,,,,,,,,,,,,,,,,,,,,,,,,,,,,,,,,,,,,,,,,,,,,,,,,,,,,,,,,,,,,,,,,,,,,,,,,,,,,,,,,,,,,,,,,,,,,,,,,,,1.0,,,,,
