Index,Unnamed: 0,IAForSanders,Sunlight,CommunismWorldwide,republicans,GlobalNews,AZForSanders,worldpolitics_1,WikiLeaks,GlobalLockdown,notactuallyworldnews,Foodforthought,Bad_Cop_No_Donut,worldevents,jillstein,BDS,governmentoppression,NewsWithJingjing,Political_Revolution,FOXauto,whatsreallygoinon,rawuncutnewss,Sino,AlabamaForBernie,WeAreNotAsking,tucker_carlson,GAForSanders,whistleblower,altnewz,betternews,SanitySouthAfrica,TheBidenshitshow,InformedTankie,KYForSanders,SocialJusticeInAction,FreeSpeech,WesternTerrorism,DystopiaToday,HIForSanders,The_Alexandria,jimmydore,MTForSanders,libertarianmeme,IntelligenceNews,defaultgems,MDForSanders,AKForSanders,economy,MIForSanders,RIForSanders,israelexposed,stupidpol,LouderWithCrowder,internationalaffairs,islam,worldpoliticalhumour,CoronavirusCirclejerk,InCaseYouMissedIt,worldpolitics,Libertarian,LateStageCapitalism,NorthDakotaForSanders,NMForSanders,iranian,SDForSanders,OKForSanders,benshapiro,murican_newz,Snowflake_Meltdown,WayOfTheBern,Shitstatistssay,IDForSanders,freeworldnews,chomsky,SCForBernie,HillaryForPrison,NashvilleForSanders,FakeProgressives,LevantineWar,badgovnofreedom,DallasForSanders,tulsi,alltheleft,TheIntercept,conspiracyundone,TNForSanders,VAForSanders,ConsortiumNews,redscarepod,Palestine,INForSanders,MSForSanders,NHForSanders,TrueReddit,ALJAZEERAauto,MAForSanders,antiwar,SandersForPresident,DNCleaks,DescentIntoTyranny,Intercept,conservatives,MarchAgainstPompeo,InternationalLeft,OHForSanders,socialism,communism,NebraskaForSanders,NJForSanders,CTForSanders,evolutionReddit,Anarcho_Capitalism,NVForSanders,satire,DemocraticSocialism,NEWPOLITIC,minnesotaforsanders,lostgeneration,FreePolDiscussion,ConservativesOnly,FRANCE24auto,OregonForBernie,EndlessWar,thedonald,conspiracyfact,NewYorkForBernie,GenZedong,warcrimes,ILForSanders,LeftWithoutEdge,editorialcartoons,GoldandBlack,LateStageImperialism,DEForSanders,TimPool,WIsconsinForSanders,syriancivilwar,ProgressiveActivists,ABoringDystopia,MissouriForSanders,PuertoRicoforSanders,Conservative,COMPLETEANARCHY,venezuela,Kossacks_for_Sanders,OurPresident,Labour,antiwork,walkaway,NCForBernie,DCForBernie,FullNEWS,FLForSanders,ClassConscienceMemes,Republican,ARForSanders,BrasildoB,demsocialists,LockdownCriticalLeft,censorship,Anarchism,democraticparty,PoliticalCoverage,MEForSanders,worldpolitics2,UnderReportedNews,climatedisalarm,Wargasm,TXForSanders,NoFilterNews,autopunch,LAForSanders,occupywallstreet,dsa,news_etc,CAForSanders
WeAreNotAsking,0,,,,,,,,,,,,,,,,,,,,,,,,,,,,,,,,,,,,,,,-0.8126,,,,,,,,,,,,,,,,,,,,,,,,,,0.4215,,,,,,,,,,,,,,,,,,,,,,,,,,,0.4215,,,,,,,,,,,,0.4215,,,0.4215,,,-0.7383,,0.4215,,,,,,,,,0.4215,,,,0.4215,,,,,,,,,,,,,,,,,,,,,,,,,,,,,,,,,,,,,,,,,,,,,,,,,,
Whistleblowers,1,,,,,,,,0.9992,,,,-0.9966,,,,,,0.9761,,,,,,,,,-0.9136,-0.6722,,,,,,,0.9855,,0.6351,,,,,,0.6321,-0.962,,,0.9521,,,,,,,,,,0.264,-0.9987,-0.993,0.9983,,,,,,,,,-0.998,,,,,,0.9995,,,,,,,,-0.1383,,,,,,,,,,-0.9999,,,-0.9807,0.8336,1.0,-0.9988,,,,,,,,,,,0.9454,,,,,,,-0.9981,,,,,-0.961,,0.8231,,,,,,,,,,,,,,-0.9987,,,-0.9975,,,0.9976,,,,,,,,,,,,,,,-0.7113,0.9007,,,,,-0.7983,,,,,,,0.9395,,,
WesternTerrorism,2,,,-0.7469,,,,,,,,-0.9994,,,-0.9921,-0.8959,,-0.9999,-0.9985,,0.6712,,-0.9847,,-0.9687,,,,-0.9739,,,,,,,0.4025,,,,,-0.9994,,,-0.9789,,,,,,,-0.9914,,,-0.8674,-1.0,-0.9143,,,-1.0,-1.0,0.9968,,,-0.9837,,,,,,,,,0.5905,-0.9997,,-0.9904,,,-0.9936,,,-0.9911,0.9908,,0.9377,,,,,-0.997,,,,-1.0,,,,-0.9994,,,,,,-0.9985,,-1.0,0.9635,,,,-0.998,-0.9905,,,0.8855,,,,-0.9994,,,,,,,,,-0.9599,,-0.9915,,-0.9996,-0.9909,,,,,0.9636,,,,-0.9998,0.9992,-0.9386,-1.0,0.999,0.967,,,,,,,,0.8647,,-0.2498,0.9985,,,-1.0,0.9986,0.799,,-0.9798,,,0.9423,,,,,-0.9995,-0.4588,,
WomenForTrump,3,,,,-0.9612,,,,,,,,,,,,,,,0.0772,,,,,,,,,,,,,,,,,,,,,,,,,,,,,,,,,,,,,,,-0.9991,-0.9983,,,,,,,,,,,,,-0.9883,,,,,,,,,,,,,,,,,,,,,,,,,,,,,-0.9897,,,,,,,,,,,,,,,,,,,,,,0.8045,,,,,,,,,,,,,,,,,,-0.9999,,,,,,,,,,-0.9352,,,,,,,,,,,,,,,,,,,,,,,,
worldpolitics2,4,,,,,-0.0593,,,-0.9959,,,,0.8694,-0.9928,,-0.9814,-0.999,,-0.0772,,,0.8775,-1.0,,,,,,-0.9283,,,,0.9869,,,,,,,,,,,,,,,0.9062,,,-0.9971,-1.0,,,,,,,,-0.9989,0.9996,,,,,,,,,-0.9978,,,,-0.9973,,,,,,,,,,,,,,,,-0.9976,,,,,,,,,,,,,,,,-0.9998,,,,,-0.8534,,,,,,,,,,-0.0258,,-0.9998,,0.0,,,0.0788,,-0.9562,,,-0.8964,,,,,,,,,,,,,,,,,,,,,,,,,,,,,,,,,,,,,,,,,,,
World_Politics,5,,,,,,,,-0.9956,,,,,,,,,,,,,,0.9963,,,-0.9608,,,,,,0.9955,0.976,,-1.0,,,-0.335,,,0.9813,,,,,,,,,,-0.9997,0.9935,-0.9992,,,,-0.9992,,,-0.9999,,,,-0.9959,,,-0.9954,,,-0.9999,,,,-0.9929,,,,,,,,,,0.9959,,,,0.9105,-0.9981,-0.9818,,,,,,,,,,,,-0.9995,,,,-0.9987,,,,,-0.9005,-0.9971,,-0.5676,,-0.9916,,,,0.9948,,,,,,,,-0.9805,,-0.9302,,,0.9947,,-0.6402,,-0.9968,,,,,,,,-0.9956,,,,0.9968,,,,,,,,,,,,,,,,,,-0.5904,,,,,,,,,
whatsreallygoinon,6,,,,,,,,,0.9616,,,,,,,,,,,,,,,,,,,,,-0.6893,,,,-0.9993,,,,,,,,,,,,,,,,,,-0.999,,,,-0.9996,,,-1.0,,,,,,,,,,-0.9998,,,,,,,,,,,,,,,,,,,,,,,,,,,,,,,,-0.997,,,,,,,,,,,,,,-0.9594,,,,,,,,,,,,,,,,,,,,,,,,,,,,,,,,,,,,,,,0.9533,,,,-0.9978,,,,,,,,-0.9553,,,,,,,,,
worldpolitics,7,,,,,,,,,,-0.9999,,,,,,,,,,,,,,,,,,,,,,,,,,,,,,,,-0.9655,,,,,,,,,,,,,,,,,,,,,,,,,,-0.9998,-0.9993,0.9999,,,,,,,,,,,,,,,,,,,,,,,,,,,,,,,,,,,,,,,,,-0.9997,,,0.9577,,,,,,,,,,,,,,,,,,,,,,,,,,,,,,,,,,,,,,,,,,,,,,,,,,,,,,,-1.0,,,,,,
WorkersStrikeBack,8,,,,,,,,,,,,,,,,,,,,,,,,,,,,,,,,,,,,,,,,,,,,,,,,,,,,,,,,,,,,0.9998,,,,,,,,,,,,,,,,,,,,,,,,,,,,,,,,,,,,,,,,,,,,,,,,,,,,,,,,,,,,,,,,,,,,,,,,,,,,,,,,,,,,,,,-1.0,,,,,,0.9907,,,,,,,,,,,,,,,,,,,,,,
