Index,Unnamed: 0,policeuk,laptops,COVID19ORIGINS,WikipediaFeatured,Canadian_News,TIL_Uncensored,canada,China,Crops,Africa,Positive_News,Communalists,EnvironmentalNews,MMCivics,hrvatska,GMONews,WorldNews_Serious,environment,AntiMonsanto,CanadaPolitics,childfree,EcoNewsNetwork,AutoNewspaper,NewsOfTheUK,NewsHub,Cascadia,scandinavia,knowyourshit,CoronavirusUK,feminisms,television,conspiracy_commons,The_Farage,GMOinfo,Feminism,TheNativeDissident,prochoice,sustainability,Covid19Australia,prisons,ConservativeKiwi,YYC_Calgary,bookdownloads,bioscience,Uyghur,ClimateChaos,cash_for_votes,EUnews,climate,CanadaCoronavirus,CBSauto,China_Debate,FreeTheUyghurs,framework,selfreliance,Sustainable,singapore,DebateVaccines,women,TheColorIsBlue,wikipediaafdwatch,ukeducation,sciences,nCoV,ADVChina,WomenInNews,COVID19,veganuk,anime_titties,FauciForPrison,radiOrbit,littlenews,myfavoritemurder,ExCons,CoronavirusDownunder,vegan,climateskeptics,borntoday,DamnInteresting,GMOcancer,BretWeinstein,WorldCulture,LockdownSkepticism,fucktheccp,EvolveSustain,organic,ontario,worldanarchism,RedditSample,globalworldnews,FreedomConvoy2022,IntlScholars,xrmed,CCP_virus,farming,Brazil,portugueses,ZeroWaste,RedditDayOf,ChurchOfCOVID,Winnipeg,CreepyWikipedia,contamination,WikipediaRandomness,INDEPENDENTauto,HydroHomies,10Provinces,OntarioNews,EverythingScience,Green_News,uknews,FightingFakeNews,toronto,todayilearned,CoronavirusFOS,OntarioCanada,REUTERSauto,prolife,Health,2XChromies,RIPtodayilearned,GUARDIANauto,science,GMOfaiL,energy,CelebrityBornToday,solarpunk,WitchesVsPatriarchy,glyphosate,AntiSci,TwoXChromosomes,TakeTheJab,russiawarinukraine,BBCauto,CoronavirusStraya,AnythingOntario,AusCOVID19,perestroika_pw_org,VixensofReddit,Futurology,Dicamba,CanadianConservative,onguardforthee,171771,quatria,ThisDayInHistory,human_rights,UKNewsByABot,ScienceUncensored,Atlanta,Coronavirus_Ireland,nature
UKNewsByABot,0,-0.9937,,,,,,,-0.9996,,,,,,,,,,-0.9999,,,,-0.9762,,,,,,,-0.9997,,1.0,,,,0.9943,,,,,,,,,,,,,0.9845,0.7695,,,,,,,,,0.9204,,,,0.0,,,,0.5782,,0.9327,-0.9998,,,,,,,-0.9984,,,0.9857,,,,-0.9998,,-0.8319,,,0.5574,0.0,,,,-0.8948,,,-0.9825,,,,,,,,,,,,,,0.3875,-0.2444,,,,,,,,0.9991,,,,-0.9999,,,,,,,,,,,,,,,-0.7236,,,,,,,,,,,,,,
mcX,1,,0.9971,,,,,,-0.9979,,,,,,,,,,-1.0,,,,-0.6161,,,,,,,,,,,,,,,,,,,,,,,,,,,0.9018,,,,,1.0,,,-0.9999,,,,,,,,,,,,,,,,,,,0.9983,,,,,,,,,,,,,,,,,-0.9299,,,,,0.9981,,,,,,,,,,,0.9993,,,,,1.0,,,,,-0.6117,,,,1.0,,,,-0.9786,,,,,,,,,,,,,,,,,,,,,,0.999,,,
ScienceUncensored,2,,,0.7506,,,,,-0.9999,,,,,,,-0.951,,,,,,,,0.8221,,,,,,-0.9962,,,0.994,,,,,,,0.9116,,0.9933,,,,,,,,0.9978,,,,,,,,,-0.9996,,-0.888,,,0.8011,0.8555,0.8342,,0.9998,,0.9579,0.9144,-0.8462,,,,-0.9987,0.9897,0.9962,,,,-0.6228,,-0.9996,,,,,,,,,,,,,,-0.9923,,,0.9746,,,,,,,,,1.0,,,0.8933,,,-0.9595,,,,-0.9987,,,,1.0,,0.9903,,,,,,,-0.9918,,,0.2732,,,,,,,,,-0.9815,,,,,,,0.9835,
wikipedia,3,,,,,,-0.9995,,,,,,,,,,,,,,,,,,,,,,,,,,,,,,,,,,,,,,,,,,,,,,,,,,,,,,,0.5106,,,,,,,,,,,,,,,,,,,,,,,,,,,,,,,,,,,,,,0.4135,,,-1.0,,0.9949,,,,,,,,,,,,,,,,,0.9904,,,,,,,,,,,,,,,,,,,,,,,,0.0,-0.7379,,,,,,
TheNativeDissident,4,,,,,0.9153,,,,,,,,,,,,,0.9975,,0.9999,,,,,,,,,,,,,,,,,,,,,,0.9799,0.0,,,,,,,1.0,,,,,0.9994,,,-0.9988,,,,,,,,,,,,,,,,,-0.9997,,-0.9968,,,,-0.8157,,-1.0,,,,-0.9997,,,,-0.9929,,,,,,,,,,0.9873,,,,,,,0.0,-0.9807,,,0.5263,-0.9998,,,-0.9997,,,,,,,1.0,,,,,,,,,,0.4871,,,0.0,,,,,,0.996,-0.9998,-0.8126,,,,,-0.9949,,,
GUARDIANauto,5,,,,,,,-0.9982,-0.9994,,,0.593,,,,,,,,,,,,,,,,,,0.9993,,,,,,,,,0.9888,,,,,,0.0,,,,,,,,,,,,,,,,,,,0.361,,,,,,-0.9997,,,-0.4767,,,,,,,,,,,,,,,,,,,,-0.9801,-0.8645,,,,,,,,,,,,,-0.4098,,,,,,,,,,,,,,,,,,,,,-0.9781,,,,,,,,,,,0.599,,,,,,,,,,,,,,
humanrights,6,,,,,,,,-1.0,,-0.9971,,,,,,,,0.1901,,,,,-0.4767,,,,,,,,,,,,,,,,,-0.9204,,,,,-0.9902,,,,,,,0.7256,-0.8427,,,,,,,,,,,,,,,,-0.9995,,,,,,,,,,,,,,,-0.9991,,,,,,,,,,-0.9987,,,,,,,,,,,,,,,,,,,,,,,,,,,,,,,,,,,,,-0.9986,,,,,,,,,,,,,,,,0.4019,,,,,
TheColorIsBlue,7,,,,,,,,-0.9998,,,,-0.9753,,,,,,,,,,0.9881,,-0.8126,-0.9926,0.9517,0.3736,,,,,,,,,,,,,,,,,,,-0.8949,,,-0.9767,,,,,,,,,,,,,,,,,,,,0.9977,,,,,,,,,,,,,,,,,,,-0.6808,-0.9716,,,,,,,,,,,,,,,,,,,,-0.9975,,0.9807,,,,,,,,,,,,0.9993,,,,,,,,,,,,,,,,,,,,,,,,,,,,,-0.9945
Monsanto,8,,,,,,,,,0.9317,,,,,,,0.5015,,,0.8796,,,-0.9552,0.9907,,,,,,,,,,,0.7003,,-0.9977,,,,,,,,-0.77,,,0.2732,,,,,,,,,-0.9995,,,,,,,,,,,,,,,,,,,,,,,,0.7184,,,,,,-0.9933,,,,,,,,,-0.9757,,,,,,,,-0.7798,,,,,,-0.7189,,,,,,,,,,0.7,,,,,-0.9639,,,,,0.6659,-0.9459,,,,,,,,,,,-0.9136,,,,,,,,-0.9989,,,
ThisCantBeHappening,9,,,,,,,,,,,,,,,,,,-0.9961,,,,,0.9897,,,,,,,,,,,,,,,,,,,,,,,,,,,,,,,,,,,,,-0.8885,,,,,,,,,,,,0.6553,,,,,,,,,,,,,,,,,,,,,,,,,,,,,,,,,,,,,,,,,,,,,,,,,,0.9821,,,,,,,,,,,,,,,,,,-1.0,,,,,,,,,,,,
TwoXChromosomes,10,,,,,,,,,,,,,,,,,,,,,-0.9983,,-0.9292,,,,,,,-0.9991,,,,,-0.9986,,-0.4865,,,,,,,,,,,,,,,,,,,,,,-0.9981,,,,,,,,,,,,,,-0.9982,,,,,,,,,,,,,,,,,,,,,,,,,,,,,,,,,,,,,,,,,1.0,,,,-0.9997,,0.0,,,,,,,,0.9959,,,,,,,,,,,,,,,,,,,,,,0.9803,,
INDEPENDENTauto,11,,,,,,,,,,,,,,,,,,,,,,-0.714,,,,,,,,,,,0.8627,,,,,,,,,,,,,,,,-0.9937,,,,,,,,,,,,,,,,,,,,,,,,,,,-0.8222,-0.9979,,,,,,,,,,,,-0.7959,,,,,,,,,,,,,,,,,,,,,,,,,,,,,,,,,,,,,,,,,,,,,,,,,,,,,,,,,,,,,,,
prisons,12,,,,,,,,,,,,,,,,,,,,,,,,,,,,,,,,,,,,,,,,,,,,,,,,,,,,,,,,,,,,,,,,,,,,,,,,,,-0.993,,,,,,,,,,,,,,,,,,,,,,,,,,,,,,,,,,,,,,,,,,,,,,,,0.25,,,,,,,,,-1.0,,,,,,,,,,,,,,,,,,,,,
