Index,Unnamed: 0,RealLifeConspiracy,AlternativeHealth,conspiracydocumentary,HumansAreMetal,ImagesOfCanada,ExposingConspiracy,WikipediaFeatured,Canadian_News,AllergyToNews,ShittyTodayILearned,TIL_Uncensored,occult,theories,alberta,CDNNEWS,History_Mysteries,HailCorporate,starseeds,ThisBlewMyMind,AnomaliesUnleashed,Judaism,UNAgenda21,extraterrestrials,Unexplained,TargetedEnergyWeapons,vancouver,chaoticgood,CanadaPolitics,alien,FringeTheory,funfacts,ExposeTheCult,Catholicism,CBC2,knowyourshit,AliensAndUFOs,UnexplainedPhenomena7,UFObelievers,conspiracy_commons,ottawa,britishcolumbia,holofractal,ndp,darkfacts,blowit,bigfoot,SBTcommunity,dontyouknowwhoiam,Echerdex,HighStrangeness,dominionofcanada,YYC_Calgary,CanadaBusiness,bookdownloads,BackToSchoolDeals,TheGreatDeception,CoronaVirusMontreal,cryptids,GrahamHancock,CanadaCoronavirus,MysteriousUniverse,bestOfReddit,ForteanResearch,DanLeBatardShow,UnbiasedCanada,RadioQuietZone,selfreliance,OccultConspiracy,TORONTOSTARauto,Insane_News,conspiracies,invisiblerainbow,AncientAliens,Zampano,wikipediaafdwatch,UF0,Calgary,Cryptozoology,mindblowing,censoredreality,LPOTL,AlternativeHistory,SupernaturalEncouners,banned4life,borntoday,UfoResearchTeam,LockdownSkepticism,likeus,NewOrleans,ontario,OVNIs,Humanoidencounters,archeologyworld,todayiread,DimensionJumping,Alien_Theory,FreedomConvoy2022,TinFoilHatPod,BizarreConspiracy,TheContacted,RedditDayOf,Winnipeg,CreepyWikipedia,Canada_Politics,CulturalLayer,WikipediaRandomness,uwaterloo,mildlycreepy,EducativeVideos,reptilians,theunexplained,TheDollop,fascinating,strange,OntarioNews,UFOs,MysteryMedia,Psychonaut,AncientTruehistory,FightingFakeNews,Documentaries,toronto,todayilearned,ShrugLyfeSyndicate,OntarioCanada,ImpressiveStuff,MBTItypings,UFOdocumentaries,RIPtodayilearned,neuronaut,alienbeings,FolkloreAndMythology,uncensorship,wikipedia,CelebrityBornToday,hockey,teachingresources,nonmurdermysteries,canadahousing,russiawarinukraine,GypsyRoad,AnythingOntario,interesting,ChannitTodayILearned,AGENDA21,CanadianConservative,onguardforthee,quatria,ThisDayInHistory,ancienthistory,wanttobelieve,OVNI,AlienEncounters,CosmicDisclosure,Ancientknowledge,10Provinces
classified,0,-0.88,,,,,-0.6486,,,,,-0.9445,0.952,-0.9382,,,0.0,,0.9222,0.8352,,,,0.9893,,,,,,-0.1306,,,-0.8074,,,,0.9931,-0.5859,0.959,-0.9871,,,,,,0.2942,0.9994,0.0,,0.0,1.0,,,,,,0.2694,,0.437,0.9784,,0.8601,,-0.8129,,,,,0.8334,,,0.6527,,-0.6074,,,0.9997,,0.9349,0.8883,,-0.9928,0.9987,0.5423,,,,,,,,,0.9999,0.7672,,,-0.8796,,-0.4871,0.0,-0.6948,,,,,-0.508,,,-0.9914,0.4238,0.0573,-0.9923,,-0.3102,-0.9744,,1.0,-0.7399,,-0.531,,,,,,,0.4676,,-0.5932,,,-0.7184,,,,,,0.5365,0.9997,,,0.0,,0.5292,,,,,,,0.4019,0.9928,,0.0,0.6848,0.0,
conspiracydocumentary,1,0.4767,,,,,0.6944,,,,,,,0.4404,,,,,,0.1505,,,,-0.6428,,,,,,0.6908,0.237,,,,,,0.6662,,,0.973,,,,,,-0.7145,,,,0.9349,-0.7452,,,,,,,,,-0.3701,,,,,,,,,,,,-0.7927,,-0.9869,,,,,,0.5859,,,0.9968,,,,,,,,,,,,,,0.9965,,,,0.0,,,,,,,,0.0,0.9718,,-0.3315,,,-0.4767,,,0.4445,,0.0,,-0.9999,,,,,,,-0.5411,,,,,,,,,,,,,,,0.0,,,,,,,,0.9755,,,,,
conspiracyhub,2,,-0.9977,,,,,,,,,,,,,,,,,,,,0.7717,,,,,,,,,,,,,,,,,-0.9978,,,,,,,,,,,,,,,,,,,,,,,,,,,,,,,,,,,,,,,,,,,,,,,,0.9997,,,,,,,,,,,,,,,,,,,,,,,,,,,,,,,,,-0.9998,,,-1.0,,,,,,,,,,,,,,,,,,,,,,,,,,,,,,,,,
edwardsnowden,3,,,-0.715,,,,,,,,,,,,,,,,,,,,,,,,,,,,,,,,,,,,-0.4667,,,,,,,,,,,,,,,,,,,,,,,,,,,,,,,,,,,,,,,,,,,,,,,,,,,,,,,,,,,,,,,,,,,,,,,,,,,,,,,,,,,,,,,,,,,,,,,,,,,,,,,,,,,,,,,,,,,,,
todayilearned,4,,,,0.6392,,,,,,0.2668,0.9997,,,,,,0.966,,,,0.9983,,,,,,0.8869,,,,-0.7055,,0.9915,,0.8524,,,,,,,,,0.9636,,,,0.99,,,,,,,0.8452,,,,,,,0.1838,,0.8597,,,,,,,,,,,,,,,,,-0.9788,,,,-0.3237,,,0.9959,-0.8182,,,,,0.3612,,,,,,,0.9937,,0.9956,,,,,,,,,0.9364,,,,,,,,,,,,,,,,,0.9955,,,,,0.9976,-0.9041,0.9998,,,,,,,,,,,,,0.0,,,,,,,
canada,5,,,,,0.9995,,,0.9894,,,,,,-0.9997,,,,,,,,,,,,0.9999,,1.0,,,,,,,,,,,,-0.9999,-0.9985,,0.9989,,,,,,,,0.9688,0.9911,0.9959,,,,0.9953,,,0.9999,,,,,-0.9402,,,,,,,,,,,,0.9997,,,,,,,,,,-1.0,,,-1.0,,,,,,,,,,,,0.9999,,-0.8976,,,0.9945,,,,,,,,,,,,,,,-0.9974,,,-0.9999,,,,,,,,,,,,,,-0.9959,,,-0.4767,,,,0.9751,,,,,,,,,,
wikipedia,6,,,,,,,,,,,-0.9995,,,,,,,,,,,,,,,,,,,,,,,,,,,,,,,,,,,,,,,,,,,,,,,,,,,,,,,,,,,,,,,,0.5106,,,,,,,,,,,,,,,,,,,,,,,,,,0.4135,,-1.0,,,0.9949,,,,,,,,,,,,,,,,,,,,,,,0.9904,,,,,,,,,,,,,,,,,,,0.0,-0.7379,,,,,,,
TheNativeDissident,7,,,,,,,,0.9153,,,,,,,,,,,,,,,,,,,,0.9999,,,,,,,,,,,,,,,,,,,,,,,,0.9799,,0.0,,,,,,1.0,,,,,,,0.9994,,,,,,,,,,,,,,,,,,,,-1.0,,,-0.9997,,,,,,,-0.9929,,,,,0.9873,,,,,,,,,,,,,0.0,,,,,0.5263,,-0.9998,,,-0.9996,,,,,,,,,,,,,,,0.4871,,0.0,,,,0.996,-0.9998,,,,,,,,,
DigitalCartel,8,,,,,,,,,,,,0.9983,,,,,,,,,,,,,-0.9961,,,,,,,,,,,,,,,,,0.997,,,,,,,,0.9993,,,,,,,,,,,,,,,,0.8738,,,,,,-0.9998,,,,,,,,,,,,,,,,,,,,,,,0.9983,,,,,,,,,,,,,,,,,,,,,,,1.0,,,,,-1.0,-0.5789,,,,,,0.6531,,,,-0.9996,,,,,,,,,,,,,,,,,,,,,,
conspiracy_commons,9,,,,,,,,,,,,,,,,,,,,,,,,,,,,,,,,,,,,,,,,,,,,,,,,,,,,,,,,,,,,,,,,,,,,,,,,,,,,,,,,0.9836,,,,0.9995,,,,,,,,,,,,,,,,,,,,,,,,,,,,,,,,,,,,,,,,,,,,,,,,,,,,,,,,,,,,,,,,,,,,,,,,
