Index,Unnamed: 0,MauLer,MKUltra,CIANews,RedditCensors,FOXauto,ConservativeMemes,TheTrumpZone,pussypassdenied,TheDonaldNews,politicswithoutctr,conservatives,RTauto,IowaConservative,NewsPlace,PuertoRico,milo,HorriblyDepressing,redacted,Cynicalbrit,TheRealJillStein,DNCleaks,LibertarianHumor,firstamendment,Snowflake_Meltdown,ExposingFakeNews,soccer,the_frauke,the_filtered_donald,PussyPass,megaph0ne,ConspiracyMemes,TopNews_USA,walkaway,CAVDEF,conspiracyundone,starcraft,Police_v_Video,HillaryForPrison,Paperballots,About_Liberals,td_uncensored,The_Redacted,TheBlogFeed,Drugs,media_criticism,HillaryMeltdown,ResponseToPresident,NoahGetTheBoat,TumblrInAction,copwatch,Defund_NPR_and_PBS,TheDonaldTrump2024,Mar_A_LagoMan,KotakuInAction,JFKresearcher,COents,seemeCSC,shills,TimPool,OneAmericaNews,socialistmeme,EndMassIncarceration,Wellthatsucks,Republican,NoFilterNews,TheWebOfSlime,googlecensorship,enoughpetersonspam,AnOldGruntNews,podcasts,WikiLeaksOrg,whistleblower,ClassicalLibertarians,PoliticalConspiracy,Project420,AskThe_Donald,SaltyArmy,The_Dickholster,TrumpCriticizesTrump,cannabis,Libernadian,EnoughShillerySpam,Cosmic_Disclosure,The_Donald_Discuss,freeworldnews,ShitLeftistsSay_,QualitySocialism,thingsforants,benshapiro,EnoughLibertarianSpam,FoxNewsPolitics,Marijuana,TruthLeaks,ConservativesOnly,DeepMoleIntelligence,Fox_Nation,FreeSpeech,TWTauto,SocialJusticeInAction,APKMirror,dirtbagcenter,tweetsfromtrump,MMJ,FreeKarma4U,cnn,UnderReportedNews,CoincidenceTheorist,RedditLint,blackflag,Prison,AnarchismOnline,WAEXauto,CIA_Operations_Study,Immigrants_in_America,theunBEARables,fragilecommunism,Capitalism,LeftistWatch,governmentoppression,meme2text,GetMotivated,Objectivism,RealDonaldTrump,Bearing,ColemanLuckCollection,NYPOSTauto,NoCauseForAlarm,YoutubeLimited,GolderandBlacker,BrasildeDireita,Bigly,Libertarian,Conservative,The_Donald_CA,roosterteeth,iamatotalpieceofshit,TheRightCantMeme,ConspiracyRight,anarchomemes,inthemorning,CrookedHillary,CountEveryVote,NEWPOLITIC,OnTheBlock,BlueStateShitholes,waronprohibition,RealWikiLeaks,republicans,LiberalRegressives,greece,OpenPoliticalForum,MyNewsGuru,FreshNewsToday,EverythingTrump,AntiComAction,leftwinger,LibertarianFreeState,Classical_Liberals,NewJerseyuncensored,TheNewRedScare,ProjectMonarch,AmericanGovernment,legalizeit,censorship,genuinenews,newstweetfeed,NewsOnReddit,MagaFirstNews,Patriot911,Lessig2016,BreitbartNews,PeopleBeingJerks,BidenIsNotMyPresident,RightSideNews,prisonabolition,CollegeRepublicans,brasilivre,RussiaBait,LateStageSocialism,freethetranscripts,m60,FullNEWS,slaterefugees,climatedisalarm,democracy,PictureDescribot,Bad_Cop_No_Donut,LatestUSANews,CBD,Gangstalking,WhereIsAssange,TheTwitterFeed,timetolegalize,trump,The_Ultimate,rage,ConspiracyNews,russia,LibertarianUncensored,Anarcho_Capitalism,LouderWithCrowder,altnewz,SubredditSimulator_SS,policebrutality,FreedomNewsPolitics,MensRights,noagenda,policestate,MAGA_MAGAZINE,cannabisreform,badgovnofreedom,unredacted,ClintonCrime,CA2NWO,PrisonStrike,defaultgems,OrangePeopleTwitter,GoldandBlack,anarchistpics,CapitalistParadise,FreePolDiscussion,chinesepolitics,TheLibertyLoft,FunnyAndHilarious,fuckthesepeople,libertarianmeme,Uncensored_Politics,GoGoJoJo,DeclineIntoCensorship,blairewhite,notactuallyworldnews,KamalaHatesAmerica,worldpolitics,MK_Ultra,metacanada,The_Congress,conservativecartoons,PNWConservatives,liberalism,WikileaksTaskForce,JordanPeterson,CartoonsEditorial,WatchRedditDie,TheBidenshitshow,Whistleblowers,trumptweets,EducatingLiberals,TheBlaze,CampusReform,ConspiracyPublic,Pennsylvania,TrumpsTweets,newhampshire,iamapieceofshit,ImagesOfUSA,conspiracywhatever,fuckthepolice,forfeiture,electionfraud,OperationGrabAss,UncensoredPolitics,WorldNewsRevenge,drugwar,Our_Politics,Sunlight,liberalstupidity,Kekwork,The_Donald_USA,ConservativeNewsWeb,LibertarianLeft,tucker_carlson,freeconservative,WomenForTrump,voluntarism,DescentIntoTyranny,VoluntaristMemes,eldertrees,freetalklive,AmericanMind,TheRecordCorrected,Conservatives_R_Us,Vaping,WikiLeaks,Frei_Donald,TheVideoFeed,TheNewsFeed,The_Chocker,DiamondClub,PoliticsAll,thedonald,zaboogafoomemes,progun,SwampDonkeez,jsplayground,OREGONIANauto,wildlyinfuriating,iDrainTheSwamp,NROauto,BidenBuzz
censorship,0,-0.9975,,,,,,,,,,0.9495,,,,,,,,,,,,0.9596,,,,,,,,,,,,,,,,,,,,,,,,,,,,,,,-1.0,,,,,,,,,,,,-0.1734,0.7885,,,,,,,,,,,,,,,,,,-0.9779,,,,,,,,,-0.9759,,,,,,,,,,,,,,,,,,,,,,,,,,,,,,,,,,-0.8305,,,,-1.0,-0.9979,,,,,,,,,,,,,,,,,,,,,,,,-0.9903,,,,,,,,,,,,,,,,,,,,,,,,,,,,,,-0.9994,,,,,,,,,,,,,0.9988,-0.797,,,,,0.9852,,,,,,,,,,,,0.9923,,,,,,,,,,,-0.9471,,,,-0.9999,,-0.9948,,,,,,0.9968,,-1.0,,,,,,,,,,,,,,,,,,,,,,,,,,,,0.9217,,,,,,,,,,,,,,,-0.7385,,,,,,,,,,,,,
CIANews,1,,0.9007,,,0.4215,,,,,,,,,,,,,,,,,,,,,,,,,,,,,,,,,,,,,,,,,,,,,,,,,,,,,,,,,,,0.933,,,,,,,,,,,,,,,,,,,,,-0.9625,,,,,,,,,,,,,,,,,,,,,,,,,,,,,,,,,,0.9905,,,,,,,,,,,,,-0.9992,-0.9868,,,,,,,,,,,,,,,,,,,,0.2023,,,,,,,,,,,,,,,,,,,,,,,,,,,,,,,,,,,,,-0.9719,,,,,,,,,,,,-0.7941,,,-0.802,,,,,,-0.9805,,,,,,,,,,,,,,,,,,,,,,-0.9995,,,,,,,,,,,,,,,,,,,,,,,,,,,,,,,,-0.3612,,,,,,,,,,-0.99,,,,,,,,-0.9998,,,,,,,,,,,,,,,,
conspiracyundone,2,,,,,,,,,,,-1.0,,,-0.5207,,,,-0.9201,,,,,,,,,,,,,,,0.9972,,,,,-0.9975,,,,,,,,,,,,,,0.9988,,,,,,,-0.998,,,,,-0.9986,,,,,,,,,,,,,,,,,,,,,-0.9821,,,,-0.9982,,,,,,,,,,,,,,,,,,,0.9731,,,,,,,,,0.986,,0.8601,,,,,,,,,,,,,-1.0,-1.0,,,,,,,,,,-0.9651,,,,,0.6593,,,,,,,,,,-0.9958,,,,,,,,,,,,,,,,,,0.8122,,,,,,,,,,,,,,,,,,0.9985,,,,,,0.9963,-0.9997,-0.4247,,,,,,,,,0.3182,,,,,,,,,,,,,,,,,,,,,,,,-0.9999,,,,0.9833,,0.9981,,,,,,0.996,,,-0.991,,,,,,,,,,,,,,,,,,,,,-0.9997,,,,-0.9898,,,,,,,,,,,,,,,,,,,,,,,,0.9924
WatchRedditDie,3,,,,-0.995,,,,,,,,,,,,,,,,,,,,,,,,,,,,,,,,,,,,,,,,,,,,,,,,,,,,,,,,,,,,,,,,,,,,,,,,,,,,,,,,,,,,,,,,,,,,,,,,,,,,,,,,,,,,,,,,,,,,,,,,,,,,,,,,-0.9956,-0.9969,,,,,,,,,,,,,,,,,,,,,,,,,,,,,,,,,,,,,,,,,,,,,,,,,,,,,,,,,,,,,,,,,,,,,,,,,,,,,,,,,,,,,,,,,,,,,,,,-0.9999,,,,,,,,,,,,,,,,,,,,,,,,,,,,,,,,,,,,,,,,,,,,,,,,,,,,,,,,,,,,,,,,,,,,,,
badgovnofreedom,4,,,,,,,,,,,-0.9987,,0.9505,,,,,,,,,,,,,,,,,,,,,,,,-0.9748,,,,,,,,,,,,,-0.9627,,,,,,,,,,,,,,-0.9976,,,,,,,,,,,,,,,,,,,,,,,,,,,,,,,,,-0.9987,,,,,,,,,-0.9469,,,,,,,,,,,,,,,,-0.8696,,,,,,,,,,,-1.0,,,,,,,0.9178,,,,,,,,,,,,,,,,,,,,,,,,,,,,,,,,,,,,,,,,,,,,,,,,,,,,,,,,-0.9999,,,,-0.9992,,,,,,-1.0,,,,,,,,,,,,-0.9993,,,-0.9926,-0.791,,,,,,,,,,,-0.9999,,,,,,,,0.9923,,,,,,,,,,,,,,,,,,,,,,,,,,,,,,,,,,-0.9999,,,,,,,,,,,,,,,,,,,,,,,,
Conservative,5,,,,,0.5994,0.9731,,,,,,,,,,,,,,,,,,,,,,,,,,,-0.9953,,,,,-0.9993,,,,,,,,,,,,,,,,,,,,,0.9501,,,,,,,,,,,,,,,,,0.985,,,,,,,,,,,,,-0.9846,,,,,0.9974,,,,,-0.983,,,,,,,,,,,,,,,,,,,,,,,,,,,,0.5834,,,,,,,,,,-0.9301,,,,,,-0.9987,,,,,0.8152,,,,,,,,,,,0.9821,,,,,,,,,,,,,,,,,,-0.9978,,,,,,,-0.8679,,,,,,,,,,-0.9994,,,,,,-0.991,-0.6665,,,,,-0.9989,,,,,,,,,,,,,,,,,,,,,,,,,,,,,,,-0.9972,0.981,,,,,,0.9667,,,,-0.5889,,,,,,,,,,,,,,,,,,,,,,,-0.7539,,,,,,,,,,,,,,,,,,,,,,,,,,,,
conservatives,6,,,,,,0.9242,-0.9991,,,,,,,,,,,,,,,,,,,,,,,,,,0.9992,,,,,,,,,,,,,,,,,,,0.9843,,,,,,,,,,,,,,,,,,,,,,,,-0.9998,,,,,,,,,,,,,-0.9999,,,,,,,,,,-0.9998,,,,,,,,,,,,,,,,,,,,,,,,,,,,,,,,,,,,,,,,,,,,-0.9993,,,,,0.923,,,,,,,,,0.9667,,,,,,,,,,,,,,,,-0.9892,,,,,,,,,,,,,,,,,,,,,-0.9981,,,,,-0.9997,-0.9998,-1.0,,,,,,,,,,,,,,,,,,,,,,,,,,,,,,,,,,,,,,,,-1.0,,,0.9601,,,,,,0.7871,,,,,,,,,,,,,,,,,,,,,-0.9993,,,,,,,,,,,,,,,,0.7357,,,,,,-0.9922,,,,,,
DNCleaks,7,,,,,-0.4497,,,,,,-0.9946,,,,,,,,,0.9085,,,,,,,,,,,,,,,0.9334,,,,,,,0.9871,,,,,,,,,,,,-0.9993,,,,,,,,,,0.9991,,,,,,,,,,,,,,,,,,,,,-0.7577,,,,,,,,-0.7994,-0.2319,0.9517,,0.9966,,,,,,,,,-0.9896,-0.8642,,0.2153,,,,,,,,,,0.0,,,,,,,,,,,,,-0.9941,-0.9998,,,,,,,,,,,,,,0.296,,,,,,,,,,,,,,,,,,,,,,,,,,,,,,,,,,,,,,,,,,,,-0.9997,,,,,,0.8875,,,0.9875,,0.9738,,,,,,,,,,,0.0,,,,,-0.9996,,,,,,,,,,,,,,,,,0.9934,,,,,0.7717,,,,,,,,,,,,,,,,,,,-0.7791,,,,,,,,,,,,-0.8751,,-0.3371,,0.9739,,,,,,,,,,,,,,,,,,,,,,,,
freeworldnews,8,,,,,,,,,,,,,,,,,,,,,,,,,,,,,,,,,,,,,,,,,,,,,,,,,,,,,,,,,,,,,,,,0.9902,,,,,,,,,,,,,,,,,,,,,,,,,,,,,,,,,,,,,,,,,,,,,,,,,,,,,,,,,,,,,,,,,,,,,,,,,,,,,,,-0.9671,,,,,,,,,,,,,,,,,,,,,,,,,,,,,,,,,,,,,,,,,,,,,,,,,,,0.9822,,,,,,,,,,,,,,,,,,,,,,,,,,,,,,,,,,,,,,,,,,,,,,,,,,,,,,,,,,,,,,,,,,,,,,,,,,,,,,,,,,,,,,,,,,,,,,,,,,,,,,,,,
HillaryForPrison,9,,,,,-0.7506,,,,,,-0.9922,,,,,,,,,,,,,,,,,,,,,,,,,,,,,,,0.9717,,,,-0.5018,,,,,,,,,,,,,,,,,,0.9993,,,,,,,,,,,,,,,,,,,,,-0.5976,,,,,,,,,-0.4184,,,,,,,,,,,,,,,,,,,,,,,,,,,,,,,,,,,,,0.5381,-0.9998,,,,,,,,,,,,,,,,,,,,,,,,,,,,,,,,,,,0.3832,,,,,,,,,,,,,,,,,,,,,,,,,,,,,,,,,-0.9997,,,,,,,,,,,,,,,,,,,,,-0.9987,,,,,,,,,,,,,,,,,,,,,,,,,,,,,,,,,,0.9474,,,,,,,,,,,,,,,,,,,,,,,,,-0.9976,,,0.9995,,,,,,,,,,,,,,,0.8271,
media_criticism,10,,,,,0.4767,,,,,,-0.9993,,,,,,,-0.6277,,,,,,,,,,,,,,,0.9971,,,,,-0.9928,,,,,,,,,,,,,,,,-1.0,,,,,,,,,,0.9848,,,,,,,,,,,,,,,,,,,,,0.9784,,,,,,,,,0.9689,,,0.9992,,0.9389,,,,,,-0.9945,,,,,,,,,,,,,,0.296,,,,,,,,,,,,,-0.9999,-1.0,,,,,,,,,,0.9845,,,,,,,,,,,,,,,,,0.9371,,,,-0.9848,,,,,,,,,,,,,,0.909,,,,,,,,,,,,,,,,0.9908,,,,,,-0.9994,,-0.998,,,,-0.9999,,,,,0.4201,,,,,,,-0.9998,,,,,,,,,,,,,,,,,0.8475,,,,,,0.9988,,,,,,,,,,,,,,,,,,,,,,,,,,,,,,,,,,-0.688,,,,,,,,,,,0.7281,,,0.9929,,,,,,,,,,
NoFilterNews,11,,,,,-0.4939,,,,,,-0.9999,,,-0.9977,,,,,,,,,,0.0,,,,,,,,,-0.9859,,,,,,,,,,,,,,,,,,,,,,,,,,,,,,,0.9958,,,,,,,,,,,,,,,,,,,,,-0.9995,,,,,,,,,-0.4868,,,0.9954,,,,,,,,,,,,,,,,,,,,,,,,,,,,,,,,,,,,,,,,,,,,,,,,,,,,,,,,,,,,,,,,,,,,,,,,,,,,,,,,,,,,,,,,,,-0.9999,,,,,,,,,,,,,-0.9997,0.6169,0.7226,,,,-0.9994,,,-0.9766,,,,,,,,,0.9645,,,,,,,,,,,,,,,,,-0.9928,,,,,,-0.9977,,,,,,-0.9995,,,,,,,,,0.0,,,,,,,,,,,,,,,,,,,,,,,,,-0.9418,,,,,,,,,-0.9956,,,,,,,,,
PoliticsAll,12,,,,,0.8225,,,,,0.6616,-0.702,,,,,0.4046,,,,,,,,,,,,,,,,,,,,,,-1.0,-0.5574,,,0.997,,,,,,,,,,,,-0.9998,,,,,,,,,,0.8093,,,,,,,,,,,,,,,,,,,,,-0.9397,,,,,,,,,0.0,,,,,,,,,,,,,,,-0.57,,,,,,,,,,,,,,,,,,,,,,,-0.9292,-0.9999,,,,,,,,,,,,,,0.0926,,,,,,,,,,,,,,,,,,,,,,,,,,,,,,,,,,,,,,,,-0.9977,,,,0.9988,,,,,,,,,0.9791,,0.8566,,,,-0.9949,,,,,,,,,,,,0.8663,,,,,,,,,,,,,,,-0.9888,,-0.9984,,,,,,,,,,,,,,,,,,,,,0.0,,,,,,,,,,,,,,,,,,,,,,-0.5965,,,,,,,,,,,,-0.2391,,,,,,,,,
redacted,13,,,,,,,,,,,-0.9996,,,,,,,,,,,,,,-0.5106,,,,,,,,-0.9991,,,,,-0.9998,,,,,,,,,,,,,,,,,,,,,,,,,,0.6143,,,,,,,,,,,,,,,,,,,,0.9923,0.6689,,,,,,-0.8979,,,-0.8266,,-0.8316,,,,,,,,,,,,,,,,,,,,,,,,,,,,,,,,,,,,-0.9999,-1.0,,,,,,,,,,-0.9981,,,,,,,,,,,,,,,,,,,,,,,,,,,,,,,,,,0.9979,,,,,,,,,,,,,,,,,0.9959,,,,,,-0.999,-0.9965,,,,,,,,,,,-0.8126,,,,,,,,,0.976,,,,,,,,,,,,-0.9999,,-0.9621,,,,,,-1.0,,,,,,0.5907,,,,,,,,0.9357,,,,,,,,,,,-0.9898,,,,,-0.9999,,-0.8284,,,,,,,,,,,,,,,,,,,,,,,,,,
Republican,14,,,,,,,-0.9996,,,,-0.9999,,,-0.6908,,,,,,,,,,,,,,,,,,,-0.9997,,,,,,,,,,,,,,,,,,,,,,,,,,,,,,,,,,,,,,,,,,,,,,,,,,,,,,,,,,,,,,,,,,0.9833,,,,,,,,,,,,,,,,,,,,,,,,,,,,,,,,,,,,,,-0.9989,,,,,,-0.9993,,,,,-0.9603,,,,,,,,,-0.9775,,,,,,,,,,,,,,,,,,,,,,,,,,,,,,,,,,,,,0.9986,,,,,,-0.7454,-0.9994,,,,,,,,,,,,,,,,,,,,,,,,,,,,,,,,-0.9964,,-0.9999,,-0.8766,,,,,,,,,,-0.9964,,,,,,,,,,,,,,,,,,,,,,0.0,,-0.9999,,,,,,,,,,,,,,,,,,,,,,,,,,,,
TheNewsFeed,15,,,,,,,-0.9965,,,,,,,,,,,,,,,,,,,,,,,,,,-0.9895,,,,,,,,,,,,,,,,,,,,,-1.0,,,,,,0.6996,,,,,0.9967,,,,,,,,,,,,,,,,,,,,,,,,,,,,,,,,,,-0.9948,,,,,,,,,,,,,,,,-0.4822,,,,,,,,,,,,,,,,,,,,,,,,,,,,-0.9974,,,,,0.9574,,,,,,,,,-0.979,,,0.9525,,,,,,,,-0.6693,,,0.0,,,,,,-0.8845,,,,,,-0.7376,,,,-1.0,,,,,,,0.9713,,,,,-0.9385,0.3938,-0.9962,,,,0.9531,-0.985,,,-0.9945,,,,,,,,,,,,0.8265,,,,,,,,,,,-0.233,-1.0,,-0.8282,,,,,,-0.9995,,,,,,-0.6532,-0.0772,-0.9601,,,,,,,,,,,,,,,,,,,,,,0.997,,,,,,,,,,,,,,,,0.8134,,,-0.9935,,,,,,,,,
The_Dickholster,16,,,,,-0.9397,,,,-0.9942,,-0.9784,,,,,,,,,,,,,,,,,,,,,,,,,,,,,,,,-0.9923,,,,-0.8818,,,,,,,,,,,,,,,,,-0.9886,0.9638,,,,,,,,,,,,,,-0.999,,,,,,-0.9995,,,,,,,,-0.9848,0.9601,,,,,,,,,,,,,-0.9629,,,,,,,,,,,,,,,,,,,,,,,,,-0.9999,,,,,,-0.4362,,,,,,,,,,,,,,,,,,,,,,,,,,,,,,,,,0.0,,,,,,,,,,,,,,,,,,,,,,,-0.5016,,,,,,-0.9903,,,,,,,,,,,0.6369,,,,,,,,,0.0,-0.9568,,,,,,0.6369,,,,,,0.999,,-0.9978,0.9926,-0.9923,,,,,0.0,,,,0.9915,,,,,,-0.5574,,,0.927,,,,,,0.6369,,,,,,,,,,,,,,,,,,,,,,,,,,,,,,,,,,,,,,
The_Donald_Discuss,17,,,,,-0.9486,,,,-0.3485,,-0.9992,,,,,,,,,,,,,,,,-0.9367,0.9192,,,,,,,-0.9933,,,,,,,,,,,,0.9141,,,,,,,,,,,,,,,,,0.9856,,,,,,,,,,,,,,,,,,,,,-0.9933,,,,,,,,-0.9877,0.743,,,,,,,,0.0,,,,,0.5191,,-0.9018,,,,,,,,,,,0.4095,,,-0.7579,,,,,,,,,,,,,,,,,,,,,,,,,,,,,,,,,,,,,,,,,,,,,,,,,,,,,,,,,,,,,,,,,,,,-0.9987,0.0,,,,,-0.4561,,,-0.9998,,,0.9913,,,-0.9999,,,,,,,,,,,,,,,,,,,,,,,,,,,-0.9986,,-0.9995,,,,,,0.9936,0.0,,,,,,,,,,0.7414,,,0.9737,,,,,,,0.0644,,,,,,,,,-0.9885,,,,,,,,,,,,0.9812,,,,,,,,,,,,,,,,
Conservatives_R_Us,18,,,,,,,-0.9997,,,,,,,,,,,,,,,,,,,,,,,,,,-0.9982,,,,,,,,,,,,,-0.9058,,,,,0.9554,,,,,,,,0.573,,,,,-0.9997,,,,,,,,,,,,,,,,,,,,,-0.3551,,,,-0.9979,,,,,0.9556,,,,,-0.9932,,,,,,,,,,,,,,,,,,,,,,,,,,,,,,,,,-0.9973,,,,,,,,,,0.168,-0.8412,,,,,0.9992,,,,,,,,,,,,,,,,,,,,,,,,,-0.9979,,,-0.0258,,,,,,,,,,,,,,,,,,0.9982,,,,,,-0.9997,-0.9985,,,,,-0.9999,,,,,,,,0.0,,,,,,,-0.1882,,,,,,,,,,,,-0.9982,,,,,,,,,,,0.9972,,,,,,,,,,,,,,,,,,,,,,,,,0.0,,-0.525,,,,,,,,,,,,,,,,,,,,,-0.9998,,,,,,,0.9708
freetalklive,19,,,,,,,,,,,-0.9774,,,,,,,,,,,,,,,,,,,,,,,,,,,,,,,,,-1.0,,,,,,0.9807,,,,,,,,,,,,,,0.9946,,,,,,,,,,,,,,,,,,,,,,,,,,-0.9974,,0.9853,,,,,,,,,,,,,,,,,,,,,,,,,,,,,,0.3516,,,,,,,,,,-1.0,-0.999,,,,,,,,,,,,,,,,,,,,,,,,,,,,,,,,,,,,,,,,,,,,,,,,,,,,,,-1.0,,,,,,,,,-1.0,,,,-0.9999,,,,,,-0.9999,,,,,,,,,,,,-0.9999,,,,,,,,,,,,,,,-0.9999,,,,,,,,,,,,,,,,,,,,0.9997,,,,,,,,,,,,,,,,,,,,,,,,,,,,-0.9306,,-0.979,,,,,,,,,-0.9984,,,,,,,
GoldandBlack,20,,,,,-0.9755,,,,,,,,,,,,,,,,,,,,,0.9996,,,,,,,0.9698,,,,,,,,,,,,,,,,,,,,,,,,,,,,,,,0.9997,,,,,,,,,,,,,,,,,,,,,,,,,,,,,,0.9947,,,,0.9992,0.9941,,,,,,,,,,,,,-0.9985,,,,,,,,,,,,,,0.9969,,,-1.0,,,,,,,,,,,,,,0.9799,,,,,,,,,,,,,,,,,,,,,,,,,,,,,,,,,,0.9947,,,,0.9989,,,-1.0,,,,,,,,,,,,,,,,-1.0,-0.999,,,,,,,,,,,,,,,,,,,,,,,,,-0.9999,,0.9998,,,,,,,,,,,,,,,,,,,,,,,,,,,,,,,,,,,,,,,,,,,,,,,,,,,,,,,,,,,,,,,0.9623,,,,,,,,
Our_Politics,21,,,,,-0.8074,,,,,,-0.9995,,,,,,,,,,,,,,,,,,,,,,-0.9997,,0.7317,,,0.9888,,,0.8732,0.9931,,,,,,,,,,,,-0.9999,,,,,,,,,,0.9953,-0.3939,,,,,,,,,,,,,,,,,,,,0.6597,,,,,,,,,-0.6116,,,,,,,,,,,,,,,,,,,,,,,,,,,,,,,,,,,,,,-0.9998,-0.9999,,,,,,,,,,,,,,,0.8053,,,,,,,,,,,,,,,,,,,,,,,,,,,,,,,,,,,,,,,,,,,,,,-0.9995,,,,,,-0.984,-0.9998,0.7859,,,,,,,,,0.0,,,,,,,,,,0.9805,,,,,,,,,,,,-1.0,,-0.9997,,,,,,,,,,,,-0.8557,,,0.9252,,,,,,,,,,,,,,,,-0.9963,,,,,,,0.985,,0.9354,,,,,,-0.3182,,,,,0.9062,,,,0.8711,,,,,,,,,
thomasjefferson,22,,,,,,,,,,,-0.8855,,,,,,,,,,,,,,,,,,,,,,,,,,,,,,,,,,,,,,,,,,,-0.9999,,,,,,,,,,0.9991,,,,,,,,,,,,,,,,,,,,,-0.9944,,,,,,,,,-0.7029,,-0.9327,,,,,,,,,,,,,,,,,,,,,,,,,,,,,,,,,,,,,-1.0,,,,,,,,,,,,,,,,,,,,,,,,0.676,,,,,,,,,,,,,,,,,,,,,,,,,,,,,,-1.0,,,,,,,0.9814,,,,,,-0.9991,-0.9889,-0.8117,,,,-0.9997,,,,,,,,,,,,-1.0,,,,,,,,,,,,,,,-0.9999,,-0.9979,,,,,,0.9855,,-0.9999,,,,,,,,,,,,,,,,,,,,,,,,,,,,,,,,,,,,,,,,,,,0.9607,,,,,,-0.9994,,,,,,,
WomenForTrump,23,,,,,0.0772,,,,,,-0.988,,,,,,,,,,,,,,,,,,,,,,,,,,,,,,,,,,,,,,,,,,,,,,,,,,,,,,,,,,,,,,,,,,,,,,,,,,-0.9883,,,,,,,,,,,,,,,,,,,,,,,,,,,,,,,,,,,,,,,,,,,,,,,-0.9983,-0.9999,,,,,,,,,,,,,,,-0.9612,,,,,,,,,,,,,,,,,,,,,,,,,,,,,,,,,,-0.9352,,,,,,,,,,,,,,,,,,,,,,,,,,,,,,,,,,,,,,,,,,,,,,,,,,,-0.9991,,,,,,,,,,,,,,,,,,,,,,,,,,,,,,,,,,,,,,,,,,,,,,,,,,,,,,,,,0.8045,,,,,,,,,
CoincidenceTheorist,24,,,,,,0.0,,,,,,,,0.9366,,,,,,,,,,,,,,,,,,,,,,,,,,,,,,,,,,,,,,,,,,,,,0.9694,,,,,,,,,,,,,,,,,,,,,,,,,,-0.9907,,,,-0.9998,,,,,-0.9969,,,,,-0.9997,,,,,,,,,,,,,,,,,,,-0.9218,,,,,,,,,,,,,,-0.9984,-1.0,0.6954,,,-0.9959,,,,,,-0.9939,,,,,0.999,,,,,,,,,,,,,,,,,,,,,,,,,,,,-0.9921,,,,,,,,,,,,,,,,,,-0.9998,,,,,,-0.9998,-0.9999,,,,,,,,,,,,,,,,,-0.9947,,,,,,,,,,,,,,,-1.0,,-1.0,,0.9039,,0.9833,,-0.9735,,,,,,0.9827,,,-0.9978,,,,,,,,,,,,,,,,-0.9996,,,,,-0.9979,,,,,-0.9961,,,,,,,,,,,,,,,,,,,,,,,
ConservativesOnly,25,,,,,,-0.9947,0.7223,,,,,,,,,,,,,,,,,,,,,,,,,,0.9312,,,,,,,,,,,,,,,,,,,,,,,,,,,,,,,,,,,,,,,,,,,,,,,,,,,,,,,,,,,,,,,,,,-0.9997,,,,,,,,,,,,,,,,,,,,,,,,,,,-0.1779,,,,,,,,,,,,,,,,,-0.9921,,,,,0.9871,,,,,,,,,,,-0.9992,,,,,,,,,,,,,,,,,,,,,,,,,0.9754,,,,,,,,,,,,,,,,,,,,,,,,,,,,,,,,,,,,,,,-0.9675,,,,,,,,,-0.1779,,,,,,,,,,,,,,,,,,,,,,,,,,,,,,,,,,,,,,,,,,,,,,,,,,,,,,,,,,,,,,,,,,,
LouderWithCrowder,26,,,,,,-0.9294,,,,,,,,,,,,,,,,,,,,,,,,,,,,,,,,,,,,,,,,,,,,,,,,,,,,,,,,,,,,,,,,,,,,,,,,,,,,,,,,,,,,,,,,,,,,,,,,,,,,,,,,,,,,,,,,,,,,,,,,,,,,,,,,,,,,,,,,,,,,,,,,,,,,,,,,,,,,,,,,,,,,,,,-0.9995,,,,,,,,,,,,,,,,,,,,,,,,,,,-1.0,,,,,,,,,,,,,,,,,,,,,,,,,,,,,,,,,,,,,,,,,,,,,,,,,,,,,,,,,,,,,,,,,,,,,,,,,,,,,,,,,,,,,,,,,,,,,,,,,,,
progun,27,,,,,,0.0146,,,,,-0.9873,,,,,,,,,,,,,,,,,,,,,,,,,,,,,,,,,,,,,,,,,,,,,,,,,,,,,0.9994,,,,,,,,,,,,,,,,,,,,,,,,0.9519,,,,,,-0.9783,,,,,,,,,,,,,,,,,,,,,,,,,,,,,,,,,,,,,,,-1.0,,,,,,,,,,,,,,,,,,,,,,,,,,,,,,,,,,,,,,,,,,,,,,,,,,,,,,,,,,,,,,,,,,,,,,,,,,,,,,,,,,,,,,,,,,,,,-0.9941,,,,,,,,,,,,,,,,,,,,,,,,,,,,,,,,,,,,,,,,,,,,,,,,,,,,,,,,,,,,0.636,,,,,,,,,,,,,
TheBidenshitshow,28,,,,,,-0.989,,,,,,,,,,,,,,,,,,,,,,,,,,,,,,,,,,,,,,,,,,,,,,,,,,,,,,,,,,,,,,,,,,,,,,,,,,,,,,,,,,,,,,,,,,,,,,,,,,,,,,,,,,,,,,,,,,,,,,,,,,,,,,,,,,,,,,,,,,,,,,,,,,,,,,,,,,,,,,,,,,,,,,,-0.9998,,,,,,,,,,,,,,,,,,,,,,,,,,,-1.0,-1.0,,,,,,,,,,,,,,,,,,,,,,,,,,,,,,,,,,,,,,,,,,,,,,,,,,,,,,,,,,,,,,,,,,,,,,,,,,,,,,,,,,0.9868,,,,,,,,,,,,,,,,
FreeSpeech,29,,,,,,,-0.9994,,,,-0.9828,,,,,,,,,,,,,,,,,,,,,,-0.9998,,,,,,,,,,,,,,,-1.0,,,-0.993,,,,,,,,-0.9999,,,,,-1.0,,,,,,,,,,,,,,,,,-0.999,,,,,,,,,,,,,,,,,,-1.0,,,,,,,,,,,,,,,,,,,,,,,,,,,,,,,,,-0.9999,,,,,,,,,,,-0.9971,,,,,,,,,,,,,,,,,,,,,,,,,,,,,,,,,,-0.9882,,,,,,,,,,,,,,,,,,-0.9999,,,,,-1.0,-1.0,,,,,,,,,,,,,,,,,-0.9998,,,,,,,,-1.0,,,-0.9834,,,,,,,,,,,,-1.0,,,,,,,,,,,,,,,,,,,,,,,,,,,,,,,,,,,0.9989,,,,,,,,,,,,,,,,,,,,,,,
rage,30,,,,,,,,-1.0,,,,,,,,,,,,,,,,,,,,,-0.9998,,,,,,,,,,,,,,,,,,,,,,,,,,,,,,,,,,0.724,,,,,,,,,,,,,,,,,,,,,,,,,,,,,,,,,,,,,,,,,,,,,,,,,,,,,,,,,,,,,,,,,,,,,-1.0,-0.9985,,,-1.0,,,,,,,,,,,,,,,,,,,,,,,,,,,,,,,,,,,,-0.9999,,,,,,,,,,,,,,,-1.0,,,,,,,,,,,,,,,,,,,-1.0,,,,,,,,,,,,0.9972,,,,,,,-0.9992,,,,,,,,-0.9998,,,,,,,,,,,,,,,,,,,,,-0.9838,,,,,,,,,,,,,,,,,,,,,,,,,,,,,,,,,,,,,,,,,,,,,
inthemorning,31,,,,,,,,,,,-0.9971,,,,,,,,,,0.9778,,,,,,,,,,,,,,,,,-0.9998,,,,,,,-0.9975,,,,,,,,,-1.0,,,,,,,,,,0.9936,,,,,,0.9951,,,,,,,,,,,,,,0.9774,-0.7822,,,,,,,,,0.8496,,,,,,,,,,,,,,,,,,,,,,,,,,,,,,,,,,,,,,,,,0.9996,,,,,,,,,,,,,,,,,,,,,,,,,,,,,,,,,,,,,,,,,,,,,,,,,,,,,,,,,,,0.9804,,,,,,0.9978,,0.9713,,,,,0.9995,,,,,,,,,,,,,,0.8767,,,,,,,,,,,,-0.9986,,,,,,,,,,,,,,,,,,,,,,,,,,,-0.9996,,,,,,,,,,,,,,,,,,0.5534,,,,,0.9977,,,,,0.9989,0.985,,,,,,,,,,
WikiLeaks,32,,,,,,,,,-0.9505,,-0.9932,,,-0.8442,-0.9591,,,,,,1.0,,,,,,,,,,,,,,-0.9758,,,,,,,0.9965,,,,,,,,,,,,-1.0,,,,,,,,,,0.9907,,,0.34,,,,-0.7269,,,,,,,,,,,,,,-0.8985,,,,,,,,-0.9345,0.1947,,,-0.9942,,,,,,,,,,-0.8867,,0.5985,,,,,,,,,,,,,,,,,,,,,,,-1.0,-0.9999,,,,,,,,,,,,,,0.4588,,,,,,,,,,,,,,,,,,,-0.8107,,,,,,,,,,,,,,,,,,,,,,,,,-0.9999,,,,,,-0.4664,,,0.9779,,,,,,,,,,,,,,,,,,0.9986,,,,,,,,,,,,,,,,,-0.9748,,,,,,,,,,,,,,,,,,,,,0.0,,,,,,,,,,,,,,,-0.9882,,0.9252,,,,,,,,,,,,,,,,,,,,,,,,,,
DescentIntoTyranny,33,,,,,,,,,,,-0.9375,,,,,,,,,,,,,,,,,,,,,,-0.9997,,,,-0.9875,,,,,,,,,,,,,-0.9821,,,,-0.9999,,,,,,,,,,-0.9977,,,,,,,,,,,,,,,,,,,,,-0.9392,,,,,,,,,,,,,,,,,,,,,,,,,,,,,,,,,,,,,,,,,,,,,,,,-1.0,,,,,,,0.8712,,,-0.9496,,,,,,,,,,,,,,,,,,,,,,,,,,,,,,,,,,,,,,,,,,,,,,,-0.6705,,,,0.9807,,-1.0,,,,0.9967,-0.9988,-0.9999,,-0.9995,,-1.0,,0.7845,,,,,,,,,,,,,-0.7824,,,,,-0.8741,,,-0.946,,,,,,,,,,,,0.9978,,,,,,,,,,-0.9996,,,,,,-0.9889,-0.3773,,,,,,,,,,,,,-0.9721,,,,,,,,,,-0.9752,,,,,,,,,,,-0.9999,,,,,,,
FreePolDiscussion,34,,,,,,,,,,,-0.9575,,,,,,,,,,,,,,,,,,,,,,,,,,,,,,,0.9976,,,,,,,,,,,,,,,,,,,,,,-0.9637,,,,,,,,,,,,,,,,,,,,,-0.6597,,,,,,,,,0.3688,,,,,,,,,,,,-0.0516,,,,,,,,,,,,,,,,,,,,,,,,,0.9268,-0.9998,-0.9999,,,,,,,,,,,,,,,,,,,,,,,,,,,,,,,,,,-0.851,,,,,,,,,,,,,,,,,,,,,,,,,,,,,,,,,,,-0.9072,,,,,,,,,,,,,,,,,,,,,,,,,,,,,,,-1.0,,,,,,,,,,,,,,,,,,,,,,,,,,,,,,,,,,,,,,,,,,,,,,,,,,,,,,,,,,,,,,,,,,
governmentoppression,35,,,,,,,,,,,-0.9926,,,,,,,,,,,,,,,,,,,,-0.9405,,,,,,-0.998,,,,,,,-0.999,,,,,,-0.9882,,,,,,,,,,,,,,0.9607,,,,,,,,,,,,,,,,,,,,,,,,,,,,,,,,,-0.9966,,,,,,,,,,,,,,,,,,,,,,,,,,,,,,,,,,,,-0.9999,,,,,,,-0.6806,,,,,,,,,,,,,,,,,,,,,,,,,,,,,,,,,,,,,,,,,,,,,-0.995,,,,,0.0258,,,,,,-0.9999,,,,-1.0,-0.2869,,,-0.9973,,-0.9998,,-0.9082,,,,,,,,,,0.9836,,,-0.9032,,,,,-0.4905,,,,,,,,,,,,,,,-0.9711,,,,,,,,,,,,,,,,,,,-0.997,,,,,,,,,,-0.9982,,,,,-1.0,,,,,,-0.3182,,,,,,,,,,,-1.0,,,,,,,
RIPpolitics,36,,,,,,,,,,,-0.9974,,,,,,,,,,-0.7708,,,,,,,,,,,,,,,,,,,,,,,,,,,,,,,,,-0.9836,,,,,,,,,,0.9998,0.8541,,,,,,,,,,,,,,,,,,,0.967,,,,,,-0.9986,,,,,,,,,,,,,,,,,,,,,,,,,,,,,-0.9378,,,,,,,,,,,,,0.9999,-0.9999,,,,,,,,,,,,,,,,,,,,,,,,,,,,,,,,,,,,,,,,,,,,,,,,,,,,,,-0.9967,,,,,,,0.9633,,,,,,-0.9769,,-0.9933,,,,,,,,,0.9535,,,,,,,,,,,,,,,,,,,,,,0.98,,,,,,,,,,,,,,,,,,,,,,,,,,,,,,,,,,,,,,,,,,,,,,,,-0.6887,,0.9361,,,,,,0.9993,,,,,,,,,,
altnewz,37,,,,,,,,,,,-0.9895,,,,,,,,,,,,,,,,,,,,,,,,,,-0.9875,,,,,,,-0.9999,,,,,,-0.9984,,,,,,,,,,,,,,,,,,,,,,,,,,,,,,,,,,,,,,,,,,0.9898,,,,,,,,,,,,,,,,,,,,,,,,,,,-0.9933,,,,,,,,,,,,,-1.0,0.987,,,,,,,,,,,,,,,,,,,,,,,,,,,,,,,,0.0772,,,,,,,,,,,,,,,,,,,,,,-1.0,,,,,,,,,-1.0,,,,-0.9991,,,,,,,,,,,,,,,,,,,,,,,,,,-0.8913,,,,,,,-1.0,,,,,,,,,,,,,,,,,,,,,,,,-0.296,,,,,,0.9815,,,,,,,,,,,,,,,,,,-0.7783,,,,,,,,,,,,,,,,,,
Capitalism,38,,,,,,,,,,,0.9926,,,,,,,,,,,,,,,,,,,,,,0.9381,,,,,,,,,,,,,,,,,,,,,,,,,,,,,,,0.9995,,,,,,,,,,,,,,,,,,,,,,,,,,,,,,,,,,,,,,,,,,,,,,,,,,,,,,,,,,,,,,,,,,,,-1.0,-0.9994,,,,,,,,,,-0.7733,,,,,,,,,,,,,,,,,,,,,,,,,,,,,,,,,,,,,,,,,0.8481,,,,,,,,,,,,,,,,-0.9995,-0.902,,,,,,,,,,,,,,,,,,,,,,,,,,,,,,,,,,,,,,,,0.9993,,,,,,,,,,,,,,,,,,,,,,,,,,,,,,,,,,,,,,,,,,,,,-0.1788,,,,,,,,,,,,,
ClintonforPrison2016,39,,,,,,,,,,,-0.6467,,,,,,,,,,,,,,,,,,,,,,,-0.9314,,,,,,,,,,,,,,,,,,,,,,,,,,,,,,0.9807,,,,,,,,,,,,,,,,,,,,,,,,,,,,,,0.4898,,,,,,,,,,,,,,,,,,,,,,,,,,,,,,,,,,,,,,0.9982,0.9999,,,,,,,,,,,,,,,,,,,,,,,,,,,,,,,,,,,,,,,,,,,,,,,,,,,,,,,,,,,,,,,,,,,,,,,,,,,,,,,,,,,,,,,,,,,,,,,,,,,,-0.9999,,,,,,,,,,,,,,,,,,,,,,,,,,,,,,,,,,,,,,,,,,,,,,,,-0.6032,,,,,,,,0.9747,,,,,,,,,,
ClintonInvestigation,40,,,,,,,,,,,-0.9882,,,,,,,,,,,,,,,,,,,,,,,,,,,,,,,,,,,0.9766,,,,,,,,,,,,,,,,,,-0.9937,-0.5859,,,,,,,,,-0.6115,,,,,,,,,,,-0.9508,,,,,,,,,0.8301,,,,,,,,,,,,,,,,,,,,,,,,,,,,,,,,,,,,,,0.9913,-0.9982,,,,,,,,,,,,,,0.1027,,,,,,,,,,,,,,,,,,,,,,,,,,,0.9775,,,,,,,,,,,,,,,,,,,,,,,,,,,,0.7656,,,,,,,,,,,,,,,,,,,,,,0.0,,,,,,,,,0.999,,,,,,,,,,,,,,,,,,,,,,,,,,,,,,,,,,,,,,,,0.3274,,,,,,,,,,,,,,,,,,,,,,,,,,
FreedomNewsPolitics,41,,,,,,,,,,,-0.9999,,,,,,,,,,,,,,,,,,,,,,0.9544,,,,,-0.9925,,,,,,,,,,,,,,,,,,,,,,,,,,0.9995,,,,,,,,,,,,,,,,,,,,,,,,,,,,,,-0.9872,,-0.9903,,,,,,,,,,,,,,,,,,,0.2148,,,,,,,,,,,,,,,,,,,,,,,,,,,,,,0.5719,,,,,,,,,,,,,,,-0.2344,,,,,,,,,,,,,,,,,-0.9886,,,,,,,,,,0.9755,0.6908,,,,,,0.9993,,,,,,,-0.9991,,,,,-0.3965,,,,,,-0.0772,,,,,,-0.9979,,,,,,,,,,,,,,,-1.0,,-0.9404,,,,,,-0.997,,,,,,,,,,,,,,,,,,,,,,,,,,,,,,,,,,-0.8006,,,,,,,,-0.9474,,,,,,,,,-0.9998,,,,,,,
HillaryClintonSucks,42,,,,,,,,,,,-0.9633,,,,,,,,,,,,,,,,,,,,,,,,,,,,,,,,,,,,,,,,,,,,,,,,,,,,,0.9951,-0.0754,,,,,,,,,,,,,,,,,,,,,,,,,,,,,,,,,,,,,,,,,,,,,,,,,,,,,,-0.6486,,,,,,,,,,,,,-0.9973,0.9996,,,,,,,,,,,,,,,,,,,,,,,,,,,,,,,,,,,,,,,,,,,,,,,,,,,,,,,,,,,,,,,,,,,,,0.9173,,,,,,,,,0.991,,,,,,,,,,-0.9871,,,,,,,,,,,,-0.9995,,,,,,,,,,,,,,,,,,,,,,,,,,,,,,,,,,,,,,,,,,,,,,,,-0.6887,,-0.6603,,,,,,0.9948,,,,,,,,,,
KotakuInAction,43,,,,,,,,,,,0.4231,,,,,,,,1.0,,,,,,,,,,,,,,,,,1.0,,,,,,,,,,,,,-1.0,,,,,,,,,,,,,,,,,,,,,,,,,,,,,-0.7964,,,,,,,,,,,,,,,,,,,,,-0.9693,,,,,,,,,,,,,,,,,,,,,,,,,,,,,,,,,-0.9999,-0.9999,,,,,,,,,,,,,,,,,,,,,,,,,,,,,,,,,,,,,,,,,,,,,,,,,,,,,,,,,,,,,,,,,,,,,,,,,-1.0,,,,,,,,,,,,,,,,,,,,,,,,,,,-0.9988,,0.9335,,,,,,0.9965,,,,,,,,,,,,,,,,,,,,,,,,,,,,,,,,,,,,,,,,,,,,,,,,,,,,,,,,,,
Minarchy,44,,,,,,,,,,,-0.819,,,,,,,,,,,,,,,,,,,,,,,,,,,,,,,,,,,,,,,,,,,,,,,,,,,,,0.9983,,,,,,,,,,,,,,,,,,,,,,,,,,,,,,,,,,,,,,,,,,,,,,,,,,,,0.9653,-0.9904,,,,,,,,,,,,,,,0.9989,-0.9995,,,,,,,,,,,,,,,,,,,,,,-0.8568,,0.8858,0.9993,,,,,,,,,,,,,,,,,,,,,-0.981,,,,,,,,-0.9999,,,,,,,,,,,,,-1.0,0.7186,,,,,,,,,,,,,,,,,0.9995,,,,,,,,0.8932,,,,,,,,,,,,,,,-0.915,,,,,,,,,,,,,,,,,,,,,,,,,,,,,,,,,-0.559,-0.5242,,,,,,,,,,,,,,,,,,,,,,,,
Objectivism,45,,,,,,,,,,,-0.6942,,,,,,,,,,,,,,,,,,,,,,,,,,,,,,,,,,,,,,,,,,,,,,,,,,,,,0.9969,,,,,,,,,,,,,,,,,,,,,,,,,,,,,,,,,,,,,,,,,,,,,,,,,,,,,0.9249,,,,1.0,,,,,,,,,,,-1.0,-1.0,,,,,,,,,,,,,,,,,,,,,,,,,,,,,,,,,,,,,,,,,,,,,,,,,,,,,,,,,,,,,,,,,,,0.9941,,,,,,,,,,,,,,,,,,,,,,,,,,-0.8136,,,,,,,0.9971,,,,,,,,1.0,,,,,,,,,,,,,,,,,,,,,,,,,,,,,,,,,,0.9828,,,,,,,,0.9695,,,,,,,,,,,,,,,,
OccupyLangley,46,,,,,,,,,,,-0.8991,,,,,,,,,,-0.7857,,,,,,,,,,,,,,0.9933,,,-0.9827,,,,,,,-0.9159,,,,,,,,,,0.8861,,,,,,,,,,,,,,,,,,,,,,,,,,,,,0.9719,,,,,,,,,-0.996,,,,,,,,,,,0.9913,,,-0.8555,,0.6369,,,,,,,,,,,,,,,,,,,,,,,-0.9992,-0.9316,,,,,,,,,,,,,,,,,,,,,,,,,,,,-0.9927,,,,,,,,,,,,,,,,,,,,,,,,,,,,,,,,,,,,,,,,,-0.9801,,,,,,,,,0.9202,,,,,,,,,,,,,,,,,,,,,,-1.0,,,,,,,,,,,,,,,,,,,,,,0.9474,,,,,,,,,-0.7446,-0.9725,,,,,,,,,,-0.9955,,,,,,,,0.9995,,,,,,0.8591,,,,,,,,,,
PoliticalConspiracy,47,,,,,,,,,,,-0.9757,,,,,,,,,,,,,,,,,,,,0.9925,,,,0.9958,,,,,,,0.9448,,,,,,,,,,,,,,,,,,,,,,,,,,,,,,,,,,,,,,,,,0.9934,,-0.8979,,,,,,,,,,,,,,,,,,,,,,-0.1027,,-0.3919,,,,,,,,,,0.0603,,,,,,,,,,,,,-0.9997,-0.9999,,,,,,,,,,,,,,,,,,,,,,,,,,,,,,,,,,,,,,,,,,,,,,,,,,,,,,,,,,,,,,,,,,,,,-0.6837,,,,,,,,,,,,,,,,,,,,,,,,,,,,,,,-0.9999,,,,,,,,,,,,,,,,,,,,,,,,,,,,,,,,,,,-0.9805,,,,,-0.8779,,,,,,,,,,,,,-0.1027,,,,,,,,,,,,,
PoliticsUndeleted,48,,,,,,,,,,,0.2708,,,,,,,,,,,,,,,,,,,,,,,,,,,,,,,0.996,,,,,,,,,,,,,,,,,,,,,,,0.9447,,,,,,,,,,,,,,,,,,,,,,,,,,,,,0.0408,,,,,,,,,,,,,,,,,,,,,,,,,,,,,,,,,,,,,,,0.9993,,,,,,,,,,,,,,,,,,,,,,,,,,,,,,,,,,,,,,,,,,,,,,,,,,,,,,,,,,,,,,,,,,,,,,,,,,,,,,,,,,,,,,,,,,,,,,,,,,,,-0.9994,,,,,,,,,,,,,,,,,,,,,,,,,,,,,,,,,,,,,,,,,,,,,,,,,,,,,,,,,,,,,,,,,,
td_uncensored,49,,,,,,,,,,,0.58,,,,,,,,,,,,,,,,,,,,,,,,,,,,,,,,,,,,,,,,,,,,,,,,,,,,,,-0.8906,,,,,,,,,,,,,,,,,,,,,,,,,,,,,,,,,,,,,,,,,,-0.5588,,,,,,,,,,,,,,,,,,,,,,,,,-0.9962,-0.9999,,,,,,,,,,,,,,,,,,,,,,,,,,,,,,,,,,,,,,,,,,,,-0.8156,,,,,,,,,,,,,,,,,,,,-0.9594,,,,,,,,,0.9975,,,,,,,,,,,,,,,,,,,,,,,,,,,0.8146,,-0.9877,,,,,,,,,,,,,,,,,,,,,,,,,,,,,,,,,,,,-0.623,,0.5423,,,,,,,,,,,,,,,,,,,,,,,,0.7534,,
TheRecordCorrected,50,,,,,,,,,,,0.9707,,,,,,,,,,,,,,,,,,,,,,,,0.5349,,,,,,,,,,-0.8458,,,,,,,,,,,,,-0.9703,,,,,,0.9964,0.9407,,,,,,,,,,,,,,,,,,,,,,,,,,,,,,,,-0.913,,,,,,,,,,,,,,,,,,,,,,-0.1169,,,,,,,,,,,,,-0.9973,0.9944,,,,,,,,,,,,,,,-0.89,,,,,,,,,,,,,,-0.3707,,,,,,,,,,,,,,,,,,,,,,,,,,,,,,,,,,,,,,,,0.9736,,,,,,,,,0.9024,,,,,,,,,,,,,,,,,,,,,,0.9954,,,,,,,,,,,,,,,,,,,,,,,,,,,,,,,-0.2993,,,,,,,,,,,0.9867,,,,,,,,-0.9957,,,,,,0.9946,,,,,,,,,,
TheWebOfSlime,51,,,,,,,,,,,0.798,,,,,,,,,,,,,,,,,,,,,,-0.9847,,,,,0.9975,,,,,,,,,,,,,,,,,,,,,,,,,,0.984,,,,,,,,,,,,,,,,,,,,,-0.4393,,,,,,,,,-0.8065,,,,,,,,,,,,,0.2732,,,,,,,,,,,,,,,,,,,,,,,,,0.9992,-0.9998,,,,,,,,,,,,,,,,,,,,,,,,,,,0.5574,,,,,,,,,,,,,,,,,,,,,,,,,,,,,,,,,,,,,,,,,-0.9463,,,,,,,,,,,-0.2263,,,,,,,,,-0.1027,,,,,,,,,,,,-0.9835,,,,,,,,,,,,,,0.5574,,,,,,,,,,,,,,,,,,,,,,0.1655,,,,,,,,,,,,,,-0.9939,,,0.0,,,,,,,,,,,,,
TruthLeaks,52,,,,,,,,,,,-0.9997,,,,,,,-0.9974,,,,,,,,,,,,,,,0.9981,,,,,,,,,,,,,,,,,,,,,,,,,,0.9805,,,,,-0.9975,,,,,,,,,,,,0.9942,,,,,,,,,0.884,,,,,,,,,-0.5318,,,,,,,,,,,,,-0.9978,,,,,,,,,,,,,,,,,,,,,,,,,-0.9997,-0.9995,,,,,,,,,,,,,,,,,,,,,,,,,,,,,,,,,,,,-0.9902,,,,,,,0.9979,,,,,,,,,,,,,,,,,,-0.9994,,,,,,,-0.986,,,,,,,,,,,,,,,,,,,,,,,,,,,,,,,,-0.9991,,-0.9994,,,,,,,,,0.9992,,,,,,,,,,,,,,,,,,,,,,,,,,,-0.997,,,,,,,,,,,,,,,,,,,,,,,,,,,,
RIPPresidentSanders,53,,,,,,,,,,,,,,,,,,,,,1.0,,,,,,,,,,,,,0.9982,,,,0.9986,,,,,,,,,,,,,,,,,,,,,,,,,,-0.872,,,,,,,,,,,,,,,,,,,,,,,,,,,,,,,,,,,,,,,,,,,,,,,,,,,,,,,,,,,,,,,,,,,,0.9912,-0.9926,,,,,,,,,,,,,,,,,,,,,,,,,,,,,,,,,,,,,,,,,,,,,,,0.9031,,,,,,,,,,,,,,,,,,,,,,,,,,,,,,,,,,,,,,,,,0.9737,,,,,,,,,,,,-0.9999,,,,,,,,,,,,,,,,,,,,,,,,,,-0.9628,,,,,,,,,,,,,,,,,,,,,,,,0.9999,,,,,,0.9371,,,,,,,,,,
Whistleblowers,54,,,,,,,,,,,,,,,,,,,,,1.0,,,,,,,,,,,,,,,,,0.9995,,,,,,,,,,,,,,,,,,,,,,,,,,,,,,,,,,-0.9136,,,,,,,,,,,,,,,,,,,,,,,,,0.9855,,,,,,,,,-0.7983,,,,,,,,,,,,,,,,,,,,,,,,,,-0.9884,-0.9975,,,,,,,,,,,,,,,,,,,,,,,,,,,,,,,-0.7113,,,,,,,,,,,,,,,,,,,,,,,-0.9966,,,,,,,,,,,,,,,-0.6722,,,,,,,,,,,,,,-0.962,,,,,,,,,,,,,,,,,-0.9988,,,,,,,,,,,,,,,,,,,,,,,,,,,,,,,,,,,,,,,,,,-0.9988,,,,,,,,0.9994,,,,,,,,,,,,,,,,
Libertarian,55,,,,,,,,,,,,,,,,,,,,,,-0.9433,,,,,,,,,0.9974,,0.9916,,,,,,,,,,,,,,,,,,,,,,,,,,,,,,,,,,,,,,,,,,,,,,,0.9988,,,,,-0.9565,,-0.991,,,0.999,,-0.9996,,,,,,,,,-0.9965,,,,,,,,,,,,,,,,,,0.7399,,,,,,,,,,,,,,,,,,-0.9586,,,,,,,,,,,,,,,,,,,,,0.9972,,,,,,,,,,,,,,,,,,,-0.9908,,,,,,,,,,,,,,,,,0.9923,,,,,-0.9988,,,,,,,-1.0,,,,,,,,,,,,-0.9984,,,,,,,,-0.5519,,,,,,,,,-0.9534,,,,,,,,,,,,0.5182,,,,,,,,,,,,,,,,,,,,,,,,,,,,0.8696,,,,,,,-0.9616,,,,,,,,,,,,,,,,,
blackflag,56,,,,,,,,,,,,,,,,,,,,,,-0.7978,,,,,,,,,0.9759,,,,,,,,,,,,,,,,,,,,,,,,,,,,,,0.9226,,,,,,,,,,,,,,,,,,,,,,,,,,,,,,,,,,,,,,,,,,,,,,,,,,-0.95,,,,,,,,,,,,,,,,,,,,,-0.9999,,,,,,,-0.996,,,,,,,,,,,,,,,,,,,,,,,,,,,,,,,,,,,,,,,,,,,,,,,,-1.0,,,,,,,,,,,,,0.9991,,,,,,,,,,,,,,,,,,,0.9662,,,,,,,-0.9989,,,,,,,-1.0,,,,,,,,,,,,,,,,,,,,,,,,,,,,,,,,,,,,,,,,,,,,,,,,,,,,,,,,,,,,,,,,,,
worldpolitics,57,,,,,,,,,,,,,,,,,,,,,,,,-0.9998,,,,,,,,,,,,,,,,,,,,,,,,,,,,,,,,,,,,,,,,,-1.0,,,,,,,,,,,,,,,,,,,,,,,,,,,,,,,,,,,,,,,,,,,,,,,,,,,,,,,,,,,,,,,,,,,,,,,,,,,,,,,,,,,,,,,,,,,,,,,,,,,,,,,,,,,,,,,,,,,,,,,,,,,,,,,,,,,,,,,-0.9997,,,,,,,,,,,,,,,,,,,,,,,,,,-0.9655,,,,,-0.9999,,,,,,,,,,,,,,,,,,,,,,,,,,,,,,,,,,,,,,,,,,,,,,,,,,,,,,,,,,,,,,,,,,,,
JordanPeterson,58,,,,,,,,,,,,,,,,,,,,,,,,,,,,,-0.9998,,,,,,,,,,,,,,,,,,,,,,,,,,,,,,,,,,,,,,,-1.0,,,,,,,,,,,,,,,,,,,,,,,,,,,,,,,,,,,,,,,,,,,,,,,,,,,,,,,,,,,,,,0.0,,,,,,,,,,,,,,,,,,,,,,,,,,,,,,,,,,,,,,,,,,,,,,,-0.9822,,,,,,,,,,,,,,,,,,,,,,,0.9988,-0.9996,,,,,-0.9998,,,,,,,,,,,,,,,,,,,,,,,,,,,,,-0.9936,,,,,,,,,,,,,,,,,,,,,,,,,,,,,,,,,,,,,,,,,,,,,,,,,,,,,,,,,,,,,,,,
TheBlogFeed,59,,,,,,,,,,,,,,,,,,,,,,,,,,,,,,,,,-0.9996,,,,,,,,,,,,,,,,,,,,,-1.0,,,,,,,,,,0.9996,0.6249,,,,,,,,,,,,,,,,,,,,-0.9986,,,,,,,,,,,,0.9986,,-0.9987,,,,,,,,-0.7226,,,,,,,,,,,,,,,,,,,,0.3612,,,,,,,,,,,,,,,,-0.9922,,,,,,,,,,,,,,0.9657,0.9921,,,,,,,,,,,,,,,,,,,,,,,,,,,,,-1.0,,,,,,,0.9393,,,,,,-0.9743,-0.9978,,,,,-1.0,,,,,,,,,,,,,,,,,,,,,,,,,,,-0.9998,,,,,,,,,,,,,,,,,,,,,,,,,,,,,,,,,,,,,,,,,,,,,,,,,,,,,-0.4019,,,,,,-1.0,,,,,,,
IfTheLordTarries,60,,,,,,,,,,,,,,,,,,,,,,,,,,,,,,,,,,,,,,-0.9994,,,,,,,,,,,,,,,,,,,,,,,,,,,,,,,,,,,,,,,,,,,,,,,,,,,,,,,,,,,,,,,,,,,,,,,,,,,,,,,,,,,,,,,,,,,,,,0.9928,-0.9986,,,,,,,,,,,,,,,,,,,,,,,,,,,,,,,,,,,,,,,,,,,,,,,,,,,,,,,,,,,,,,,,,,,,,,,,,,,,,,,,,,,,,,,,-0.965,,,,,,,,,,,,-0.9765,,,,,,,,,,,,,,,,,,,,,,,,,,,,,,,,,,,,,,,,,,,,,,,,,,,,,,,,0.9969,,,,,,,,,,
USE2016,61,,,,,,,,,,,,,,,,,,,,,,,,,,,,,,,,,,,,,,-0.9793,,,,,,,,,-0.9741,,,,,,,,,,,,,,,,,,,,,,,,,,,,,,,,-0.989,,,,,0.9995,,,,,,,,,,,,,,,,,,-0.9241,,,,,,,,,,,,,,,,,,,,,0.0,,,,,,,,,,,,,,,,,,,,,,,,,,,,,,,,,,,,,,,,,,,,,,,,,,,,,,,,,,,,,,,,,,,,,,,,,,,,,,,,,,,,,,,,,,,,,,,,,,,,,,,,,,,,,,,,,,,,,,,,,,,,,,,,,,,,,,,,,,,,,,,,,,,,,,,,,,,,,,,,,,,,,,,,,,,,,,,,
prisonreform,62,,,,,,,,,,,,,,,,,,,,,,,,,,,,,,,,,,,,,,,,,,,,,,,,,,,,,,,,,-0.9936,,,,,-0.8244,,,,,,,,,,,,,,,,,,,,,,,,,,,,,,,,,,,,,,,,,,,,,,,,-0.9979,,,,,,,,,-0.996,,,,,,,,,,,,,-1.0,,,,,,,,,,,,-0.9978,,,,,,,,,,,,,,,,,,,,,,,,,,,,,,,-0.3527,,,,,,,,,,,,-1.0,,,,,,,,,,,,,,,-0.6144,,,,,,,,,,,,,-0.6557,,,,,,,,,,,,,,,,,,-0.9957,,,,,,,,,,,,,,,,,,,,,,,,,,,,,,,,,,,,,,,,,,-0.9903,,,,,,,,,,,,,,,,,,,,,,,,
Thewarondrugs,63,,,,,,,,,,,,,,,,,,,,,,,,,,,,,,,,,,,,,,,,,,,,-1.0,,,,,,,,,,,,0.9835,,,,,,,,,,,,,,,,,,,0.8943,,,,,-1.0,,,,,,,,,,,,-0.9998,,,,,,,,,,,0.9738,,,,,,,,,,,,,,,,,,,,,,,,,,,,,-1.0,,,,,,,,,,,,,,0.3802,,,,,,,,,,,,,,,,,0.68,,,,,,,,,,,,,,,,,,,,,,,,-1.0,,0.9951,,,,-0.9997,,,,,,,,,,,,,,,,,0.5334,-0.481,,,,,,,,,,,,,,,,,,,,,,-0.9998,,,,,,,,,,,,,,,,,,-0.991,,,,,,,,,,,,,,,,,,,,,,,,,,0.9979,,,,,,,,,,,,,,,,,,,,,,
Bad_Cop_No_Donut,64,,,,,,,,,,,,,,,,,,,,,,,,,,,,,,,,,,,,,,,,,,,,,,,,-1.0,,,,,,,,,,,,,,,,,,,,,,,,,,,,,,,,,,,,,,,,,,,,,,,,,,,,,,,,,,,,,,,,,,,,,,,-1.0,,,,,,,,,,,,,,,,,-1.0,,,,,,,,,,,,,,,,,,,,,,,,,,,,,,,,,,,,,,,,,,,,,,,,,,,,,,,,,,,,,,,,-0.9999,,,,-1.0,,,,,,,-1.0,,,,,,,,,,,,,,,-1.0,,,,,,,,,,,,,,,,,,,,,,,,,,,,,,,,,,,,,,,,,,,,,,,,,-1.0,-1.0,,,,,,,,,,,,,,,,,,,,-1.0,,,
libertarianmeme,65,,,,,,,,,,,,,,,,,,,,,,,,,,,,,,,,,,,,,,,,,,,,,,,,,,,,,,,,,,,,,,,,,,,,,,,,,-0.9233,,,,,,,,,,,,,,,,,,,,,,,,,,,,,,,,,,,,,,,,,,,,,,,,,,,,,,,,,,,,,,,,,,,,,,,,,,,,,,,,,,,,,,,,,,,,,,,,,,,,,,,,0.9894,,,,,,,,,,,,,,,,,,,,,,,,,,,,,,,,,,,,,,,,,,,,,,,,,,,,,,,,,,,,,,,,,,,,,,,,,,,,,,,,,,,,,,,,,,,,,,,,,,,,,,,,,,,,,,,,,,,,,,,,,,
Anarcho_Capitalism,66,,,,,,,,,,,,,,,,,,,,,,,,,,,,,,,,,,,,,,,,,,,,,,,,,,,,,,,,,,,,,,,,,,,,,,,,,,,,,,,,,,,,,,,,,,,,,,,,,,,,,,,,,,,,,,,,,,,,0.9998,,,,,,,,,,,,,,,,,,,,,,,,,,,,,,,,,,,,,,,,,,,,,,,,,,,,,,,,,,,,,,,,,,,,,,,,,,,,,,,,,,,,,,,,,,,,,,,,,,,,,,,,,,,,,,-0.9989,,,,,,,,,,,,,,,,,,,,,,,,,,,,,,,,,,,,,,,,,,,,,,,,,,-0.9999,,,,,,,,,,,,,,,,,,,,,,,
EnoughLibertarianSpam,67,,,,,,,,,,,,,,,,,,,,,,,,,,,,,,,,,,,,,,,,,,,,,,,,,,,,,,,,,,,,,,,,,,,,,,,,,,,,,,,,,,,,,,,,,,,,,,,,,,,,,,,,,,,,,,,,,,,,,,,,,,,,,,,,,,,,,,,,,,,,,,,,,,,,,,,,,,,,,,,,,,,,,,,,,,,,,,,,,,,,,,,,,,,,,,,,,,,,,,,,0.9973,,,,,,,,,,,,,,,,,,,,,,,,,,-1.0,,,,,,,,,,,,,,,,,,,,,,,,,,,,,,,,,,,,,,,,,,,,,,,,,,,,,,,,,,,,,,,,,,,,,,,,,
ConspiracyMemes,68,,,,,,,,,,,,,,,,,,,,,,,,,,,,,,,,,,,,,,,,,,,,,,,,,,,,,,,,,,,,,,,,,,,,,,,,,,,,,,,,,,,,,,,,,,,,,,,,,,,,,,,,,,,,,,,,,,,,,,,,,,,,,,,,,,,,,,,,,,,,,,,,,,,,,,,,,,,,,,,,,,,,,,,,,,,,,,,,,,,,,,,,,,,,,,,,,,,,,,,,,,,,,,,,,,,,,,,,,,,,,,,,,,-0.9982,,,,,,,,,,,,,,,,,,,,,,,,,,,,,,,,,,,,,,,,,,,,,,,,,,,,,,,,,,,,,,,,,,,,,,,,,
