Index,Unnamed: 0,facepalm,pics,postcolonialism,JusticeServed,Awww,wholesomebpt,Cursed_Images,GifsYouCanHear,screenshots,germany,defaultmods_leaks,Drama,ThanksObama,japannews,FuckYouKaren,exmotrees,ABCaus,freefolk,HongKongProtest,ShittyLifeProTips,MEOW_IRL,iamverybadass,Firearms,ComedyCemetery,Tinder,splatoon,forbiddensnacks,hmmm,tumblr,billiards,de,NoFap,HKRising,DonutOperator,alabamapolitics,Botchedsurgeries,Detroit,ImagesOfAustralia,SkateboardingIsStupid,News_Politics,chicannabis,TrollXChromosomes,watersmarkov,Instagramreality,eddit4yearsago,PoliticalHumor,UnbiasedNews,ShitTheAdminsSay,pandyland,BeardTube,2meirl4meirl,ChannitGaming,dankmemesdaily,ImagesOfMichigan,MinasReddit,saraba2nd,hittableFaces,dontputyourdickinthat,dankmemes,neoconNWO,postnationalist,GTAV,ArtJunkie,australia,ImagesOfIllinois,Pikabushort,HelloInternet,ShitPoliticsSays,webcomics,DeliriumSC,RedditCensorship,MSsEcReTPoDcAsT,EllenPaoIsAGrimyWhore,News_Finance,UnitedWeStand,ImagesOfThe2010s,FreeHongKongNow,TheFightThatMatters,chairmanpao,AntiSemitismInReddit,titlegore,EntitledBitch,PsychedelicMentions,MusicInTheMaking,FunnyandSad,Infographics,Art,PoliceBrutality2020,shittyreactiongifs,LaschesTeilen,Zoomies,thisismylifenow,Justfuckmyshitup,beer,Political_Tumor,bestoflegaladvice,reactiongifs,weed,PublicFreakout,AutoBestOf,KidsAreFuckingStupid,BeforeBedtime,whitepeoplegifs,ChannitPics,notinteresting,globalredditmeetupday,Alternative_Sob_Story,TopPussiesOfReddit,TopPostOfTheMonth,hmm,raimimemes,KCIS,BakaNewsJP,AccidentalWesAnderson,gifsthatkeepongiving,AnythingGoesPics,comedysewer,EnoughCommieSpam,CountOnceADay,enemystands,MadeMeCry,confusing_perspective,ofcoursethatsathing,holdmybeer,perfectlycutscreams,EestiMentioned,worldjerking,Ellen_pao_hate,thegreatsub,circlejerkaustralia,ukraina,NoSillySuffix,IllegallySmol,Celebs,GoldfishMyth,MakeMeSuffer,Damnthatsinteresting,Pictures,Police_the_Police_ACP,longtail,liberalgunowners,HKProtestFootage,circlejerk,mildlyinfuriating,hitanimals,OKmarijuana,see,TopMindsOfTMOR,carmemes,NormMacdonald,Michigan,HighQualityGifs,topofreddit,WhitePeopleTwitter,memes,ImagesOfPennsylvania,pokemon,DotA2,imagesofalabama,mildlypenis,neveragainmovement,BestOfRetorts,change,TrashTag,Ryan,blessedimages,supporthongkong,Instantregret,ChannitWholesomeMemes,shitwivesdo,OpenSeaNFT,PeoplesMomentum,junkfood,friendlyjordies,suicidebywords,aww,whowillbuildtheroads,oddlyterrifying,mexico,DigitalItems,RedditsGreatestHits,SubredditDrama,NintendoSwitch,teenagers,wholesome,newsokunomoral,meirl,StonerEngineering,NotMyJob,FragileWhiteRedditor,2ALiberals,GunsAreCool,wholesomepics,the404,holdmycatnip,Masub,WhatAboutSRS,Residency,oregon,misc,LargeImages,TankieJerk2,TIHI,ActualPublicFreakouts,therewasanattempt,MURICA,GTA,AVfMHotLinks,China_News,rarepuppers,AnimalsBeingBros,TinyUnits,LIHKG,Perfectfit,PhilippineTrees,nbacirclejerk,reditr,depression_memes,BestOfNoPolitics,AnnArbor,nocontextpics,cute,traaaaaaannnnnnnnnns,cursedcomments,clevercomebacks,CoronavirusMichigan,instantkarma,TopPostOfTheYear,californiapolitics,blackmagicfuckery,straya,Quebec,evenwithcontext,joingreenRush,oddlysatisfying,DeTrashed,ShitThe_DonaldSays,ShitRedditSays,Kappa,gunpolitics,onejob,SubredditNNMeta,AnimalsBeingDerps,3dshacks,actuallesbians,japancirclejerk,ContraPoints,ImagesOfNewZealand,awfuleverything,AustralianPolitics,gif,budgetcooking,SelfAwarewolves,FoodPorn,CommentUnlock,thanosdidnothingwrong,crosspost,TopFrontpage,RedditInTheNews,ProtestBlizzcon,IndianEnts,bestof,snow,Portland,ProtectAndServe,redditconspiracy,awwwtf,BlackLivesMatter,Eyebleach,Unexpected,technicallythetruth,AbruptChaos,fastfood,guessthesubreddit,shitpost,FuckBlizzard,ufc,JoeRogan,FeMRADebates,untrustworthypoptarts,NLSSCircleJerk,internetdrama,validatemyopinions,PoliticalHorrorStory,undelete,Ooer,snew,PureFreakout,MIWeatherCircleJerk,switcharoo,thefighterandthekid,ich_iel,yourmomshousepodcast,BikiniBottomTwitter,meta,KerbalPlanes,awfuleyebrows,nocontext,GrandTheftAutoV,Frisson,TheBluePill,VOATinAction,interestingasfuck,PewdiepieSubmissions,BeAmazed,circlebroke2,KerbalAcademy,weedstocks,StonerCringe,absolutelynotmeirl,Fuck_the_NRA,coventry,jacksonville,Images,HateSubsInAction,OnePiece,ImagesOfTexas,COMMUNISTDEMOCRACY,4chan,Hong_Kong,AmIFreeToGo,nextfuckinglevel,TwoBestFriendsPlay,IllegallySmolCats,funny,badparking,newsokuexp,Honkyandthebadger,shittyfoodporn,humor,mildlyterrifying,fuqae,Serendipity,Oppression,AgainstHateSubreddits,absolutelynotme_irl,catreactiongifs,comics,wholesomememes,MMA,witchlnx,wholesomegifs,NegativeWithGold,TopMindsOfReddit,UpvotedBecauseGirl,GrandTheftAutoV_PC,noisygifs,WhatsWrongWithYourDog,ShamelesslyStolen,redditisdeath,AnimalsBeingJerks,InsaneProtestors,hbomberguy,ledootgeneration,anarchy,fakehistoryporn,Kanye,Pikabu,notcirclejerk,PINAC,CinnamonToastKen,guncontrol,oknotizie,DankMemeArchive,interesThing,PeopleFuckingDying,reddit5000,lefttube,ImagesOfFlorida,im14andthisisdeep,uktrees,animalsdoingstuff,ACAB,i_irl,Neverbrokeabone,KerbalSpaceProgram,businesstalkdaily,ChinaWatchNZ,different_sob_story,goodlongposts,MadeMeSmile,AnarchistPropaganda,HighestQualityGifs,justforsocialmedia,ProgrammerHumor,trippy,ImagesOfThe2000s,ChannitFunny,cursed_postings,mealtimevideos,knightsofvictoria,photoshopbattles,NewsoftheNRA,maybemaybeoriginal,youseeingthisshit,AgainstKarmaWhores,badphilosophy,gaybros,mildlyinteresting,GifSound,lingling40hrs,LSD,PrequelMemes,RedditAlternatives,redditdotcom,2meirl42meirl4meirl,WorldProtests,redditrequest,Augenschmaus,UnexpectedlyWholesome,gtaonline,gifs,GeorgeFloydRevolution,IdiotsFightingThings,PKA,insanepeoplefacebook,modtalk_leaks,Drone2Address,extremelyinfuriating,SubredditNN,ImagesOfKansas,electionReformNews,newsokur,Bossfight,no_sob_story,PeopleWhoSayHeck,NoEvidenceNoCrime,explain_undelete,Pay_Respects,FunniestVideos,eddit9yearsago,undeleteShadow,KarmaConspiracy,whatisameem,CityPorn,GlobalTribe,ENLIGHTENEDCENTRISM,BillBurr,florida,Graffiti,soylent,FloridaMan,underpopular,HongKongMei,upvotebecauseboy,bread_irl,happycowgifs,Badfaketexts,ListOfComments,maybemaybemaybe,CCW,Splatoon_2,misleadingthumbnails,InternetIsBeautiful,creepy,Tendies,MemeReserve,ImagesOfIndiana,awesome,MemeEconomy,ApexVideos,liberta,ExpectationVsReality,yesyesyesno,DepthHub,woahdude,FuckHKPopo,thanksihateit,picsonly,Snorkblot,cats,newsokuvip,Petition,fresh_funny,trashy,adminhate,REEEEEEEEEE,ImagesOfNevada,pooptimevideos,japan,nonononoyes,ImagesOfNewYork,forwardsfromgrandma,HolUp,me_irl,DunderMifflin,Pareidolia,ShitLiberalsSay,ThisIsOurMusic,MurderedByWords,mistyfront,WorldDailyTops,PortlandOre,trees,BlackPeopleTwitter,totallynotrobots,BadChinaNoDumpling,RedditNews,funnyvideos,ItemShop,IWantOut,Gamingcirclejerk,IASIP,immigration,195,JustsayNope,CozyPlaces,OrganicMarijuana,HumansBeingBros,TheKavernacle,nvidia,gazou,shareyourmusic
topofreddit,0,-1.0,1.0,,,,,,,,,,,,,-0.9999,,,,,,,,,,,,,,,,,,,,,,,,,,,,,,,1.0,,,,,,,,,,,,,1.0,,,,,,,,,,,,,,,,,,,,,,,,,,,,,,,,,,,,,,,,,,0.9995,,,,,,,,,,,,,,,,,,,,,,,,,,,,,,,,,,,,1.0,,,0.979,,,0.9972,,,,,,,,,,,,1.0,,,1.0,,,,,,,,,,,,,,,,,,1.0,,,,,,,,,,,,,,,,,,,,,,,,,,,,,-0.9999,,,,,,,,,,,,,,,,,,,0.9997,1.0,,,,,,,,,,,,,,,,,,,,,,,,,,,,-1.0,,,,,,,,,,,,,,,,1.0,,-0.9988,,,,,,,,,,,,,,,,,,,,,,,,,,,,,,,,1.0,0.9998,,,,,,,,,,,,,,,,,,1.0,,,1.0,,,,,,,,,,,,,,1.0,,,,,,,,,0.9786,,,,,,,,,,-0.5312,,,,,,,0.0,,,,,,,,,,,,,,,,,,,,,,,,,,,,,0.6256,,,,,,,,,,,,,,,,,,0.9738,,,,,,,,0.9899,,,,0.9696,-0.9851,,,,,,,,-0.8048,-0.0772,,,,,,,,,,,,,,,,0.6828,,,,,,,0.0,,,,,,,,,,,,,0.9101,,,,,,,,,,,,,,,,,,-0.9981,,-1.0,0.959,,,,-1.0,,,,,,,0.9596,,,,,,,,,,,
NoLockedThreads,1,-1.0,-0.9999,,,,,,,,,,,,,,,,,,,,,,,,,,,,,,,,,,,,,,,,,,1.0,,-1.0,,,,,,,,,,,,,,,,,,,,,,,,,,,,,,,,,,,,,,,,,1.0,,,,,,,,,,,,-1.0,,,,,,,,,,,,,,,,,,,,,,,,,,,,,,,,,,,,,,,,,,,,,,,,,,,,,,-0.9958,-1.0,,,,,,,,,,,,,,,,,,,,,,1.0,,,,,,,,,,,,,,,,,,,,,,,,,,,,,,,,,,,,,,,,,,,,,,,,,,,,,,,,,,,,,,,,,,,,,,,,,-1.0,,,,,,0.4588,,,,,,,,,,,,,,,,,,,,,,,,,,,,,,0.6484,,,,,,,,,,,,,,,,,,,,,,,,,,,,,,,,,,,,,1.0,,,,,,,,,,,,,,,,,1.0,,,,,,,,,,,,,-0.9936,,,,,,,,,,,,,,,,,,,,,,,,,,,,,1.0,,,,,,,,,,,,,,,,,,,,,,,,,,,,,,,,,,,-1.0,,,,,,,,,,,,,,,,,,,,,,,,,,,,,,,,,,,,,,,,,,,,,,,,,,,,,,,,,,,-1.0,,,,,,,,,,,,,,,,-0.9944,,,,,,,,,,,-0.9993,,,,,,,1.0,,,,
Masub,2,,1.0,,1.0,,,,,,,,-0.9999,,,,,,,,,,,,,,,,,0.9999,,,,,,-0.9918,,,,,0.0,,,,,-0.9963,,,,,,,,,,,,,,,,,,,,,,,,,,,,,,,0.9882,,,,,,,,,,,,,-0.9494,,0.9991,0.9999,,0.9999,,,,,,,,,0.9994,,,,,,,,,,,,0.9962,,,,,,,,,,,,,,0.974,,,0.9477,,,,,0.9976,,,,,,,,,,,,,,0.9997,1.0,-0.9906,1.0,,,,,0.9588,,,,,,,,,,,,,,,,,1.0,,,,,,,,,,,,,,,,-0.9977,,,,,,,,,,,,,-0.9755,,,,,,,,,,,,,,,,,,,,,,,,,0.9863,,,,,0.9999,,,,,,,,,-0.999,,,,,,,,,,,,,,,,,,,,,,,,,0.9998,0.9897,,,,,,,,,,,-0.9827,,,,,,,,,,,,,,,,,,,,,,1.0,0.9987,,,,,,,,,,,,,,,,,,,,,1.0,,,,,,,,,,,,,,1.0,,,0.9999,,,,,,,,,,,,,,,,,,,,,,0.951,,0.9819,,,,,,,,0.6814,,,,,,,1.0,,0.3182,,,,,,,,,,,0.0,1.0,,,0.9998,,,,,0.9999,,,,,,,,,1.0,,,,,,,,0.2622,,,,1.0,,,,,,,,,,,,,,,,,,,,,,,0.9995,,,0.9975,,,,,,,,,,,,,,,,1.0,,,,,,,,,,,,,,,,,,,1.0,,,,,-0.9818,0.7757,,,,,,,,,,,,,,,,,,,,-0.8406,,
misc,3,,1.0,,,0.999,,,0.6617,0.9645,,,,0.9816,,,,,,,,0.9099,,,,,,,,,,,,,,,,,,,,,0.9997,,,,-0.9998,,,0.0,,,,,,,,,,,,,,,,,,,,0.9879,,,,,,,,,,,,,,,,,,,,,,,,,,,,,,,,,,,,,,,,,,,,0.0,,0.9994,0.9238,,,,,,,,,0.9771,,,,,,,,0.9637,,,,0.979,,,,,,,,0.6309,,,,,,,,-0.5983,,,,,,,,,,,,,,,,,,,,,,,1.0,,,,,,,,0.9962,,,,,,,,,,,0.9992,,,,,,,,,,0.9998,,,,,0.9999,,0.9996,,,,,,,,,,0.9995,,,,,,,,,,,,,0.9918,,,,,,,,,,,,,,,,,,,,,,,,,,,,,,,,0.4927,,1.0,0.9997,,,,,,,,,,,,,,,,,,,,,,,,,,,,,,,,,0.9999,,,,,,,,,,,0.845,,,,,,,,,,0.9985,,,,,,0.9999,,,,,,,0.9869,1.0,,,,,,,,,-0.7107,,0.9991,,,,,,-0.9042,,,-0.7208,,,,,,,,0.9901,,,,,,0.9995,,,,,,,,,0.9999,-0.4118,,,,,,,,,,,,0.0,0.9989,,,,0.9997,-0.0258,,,,,0.9903,,,,,0.9991,,1.0,,,,,,,,,,,,,,,,,,0.0,,,,,,,,,,,1.0,,,,,,,,,0.9951,,,,1.0,,,,,0.9998,,,,,,,0.9998,,,,,,,,,,,,,,,0.8872,,,,0.6767,,,,,,0.4939,,,0.8888,,,,,0.1263,,,,,,,,,,,,,,
SubredditNN,4,,0.9996,,,,,,,,,,,,,,,,,,0.9998,0.7081,-1.0,,,1.0,,,0.8834,,,,1.0,,,,,,,,,,,,,-0.9886,,,,,,-0.7717,,,,,,,,,,,,,,,,,,,,,,,,,,,,,,,,,,0.8519,,,,0.9861,,,,,,,,,,,,,,,,,,,,,,0.9752,,,,0.9995,,,,,0.9468,,,,,,,,,,,,0.9924,,,,,0.9887,,,,,,0.9993,-0.9389,,,,,,,,,,0.9983,,,1.0,,,,,,,,,,,,,,,,,,,1.0,,0.6368,,,,,,0.8708,,,0.887,,,,,,,,,,,,,,,,,,0.9999,,,,,0.974,,,,,,,,,,,,,0.997,,,,,,,,,,,,0.9998,,,,,,,0.2235,-0.4311,,,,,,,,,,,1.0,,-1.0,,,,,,,,,,,,,1.0,0.7695,0.9434,,,,,,,,,,,,,,,,,,,,,,,0.9998,,,,,,,,,0.9902,0.9999,,,,,,0.666,,,,,,,,,,,,,0.9369,,1.0,,,,,,,,,,,0.7399,,,1.0,,,0.9444,,,,,,,,,,,,,,,,0.0,,,0.4939,,,0.9608,,0.9991,,,,,,,,0.0,0.0,,,,,,1.0,,,,1.0,,,,,,,1.0,,-0.5579,,,,,1.0,0.0,,,1.0,,,,,,-0.9777,,,,,-0.9996,,,,,,,,,,1.0,,,,,,,,,-0.8061,,,,,,,,,,,,,,,-0.6303,,0.999,,,0.8869,,,-0.956,,,,1.0,,,,,,0.9086,,,,,1.0,,,,,,,,,,,,,,0.9945,-0.8383,0.8862,,,,-0.4939,,,,,1.0,,,,,,-0.9915,1.0,,,,,,,,,,
australia,5,,-1.0,,,,,,,,,,,,,,,,,,,,,,,,,,,,,,,,,,,,0.9989,,,,,,,,,,,,,,,,,,,,,,,,,,,,,,,,,,,,,,,,,,,,,,,,,,,,,,,,,,,,,,,,,,,,,,,,,,,,,,,,,,,,,,,,,,,,-0.9757,,,,,,,,,,,,,,0.8261,,,,,,,,,-0.958,,,,,,,,,,,,,,,,,,,,,-0.9968,,0.9916,,,,,,,,,,,,,,,,,,,,,,,,,,,,,,,,,,,,,,,,,,,,,,,,,,,,,,,-0.7069,,,,,,,,,,,,,,,,,,,-1.0,,,,,,,,,,,,,,,,,,,,,,,,,,,,,,,,,,,,,,,,,,,,,,,,,,,,,-0.9659,,,,,,,,,,,,,,,,,,,,,,,,,,,,,,,,,,,,,,,,,,,,,,,,,,,,,,,,,,,,,,,,,,,,,,,,,,,,,,,,,,,,,,,,,,,,,,,,,,,,,,,,,,,,,,,,,,,,,,,,,,,,,,,,,,,,,,,,,,,,,,,,,,,,,,,,,,,,,,,,,,,,,,,,,,,,,,,,,,,,,,,,,,,,-0.6173,0.0,,,,,,,,,,,,,,,,,,,,,
BlackLivesMatter,6,,-1.0,,,,,,,,,,,,,,,,,,,,,,,,,,,,,,,,,,,,,,,,,,,,,,,,,,,,,,,,,,,,,,,,,,,,,,,,,,,,,,,,,,,,,,,,,,,,,,,,,-1.0,,,,,,,,,,,,,,,,,,,,,,,,,,,,,,,,,,,,,,,,,,,,,,,,,,,,,,-0.8817,-1.0,,,,,,,,,,,,,,,,,,,,,,,,,,,,,,,,,,,,,,,,,,,,,,,,,,,,,,,,,,,,,,,,,,,,,,,,,,,,,,,,,,,,,,,,,,,,,,,,,,,,,,,,,,,,,,,,,,,,,,,,,,,,,,,,,,,,,,,,,,,,,,,,,,,,,,,,,,,,,,,,,,,,,,,,,,,,,,,,,,,,,,,,,,,,,,,,,,,,,,,,,,,,,,,,,,,,,,,,,,,-0.9986,,,,,,,,,,,,,,,,,,,,,,,,,,,,,,,,,,,,,,,,,,,,,,,,,,,,,,,,,,,,,,,,,,,,,,,,,,,,,,,,,,,,,,,,,,,,,,,,,,,,,,,,,,,,,,,,,,,,,,-0.8635,,,,-1.0,,,,,,,,,,,,,,,,,,
chicago,7,,0.9997,,,,,,,,,,,,,,,,,,,,,,,,,,,,,,,,,,,,,,,,,,,,,,,,,,,,,,,,,,,,,,,0.9864,,,,,,,,,,,,,,,,,,,,,,,,,,,,,,,,,,,,,,,,,,,,,,,,,,,,,,,,,,,,,,,,,,,,,,,,,,,,,,,,,,,,,,,,,,,,,,,,,,,,,,,,,,,,,,,,,,,,,,,,,,,,,,,,,,,,,,,,,,,,,,,,,,,,,,,,,,,,,,,,,,,,,,,,,,,,,,,,,,,,,,,,,,,,,,,,,,,,,,,,,,,,,,,,,,,,,,,,,,,,,,,,,,,,,,,,,,,,,,,,,,,,,,,,,,,,,,,,,,,,,,,,,,,,,,,,,,,,,,,,,,,,,,,,,,,,,,,,,,,,,,,,,,,,,,,,,,,,,,,,,,,,,,,,,,,,,,,,,,,,,,,,,,,,,,,,,,,,,,,,,,,,,,,,,,1.0,,,,,,,,,,,,,,,,,,,,,,,,,,,,,,,,,,,,,,,,,,,,,,,,,,,,,,,,0.0,,,,,,,,,,,,,,,,,,,,,,
gunpolitics,8,,-1.0,,,,,,,,,,,,,,,,,,,,,,,,,,,,,,,,,,,,,,,,,,,,,,,,,,,,,,,,,,,,,,,,,,,,,,,,,,,,,,,,,,,,,,,,,,,,,,,,,,,,,,,,,,,,,,,,,,,,,,,,,,,,,,,,,,,,,,,,,,,-1.0,,,,,,,,,,,,-0.9841,,,,,,,,,,,,,,,,,,,,,,,,,,,,,,,,,,,,,,0.9989,,,,,,,,,,,,,,,,,,,,,,,,,,,,,,,,,,,,,,,,,,,,,,,,,,,,,,,,,,,,,,,,,,,,,,,,,,,,,,,,,,,,,,,,,,,,,,,,,,,,,,,,,,,,,,,,,,,,,,,,,,,,,,,,,,,,,,,,,,,,,,,,,,,,,,,,,,,,,,,,,,,,,,,,,,,,,,,,,,,,,,,,,,,,,,,,,,,,,,,,,,,,,,,,,,,,,,,,,,,,,,,,,,,,,,,,,,,,,,,,,,,,,,,,,,,,,,,,,,,,,,,,,,,,,,,,,,,,,,,,,,,,,,,,,,,,,,,,,,,,-0.9305,,,,,,,,,,,,,,,,,,,,,,
ImagesOfThe2010s,9,,0.9985,,,,,,,,,,,,,,,,,,,,,,,,,,,,,,,,,,,,,,,,,,,,,,,,,,,,,,,,,,,,,,,,,,,,,,,,,,,,,,,,,,,,,,,,,,,,,,,,,,,,,,,,,,,,,,,,,,,,,,,,,,,,,,,,,,,,0.9389,,,,,,,,,,,,,,,,,,,,,,,,,,,,,,,,,,,,,,,,,,,,,,,,,,,,,,,,,,,,,,,,,,,,,,,,,,,,,,,,,,,,,,,,,,,,,,,,,,,,,,,,,,,,,,,,,,,,,,,,,,,,,,,,,0.0,,,,,,,,,,,,,,,,,,,,,,,,,,,,,,,,,,,,,,,,,,,,,,,,,,,,,,,,,,,,,,-0.994,,,,,,,,,,,,,,,,,,,,,,,,,,,,,,,,,,,,,,,,,,,,,,,,,,,,,,,,,,,,,,0.9283,,,,,,,,,,,,,,,,,,,,,,,,,,,,,,,,,,,,,,,,,,,,,,,,,,,,,,,,,,,,,,,,,,,,,,,,,,,,,,,,,,,,,,,,,,,,,,,,,,,,,,,,,,,,,,,,,,,,,,,,,,,,,,
newsokur,10,,1.0,,,,,,,,,,,,0.7292,,,,,,,,,,,,,,,,,,,,,,,,,,,,,,,,,,,,,,,,,,,,,,,,,,,,,,,,,,,,,,,,,,,,,,,,,,,,,,,,,,,,,,,,,,,,,,,,,,,0.0,,,,,,,,,,,,,,,,,,,,,,,,0.9998,,,,,,,,,,,,,,,,-0.9802,,,,,,,,,,,,,,,,,,,,,,,1.0,,,,,,,,,,0.6447,,,,,,,,,,,,,,,,,,,,,,,,,,,,,,,,,,,,,,,,,,,,,,,,,1.0,,,,,,,,,,,-0.981,,,,,,,,,,,,,,,,,,,,,,,0.9996,0.9999,,,,,,,,,,,,,,,,,,,,,,,,,,,,,,,,,0.9999,,1.0,,,,,,,,,,,,,,,,,1.0,,,1.0,,0.0,,,,,,,,,,,,,,,,,,,,,,,,,,,,,,,0.7293,,,,,,,,,,,,,,,,,,,,,,,,,,,,,,,,,,,,0.0,,,,,,,0.0,,,,,,,,,,,,,,,,,,,,,,,,,,,,,,,,,,,,,,,,,,,,,,,,,0.9994,,,,,,,,,,,,,,,,0.9999,,,,,,0.4501,,,,,,,,0.9999,0.9971,,,,0.9882,,,,,,-0.2732,,,,,,,,,,,,,,,,,,,,,,
newzealand,11,,0.9914,,,,,,,,,,,,,,,,,,,,,,,,,,,,,,,,,,,,,,,,,,,,,,,,,,,,,,,,,,,,,,,,,,,,,,,,,,,,,,,,,,,,,,,,,,,,,,,,,,,,,,,,,,,,,,,,,,,,,,,,,,,,,,,,,,,,,,,,,,,,,,,,,,,,,,,,,,,,,,,,,,,,,,,,,,,,,,,,,,,,,,,,,,,,,,,,,,,,,,,,,,,,,,,,,,,,,,,,,,,,,,,,,,,,,,,,,,,,,,,,,,,,,,0.9978,,,,,,,,,,,,,,,,,,,,,,,,,,,,,,,,,,,,,,,,,,,,,,,,,,,,,,,,,,,,,,,,,,,,,,,,,,,,,,,,,,,,,,,,,,,,,,,,,,,,,,,,,,,,,,,,,,,,,,,,,,,,,,,,,,,,,,,,,,,,,,,,,,,,,,,,,,,,,,,,,,,,,,,,,,,,,,,,,,,,,,,,,,,,,,,,,,,,,,,,,,,,,,,,,,,,,,,,,,,,,,,,,,,,,,,,,,,,,,,,,,,0.7438,0.0,,,,,,,,,,,,,,,,,,,,,
nyc,12,,1.0,,,,,,,,,,,,,,,,,,,,,,,,,,,,,,,,,,,,,,,,,,,,,,,,,,,,,,,,,,,,,,,,,,,,,,,,,,,,,,,,,,,,,,,,,,,,,,,,,,,,,,,,,,,,,,,,,,,,,,,,,,,,,,,,,,,,,,,,,,,,,,,,,,,,,,,,,,,,,,,,,,,,,,,,,,,,,,,,,,,,,,,,,,,,,,,,,,,,,,,,,,,,,,,,,,,,,,,,,,,,,,,,,,,,,,,,,,,,,,,,,,,,,,,,,,,,,,,,,,,,,,,,,,,,,,,,,,,,,,,,,,,,,,,,,,,,,,,,,,,,,,,,,,,,,,,,,,,,,,,,,,,,,,,,,,,,,,,,,,,,,,,,,,,,,,,,,,,,,,,,,,,,,,,,,,,,,,,,,,,,,,,,,,,,,,,,,,,,,,,,,,,,,,,,,,,,,,,,,,,,,,,,,,,,,,,,,0.9997,,,,,,,,,,,,,,,,,,,,,,,,,,,,,,,,,,,,,,,,,,,,,,,0.9934,,,,,,,,,0.0,,,,,,,,,,,,,,,,,,,,,,
Portland,13,,-0.9948,,,,,,,,,,,,,,,,,,,,,,,,,,,,,,,,,,,,,,,,,,,,,,,,,,,,,,,,,,,,,,,,,,,,,,,,-0.4588,,,,,,,,,,,,,,,,,,,,,,,,,,,,,,,,,,,,,,,,,,,,,,,,,,,,,,,,,,,,,,,,,,,,,,,,,,,,,,,,,,,,,,,,,,,,,,,,,,,,,,,,,,,,,,,,,,,,,,,,,,,,,-0.9997,,,,,,,,,,,,,,,,,,,,,,,,,,,,,,,,,,,,,,,,,,,,,,,,,,,,,,,,,,,,,,,,,,,,,,,,,,,,,,,,,,,,,,,,,,,,,,,,,,,,,,,,,,,,,,,,,,,,,,,,,,,,,,,,,,,,,,,,,,,,,,,,,,,,,,,,,,,,,,,,,,,,,,,,,,,,,,,,,,,,,,,,,,,,,,,,,,,,,,,,,,,,,,,,,,,,,,,,,,,,,,,,,,,,,,,,,,,,,,,,,,,,,,,,,,,,,,,,,,,,,,,,,,,,,,,,,,,,,,,,,,,,,,,,,,,,0.0,,,,,,,,,,,,,,,,,,,,,,
postnationalist,14,,-1.0,0.2244,,,,,,,,,,,,,,,,,,,,,,,,,,,,,,,,,,,,,,,,,,,-1.0,,,,,,,,,,,,,,,,,,0.9999,,,,,,,,,,,-0.9986,,,,,,,,,,,,,,,,,,,,,,,,,,,,,,,,,,,,,,,,,-0.9956,,,,,,,,,,,,,,,,,,,,,,,,,,,,,,,,,,,,,,,,,,,,,,,,,,,,,,,,,,,,,,,-0.9969,,,,,,,,,,,,,,,,,,,,,-0.9959,,,,,,,,,,,,,,,,,,,,,,,,,,,,,,,,,,,,,,,,,,,,,,,,,,,,,,,,,,,,,,,,,,,,,,,,,,,,,,,,,,,,,,,,,,,,,,,,,,,,,,,0.9997,,,,,,,,,,,0.9855,,,,,,,,,,,0.9714,,,,,,,,,,,,,,,,,,,,,,,,,,,,,,-0.9994,,,,,,,,,,,,,,,0.9956,,,,,,,,,,,,-0.4802,,,,,,,,,,,,,,,,,,,,,,,,,,,,,,,,,,,,,,,,,,,,,,,,,,,,,,-0.5604,,,,,,,,,,,,,,,,,,,,,,,,,,,,,,,,,,,,,,,,,,,,,,,,,,,,,,,-0.9836,,,,,,,,,,0.9999,,,0.7544,,,,,,,,,
redditdotcom,15,,0.9999,,,,,,,,0.9995,,,,,,,,,,,,,,,,,,,,,,,,,,,,,,,,,,,,0.9902,,,,,,,,,,,,,,,0.9953,,,,,,,,,,,,,,,,,,,,,,,,,,,,,,,,,,,,,,,,,,,,,,,,,,,,,,,,,,,,,,,,,,,,,,,,,,,,,,,,,,,,,,,,,,,,,,,,,,,,,,,,,,,,,,,,,,,,,,,,,,,,,,,,,,,,,,,,,,,,,,,,,,,,,,,,,,,,0.9855,,,,,,,,,,,,,,,,,,0.9999,,,,,,,,,,,,,,,,-0.7424,,,,,,,,,,,,,,,,,,,,,,,,,,,,,,,,,,,,,,,,,,,,,,,,,,,,0.9997,,,,,,,,,,,-0.9854,,,,,,,,,,,-0.9999,,,,,0.9999,,,,,,,,1.0,,,,,,,,,,,,,,,,,0.8748,,,,,,,,,,,,,,,,,,,,,,,,,,,0.9559,,,,,,,,,,,,,,,,,-0.4951,0.9186,,,,,,,,,,,,1.0,,,,,,,,,,,,,,,,,,,,,,,,,,,,,,,,,,,,,,,,,,,,,,,0.9835,,,,,,,0.9998,,,,,,,,,,,,,,,0.9965,,,,,,,,,,0.0,,,-0.9996,,,,,,,,,,,,,,,,,,,
SandersMedia,16,,1.0,,,,,,,,,,-1.0,,,,,,,,,,,,,,,,,,,,,,,,,,0.5551,,,,,,,,,,,,,,,,,,,,,,,,,,,,,,-0.9999,,,,,,,,-0.3874,,,,,,,,,,,,,,,,,,,,,,,,,,,,,,,,,,,,,,,,,,,,,,,,,,,,,,,,,,,,,,,,,,,0.899,,,,,,,,,,0.9235,,,0.0,,,,,,,,,,,,,,,,,,,,,,,,,,,,,,,,,,,,,,,,,,,,,,,,,,,,,,,,,,,,,,,,,,,,,,,,,,,,,,,,,,,,,,,,,,,,,,,,,,,,,,,,,,,,,,,,,,,,,,,,,,,,,,,,,,,,,,,,,,,,,,,,,,,,,,,,,,,,,,,,,,,,,,,,,,,,,,,,,,,,,,,,,,,,,,,,,,,,,,,,,,,,,,,,,,,,,0.7876,,,,,,,,,,,,,,,,,,,,,,,,,,,,,,,,,,,,,,,,,,,,,,,,,,,,0.5095,,,,,,,,,,,,,,,,,,,,,,,,,,,,,,,,,,,,,0.0,,,,,,,,,,,,,,,,,,,,0.8796,,,,0.8545,,,,,,,,,0.8858,,,,,,,,,,,,,,,,,,,,,,
SubredditSimulator,17,,1.0,,,,,,,,,,,,,,,,,,,,,,,,,,,,,,,,,,,,,,,,0.9999,,,,,,,,,,,,,,,,,,,,,,,,,,,,,,,,,,,,,,,,,,,,,,,0.9521,,,,,,,,-0.8842,,,,,,,,0.8445,,,,,,,,,,,,,,,,,,,0.9998,,,,,,,,,,,,,0.998,,,,,,0.9991,,,,,,,,,,-0.853,,,,,,,,,,,,,,,,,,,,,,,1.0,,,,,,,,0.9989,,,-0.8828,,,,,,,,,,,,,,,,,,,-0.9797,,,,,,,,,,,,,,,,,,,,,,,,,,,,,0.9543,,,,,,,,,,,,,,,,,,,,,-0.9425,,,,,,,,,,,,,0.8951,,,,,,,,,,,,,,,,,0.1027,,,,,,,,,,,,,,,,,0.9999,,,,,,,,,,,,,,,,,,,,,,1.0,,,,0.9951,,,,,,,,,,,,,,,,,,,,,,,,,,,,,,,,,,,-0.7845,,,,,,,,,,,,,,,,,0.8297,,,,,,,,,,,0.9954,,,,,,,,,,,,,,,,,,,,1.0,,,,,,,,,,,,,,,,,,,,,,,,,,,,,,-0.9968,,,,,,,,,,,,,0.9997,,,,,,,,,,,0.9997,,,,,0.999,,,,,,,,,,,,-0.9883,,0.9987,0.9837,,,,,0.6983,,,,-0.9996,0.9997,,,,,,,,,,,,,,,,,
AmIFreeToGo,18,,,,-0.9998,,,,,,,,,,,,,,,,,,,,,,,,,,,,,,,,,,,,,,,,,,,,,,,,,,,,,,,,,,,,,,,,,,,,,,,,,,,,,,,,,,,,,,,,,,,,,,,-1.0,,,,,,,,,,,,,,,,,,,,,,,,,,,,,,,,,,,,,,,,-0.9798,,,,,,,,,,,,,,-0.9643,,,,,,,,,,,,,,,,,,,,,,,,,,,,,,,,,,,,,,,,,,,,,,,,,,,,,,,,,,,,,,,,,,,,,,,,,,,,,,,,,,,,,,,,,,,,,,,,,,,,,,,,,,,,,,,-1.0,-0.9999,,,,,,,,,,,,,,,,,,,,,,,,,,,,,,,,,,,,,,,,,,,,,,,,,,,,,,,,,,,,,,,,,,,,,,,,,,,,,,,,,,,,,,,,,,,,,,,-0.9376,,,,,,,,,,,,,-0.9984,,,,,,,,,,,,,,,,,,,,,,,,,,,,,,,,,,,,,,,,,,,,,,,,,,,,,,,,,,,,,,,,,,,,,,,,,,,,,,,,,,,,,,,,,,,,,,,,,,,,,,,,,,,,,,,,,,,,,,-0.8151,,,,,,,,,,,,,,,,,,,,,,
police,19,,,,-1.0,,,,,,,,,,,-0.9999,,,,,,,,,,,,,,,,,,,,,,,,,,,,,,,,,,,,,,,,,,,,,,,,,,,,,,,,,,,,,,,,,,,,,,,,,,,,,,,,,,,,-1.0,,,,,,,,,,,,,,,,,,,,,,,,,,,,,,,,,,,,,,,,,,,,,,,,,,,,,,-0.9571,,,,,,,,,,,,,,,-1.0,,,,,,,,,,,,,,,,,,,,,,,,,,,,,,,,,,,,,,,,,,,,,,,,,,,,,,,,,,,-0.9999,,,,,,,,,,,,,,,,,,,,,,,,,,,,,,,,,,,,,,0.9991,,,,,-1.0,,,,,,,,,,,,,,,,,,,,,,,,,,,,,,,,,,,,,,,,,,,,,,,,,,,,1.0,,,0.9999,,,,,,,,,,,,,,,,,,,,,,,,,,,,,,,,,,,,,,,,,,,,,,,,,,,,,,,,,,,,,,,,,,,,,0.0,,,,,,,,,,,,,,,,,,,,,,,,,,,,,,,,,,,,,,,,,,,,,,,,,,,,,,,,,,,,,,,,,,,,,,,,,,,,,,,,,,,,,,,,,,,,,,,,,-0.5562,,,,,,,,,,,,,,,,,,,,,,
PublicFreakout,20,,,,-1.0,,,,,,,,,,,-0.9997,,,,,,,,,,,,,,,,,,,-0.9989,,,,,-1.0,,,,,,,,,,,,,,,,,,,,,,,,,,,,,,,,,,,,,,,,,,,-1.0,,,,,,,,-0.9998,,,,,,,,,,,,,,,,,,,,,,,,,,,,,,,,,,,,,,,,,,,,,-1.0,,,,,,,,,-0.9998,,,,,,,,,,,,,,,,,,,,,,,,,,,,,,,,,,,,,,,,,0.9585,,,,,,,,,,,,,,,,,,,-1.0,-0.9995,,,,,,,,,,,,,,,,,,,,,,-1.0,,,,,,,,,,,,,,,,,,,,,,,,,,,,,,,,,,,,,,-1.0,,,,,,,1.0,,,,,,,,,,,,,,,,-1.0,,,,,0.9999,,,,,,,,,,,,,,,,,,,,,,,,,,,,,1.0,,,,,,,,,,,,,,,,,,,,,,,,,,,,,,,,,,,,,,,,,,,,,,,,,,,,,,,,,,,-1.0,,,,,,,,,,,,,-1.0,,,,,,,,,,,,,,,,,,,,-1.0,,,,,,,,,,0.9999,,,,,,,,,,,,,,,,,,,,,,,,,,,,,,,,,,,,,,,,,,,,,,,,,,,,,,,,,0.9267,,,,,,,,,,,,,,,,,,,,,,,,,,,,,,,,
BlackPeopleTwitter,21,,,,,,-0.9986,,,,,,,,,,,,,,,,,,,,,,,,,,,,,,,,,,,,,,,-0.9768,-0.9994,,,,,,,,,,,,,,,,,,,,,,,,,,,,,,,,,,,,,,,,,,,,,,,,,,,,,,,,,,,,,,,,,,,,,,,,,,,,,,,,,,,,,,,,,,,,,,,,,,,,,,,,,,,,-1.0,,,,,,,,,,,,,,,,,,,,,,,,,,,,,,,,,,,,,,,,,,,,,,,,,,,,,,,,,,,,,,,,,,,,,,,,,,,,,,,,,,,,,,,,,,,,,,,,,,,,,,,,,,,,,,,,,,,,,,,,,,,,,,,,,,,,,,,,,,,,,,,,,,,,,,,,,,,,,,,,,,,,,,,,,,,,,,,,,,,,,,,,,,,,,,,,,,,,,,,,,,,,,,,,,,,,,,,,,,,,,,,,,,,0.9999,,,,,,,,,,,,,,,,,,,,,,,,,,,,,,,,,,,,,,,,,,,,,,,,,,,,,,,,,,,,,,,,,,,,,,,,,,,,,,,,,,,,,,,,,0.9906,,,,,,,,,,,,,,,0.8594,,,,,,0.7133,,,,,,,,,,,,,,,,,,,,,,
awfuleverything,22,,,,,,,-0.9299,,,,,,,,,,,,,,,,,,,,0.7179,,,,,,,,,0.9961,,,,,,,,,,,,,,,,,,,,,-0.9929,-0.9972,,,,,,,,,,,,,,,,,,,,,,,,,,,,,,,,,,,-0.8878,,,,,,,,,,,,,,,,,,,,,,,,,,,,,,-0.8343,,,,,,,,,,,,,-0.9988,,,,,,,,,,,,,,,,,0.9983,-1.0,,,,,,,,,,,,,,,,,,,,,,,,-0.9926,,,,,,,,,,,,,,,,,,,,,,,,,0.9911,,,,,,,,,,,,,,,,,,,,,,,,,,,,,,,,,,,,,,,,,,,,,,,,,,,,,,,,,,,,,,,,,,,,,,,,,,,,,,,,,,,,,,,,,,0.128,,,,0.9975,,,,,,,,,,,,,,,,,,,,,,,,,,,,,,,,,,-0.9809,,,,,,,,,,,,,,,,,,,,,,,,,,,,,,,,,,,,,,,,,,,,,,,,,,,,,,,,,,,,,,,0.0,,,,,,,,,,,,,,,,,,,,,,-0.9983,,,,,,,,0.9825,,,,,,,,,,,,,,,,,,,,,,,,,,,,,,,,,,,,,,,,,,,,-0.9994,,-0.9988,,,,,,,,,,,,,,-0.9999,,,,,,,-0.9954,,,,,,,,,,,,,,,,,,,,,,
mildlyinfuriating,23,,,,,,,-1.0,,,,,,,,,,,,,,,,,,,,,,,-1.0,,,,,,,,,,,,,,,-0.9997,,,,,,,,,,,,,,,,,,,,,1.0,,,,,,,,,,,,,,,,,,,0.5738,,,,,,,,,,,,,,,,,,,,,,,,0.9979,,,,,,,,,,,,,,,,,,,,,,,,,,,,,,,,,,,,,,,,1.0,,,,,,,,,,,-0.9995,,,,,,,,,,-0.9998,,,,,,,-0.9999,,,,,,,,,,,,0.9996,,,,,,,,,,,,,0.9993,-0.9995,,0.9738,,,,,,,,,-0.8706,,,,,,,,,,,,,,-0.9998,,,,,,,,,,,,,-0.9998,,,,,,,,,,,,,,,,,,,,,,,,,,,,,,0.712,,,,,,,,,0.9644,,,,,,,,,,,,,,,,,,,,,,,,,,,,,,,,,,,,,,,,,,,,,,-0.9612,,-0.9999,,,,0.9999,,,,,,,,,,,,,,,,,,,,,,,,,,,,,,,,,,,,,,,,,,,,,,,,,,,,-0.9174,,,,,,,,,,0.9993,,,,,,,,,,,,,,,,,,,,,,,,,-1.0,,,,,-0.4122,,,-1.0,,,,,,1.0,,,,,,,,,,,,,,,,-1.0,,,,,,,,,,,,,,-0.9999,,,,,,,,,,,,,,,,,,,,,,,,,,,,,,,,,,,,,-0.9996,,,,,,,,,,,,,
Blackout2015,24,,,,,,,,,,,0.9997,-1.0,,,,,,-0.999,,,,,,,,0.9986,,,,,-1.0,,,,,,,,,,,,,,,,,-0.9924,,,,,,,,,,,,,,0.8176,,,,,,-0.9996,,,-0.9956,,,,,,,,-0.9741,,-0.686,,0.6476,0.9984,,,,,,,,,,,,-1.0,,,,-0.0258,,,,,,,,,,,,,,,,,,,,,,,,,,,,,,,0.0,,,,,,,,,,,,0.6124,,,,,,,,,,-0.901,,,,,,,,,,,,-0.9957,,,,,,0.6369,,,,,,,,,0.0,,-0.9617,0.9971,-0.8711,,,,,,,,,,0.8388,,,0.9718,,,-0.9888,,,,,,,0.0,,,,,,,,,,,,0.9258,,,,,,,,,,,,,0.9813,0.979,,,,,-0.9989,,,,,,,,0.9975,,,,,,,,,0.4215,,,,0.5745,,,-1.0,,,,,,,,,,,,,-0.9989,,,,,,,,,,-1.0,,,,,,,,,,-0.9954,0.7513,,0.9988,0.9913,,,-0.9963,,,,-1.0,0.9993,,,,,,,,,0.9984,,,,,,,,,,,,,,,,,0.9935,-0.9979,-1.0,,,,,,,,0.8497,-1.0,,-0.9646,,,,-0.3318,,,,,,,,,-0.3765,,,,,,,,,,,,,,,,,0.999,,,,,,,,,,,,,,,,,,,,,0.999,,,,,,,0.9928,,,,-0.534,,,0.9997,,,,,,0.9937,0.9922,,,,,0.8249,,,,,,,,,-0.296,,,,,,,,,,,,,,,,,,,,0.9754,,,,,,,,,,0.0,,,-0.9831,,,,,,,,,,,,,,,,,,,,,,,,0.0,,0.1926,,,1.0,,,,-0.5421,,,,-0.9999,,,,-0.9619,,,,,,,0.9996
BreadTube,25,,,,,,,,,,,,-1.0,,,,,,,,,,,,,,,,,,,,,,,,,,,,,,,,,,,,,,0.983,,,,,,,,,,,,,,,,,,-1.0,,,,,,,,,,,,,,,,,,,,,,,,,,,,,,,-1.0,,,,,,,,,,,,,,,,,,,,,,,,,,,,,,,,,,,,,,,,,,,,,,,,,,,,,,,,,,,,,,,,,,,,,,,,,,,,,,,,,,,-0.9985,,,,,,,,,,,,,,,,,,,,,,,,,,,,,,,,,,,,,,,,,,,,,,,,,,,,,,,,,,,,,,,,,1.0,,,,,,,,,,,,,,,,,,,,,,,,,,,,,,,,,,,,,,,,,,,,,,,,,,,,,,,,,-0.8197,,,,,,,,,,,,,,,,,,,,,,,,,,,,,,,,,,,,,-0.4019,,,-0.9998,,,,,,,,,0.9824,,,,,,,,,,,,,,,0.9979,,,,,,,,,,,,,,,,,,,,,,0.9998,,,,,,,,,,,,,,,,,,,,,,,,,,,,,,,,,,,,,,,,,,,,,,,0.9897,,,,,,,,,,,,,,,,,,,,,,,,,,,,,,,,,,,,,,,,,,,,,,,,,,,,,,0.3612,,,,,,,,,,,,,,,,,,,-0.9806,,,
trees,26,,,,,,,,,,,,,,,,0.9678,,,,,,,,0.9998,,,,,,,,,,,,,,,,,0.0,,,,,,,,,,,,,,,,,,,,,,,,,,,,,,,,,,,,,,,,,,,,,,,,-0.9281,,,,,,,,0.9994,0.9998,,,,,,,,,,,,,,,,,,,,,,,,,,,,,,,,,,,,,,,0.8664,,,,,,,,,0.8598,0.9942,,,,,,-0.991,,,,,,,,,,,,,,,,,,,,,,,,,,,,,,,,,,0.981,0.9998,,,,,,,,,,,,,,,,,,,,,,,,,,,-0.765,,,,,,,,,,,,,,,,,,,,0.9999,,,,,,,,,,,,,,,,,,,,,,,,,,0.9941,,,,,,,,,-0.9984,,,,,,,,0.9978,,,,,,,,,,,,,,,,,,,,,,,,,0.9999,,,,,0.9998,-0.3385,,,,,,,,,,,,,,,,0.9999,,,,,,,,,,,,,,,,,,,,,,,,,,,,,,,,,,,,,,,,,,,,,,0.9975,,,,,,,,,,,,,,,,,,,,,,,,,,,,,,,0.9994,,,,,,,,,,,,,,,,,,,,,,,,,,,,,,,,,,,,,,,,,,,,,,,,,,,,,,,,,,,,,,,,1.0,,,,,,,,,,,,,,,,,,,0.9357,,,,,,0.2869,,,,,,,,,,,,,,,,,,,,,,
HongKong,27,,,,,,,,,,,,,,,,,,,0.5157,,,,,,,,,,,,,,0.8046,,,,,,,,,,,,,,,,,,,,,,,0.9765,,,,-0.9996,,,,,,,,,,,,,,,,,1.0,-1.0,,,,,,,,0.9997,,,,,,,,,,,,,,,,,,,,,,,,,,,,,,,,-0.9995,,,,,,,,,-0.9998,,,,,,,,,,0.9952,,,,,-0.9998,,-0.9928,,,,,,,,,,,,,,,,,,,,,,,0.0926,,,,,,,,,,,,,,,,,,,,,,,,,,,,,,,,,,,,-0.7692,,,,,,0.9971,,,,-0.9999,,,-0.9999,,,,,,,,,,,,,,,,,,,,,,,,,,,,,,,,,-0.9969,,,,,,,,,,,0.9964,,,,,,,,,,,,,,,,-0.9714,,,,,,,,,,,,,,,,,,,,,,,,,,,,,,,,,,,,,,,,,,,,-0.9999,,-0.9983,,,,,,,,,,,,,,,,,,,,,,,,,,,,,,,,,,,,,,,,,,,,,,,,,,,,,,,,0.9952,,,,,,,,,,,,,,,,,,,,,,,,,,,,,-0.9999,,,,,,,,,,,,,,,,,,,,,,,,,,,,,,,,,,,,,-1.0,,,,,,,,,,,,,,,,,,,,,,,-0.9961,,,,,,,,,,,,,,,,,,,,,-0.9999,,,1.0,,,,,,-0.8923,,,,,,,,,,,,,,,,
GunsAreCool,28,,,,,,,,,,,,,,,,,,,,,,,-1.0,,,,,,,,,,,,,,,,,,,,,,,-1.0,,,,,,,,,,,,,,,,,,,,,,,,,,,,,,,,,,,,,,,,,,,,,,,,,,,,,,,,,,,,,,,,,,,,,,,,,,,,,,,,,,,,,,,,,,,,,,,-1.0,,,,,,,,,,,,-0.9651,-1.0,,,,,,,-1.0,,,,,,,,,,,,,,,,,,,,,,,,,,,,,,-0.9998,,,,,,,,,,,,,,,,,,,,,,,,,,,,,,,,,,,,,,,,,,,,,,,,,-1.0,,,,,,,,,,,,,,,,,,,,,,,,,,,,,,,,,,,,,,,,,,,,,,,,,,,,,,,,,,,,,,,,,,,,,,,-0.9696,,,,,,,,,,,,,,,,,,,,,,,,,,,,,,,,,,,,,,,,,,,,,,,,,,,-1.0,,,,,,,,,,,,,,,,,,,,,,,,,,,,,,,-0.9956,,,,,,,,,,,,,,,,,,,,,,,,,,,,,,,,,,,,,,,,,,,,,,-0.9999,,,,,,,,,,,,-1.0,,,,,,,,,,,,,,,,,,,,,,,,,,,,,,,,,,,,,,,,-0.9954,,,,,,,,,,,,,,,,,,,,,,
pics,29,,,,,,,,,,,,,,,,,,,,,,,,,,,,-0.8623,,,,,,,,,,,,,,,,,-0.9972,0.9989,,,,,,,,,,,,,,,,,,,,,-0.9819,,,,,,,,,,,,,,,,,,0.9829,,,,,,,,,,,,,,,,,,,,0.4019,,-0.8281,,,0.3079,,,,0.9413,,,,,0.128,,0.9499,0.9859,,,,,,,,,,0.9584,,,,,1.0,-0.7948,,,,,0.9998,0.9143,,,,,,,,,,,,,,,,,,,,0.9293,,0.9975,,,,,,,,,,1.0,,,-0.9968,,0.0,,,,0.975,,,,,,,,0.9864,,,,,,,,0.8169,,0.9861,,,,,,,,,,0.9817,,,,,,,,0.9075,,,,,,,,,,,,,,0.9997,0.9974,,,,,,,,,0.9994,,,,-0.9998,,,,,,,0.8946,0.0,,,,,,,,-0.9984,,,,0.9999,,,,,0.941,,,,,,,,,,,,,,,,,,,,,,,,,,-0.6441,,,1.0,-0.5689,,,,,,,,,,,,,0.9283,,,,,0.9999,,,-0.9898,,,,,,,,,,,,,,,,,,,,,,,,,,,,,,,-0.833,,0.814,,,,,0.2139,,,,,,,,,,,,,,,,0.9991,,1.0,,,,,0.9922,,,,,,1.0,,,,,,,,,,0.9985,,,,,,,,,,,,,,,,,,,,,,-0.9976,1.0,,,,,,,,0.9943,,,,,,,-0.9657,,,,,0.2732,,,,,,,,0.958,,,,,,,,,,,,,0.9999,,,,,,,,,,,,,,,,,,,-0.3421,,,-0.9991,,,-0.9945,,,,,0.9989,,,,,,,,,,,0.9997,,1.0,,,,
germany,30,,,,,,,,,,,,,,,,,,,,,,,,,,,,,,,-0.9998,,,,,,,,,,,,,,,,,,,,,,,,,,,,,,,,,,,,,,,,,,,,,,,,,,,,,,,,,,,,,,,,,,,,,,,,,,,,,,,,,,,,,,,,,,,,,,,,,,,,,,,,,,,,,,,,,,,,,,,,,,0.694,,,,,,,,,,,,,,,,,,,,,,,,,,,,,,,,,,,,,,,,,,,,,,,,,,,,,,,,,,,,,,,,,,,,,,,,,,,,,,,,,,,,,,,,,,,,,,,,,,,,,,,,,,,,,,,,,,,,,,,,,,,,,,,,,,,,,,,,,,,,,,,,,,,,,,,,,,,,,,,,,,,,,,,,,-1.0,,,,,,,,,,,,,,,,,,,,,,,,,,,,,,,,,,,,,,,,,,,,,,,,,,,,,,,,,,,,,,,,,,,,,,,,,,,,,,,,,,,,,,,,,,,,,,,,,,,,,,,,,,,,,,,,,,,,,,,,,,,,,,,,,,,,,,,,,,,,,,,,,,,,,,,,,,,,,,,,,,,,,,,,,0.9611,,,,,,,,,,,,,,,,,,,,,,
Michigan,31,,,,,,,,,,,,,,,,,,,,,,,,,,,,,,,,,,,,,-0.999,,,,,,,,,,,,,,,,,0.9963,,,,,,,,,,,,,,,,,,,,,,,,,,,,,,,,,,,,,,,,,,,,,,,,,,,,,,,,,,,,,,,,,,,,,,,,,,,,,,,,,,,,,,,,,,,,,,,,,,,,,,,,,,,,,,,,,,,,,,,,,,,,,,,,,,,,,,,,,,,,,,,,,,,,,,,,,,,,,,,,,,,,,,0.9995,,,,,,0.9999,,,,,,,,,,,,,,,,,,,,,,,,,,,,,,,,,,,,,,,,,,,,,,,,,,,,,,,,,,,,,,,0.2905,,,,,,,,,,,,,,0.9999,,,,,,,,,,,,,,,,,,,,,,,,,,,,,,,,,,,,,,,,,,,,,,,,,,,,,,,,,,,,,,,,,,,,,,,,,,,,,,,,,,,,,,,,,,,,,,,,,,,,,,,,,,,,,,,,,,,,,,,,,,,,,,,,,,,,,,,,,,,,,,,,,,,,,,,,,,,,,,,,,,,,,,,,,,,,,,,,,,,,,,,,,,,,0.3612,,,,,,,,,,,,,,,,,,,,,,
eddit7yearsago,32,,,,,,,,,,,,,,,,,,,,,,,,,,,,,,,,,,,,,,,,,,0.9999,,,,,,,,,,,,,,,,,,,,,0.9678,,,,,,,,,,,,,,,,,,,,,,,,,,0.9956,,,,,,,,0.9838,,,,,,,,,,,,,,,,0.296,,,,,,,,,,,,,,,,0.9905,,,0.9371,,,,,0.9989,,,,,,0.986,,,,,,,,,,0.878,,,,,,,,,,,,,,,,,,,,,,,1.0,,,,,,,,-0.9858,,,-0.5462,,,,,,,,,,,,,,,,,,,0.9994,,,,,0.9733,,,,,,,,,,,,,,,,,,,,,,,,1.0,,,,,,,,,,,,,,,,,,,,,,,0.0,,,,,,,,,,,,0.9984,,,,,,,,,,,,,,,,,,,,,,,,,,,,,,-0.9879,,,1.0,,,,,,,,,,,,,,,,-1.0,,,,,,,,,,,,,,,,,,,,,,,,,,,,,,,,0.9668,,,,,,,,,,,,,,,,,,,,,,,,,,,,,,0.9638,,,,,,,,,,,0.9996,,,,,,,1.0,0.8338,,,,,,,,,,,,1.0,,,,,,,,,,,,,-0.6258,,,,,,-0.9597,,0.9928,,,,,,,,,,,,,,,,,,,,0.9942,,,,,,,,,,,,,1.0,,,0.3182,,,,,0.0,,,,,,,,,,,1.0,,,,,,0.0,,,0.9993,-0.9999,,,,,,,,,,0.8815,,,,,,,0.0,
me_irl,33,,,,,,,,,,,,,,,,,,,,,,,,,,,,,,,,,,,,,,,,,,,,,,,,,,,,,,,,,,,,,,,,,,,,,,,,,,,,,,,,,,,,,,,,,,,,,,,,,,,,,,,,,,,,,,,,,,,,,,,,,,,,,,,,,,,,,,,,,,,,,,,,,,,,,,,,,,,,,,,,,,,,,,,,,,,,,,,,,,,,,,,,,,,-0.9939,,,,,,,,,,,,,,,,,,,,,,,,,,,,,,,,,,,,,,,,,,,,,,,,,,,,,,,,,,,,,,,,,,,,,,,,,,,,,,,,,,,,,,,0.9321,,,,,,,,,,,,,,,,,,,,,,,,,,,,,,-0.7263,,,,,,,,,,,,,,,,,,,,,,,,,,,,,,,,,,,,,,,,,,,,,,,,,,,,,,,,,,,,0.0,,,,,,,,,,,,,,,,,,,,,,,,,,,,,,,,,,,,,,,,,,,,,,,,,,,,,,,,,,,,,,,,,,,,,,,,,,,,,,,,,,,,,,,,,,,,,,,,,,,,,,,,,,0.9784,,,,,,,,,,,,,,,,,,,,,0.9655,,,,,,,,,,,,,,,,,,,,,,
Drama,34,,,,,,,,,,,,,,,,,,,,,,,,,,,,,,,,,,,,,,,,,,,,,,-0.9997,,,,,,,,,,,,,,,,,,,,,,,,,,,,,,,,,,,,,,,,,,,,,,,,,,,,,,,,,,,,,,,,,,,,,,,,,,,,,,,,,,,,,,,,,,,,,,0.0,,,,,,,,,,,,,-0.6597,,,,,,,,,,,,,,,,,,,,,,,,,,,,,-1.0,,,,,,,,,,,,,,,,,,,,,,,,,,,,,,,,,,,,,,,,,,,,,,,,,,,,,,,-0.9997,-0.9999,-0.9985,,,,,,,-0.998,,,,,,,,,,,,,,,,,,,,,,,,,,,,,,,,-1.0,-0.9996,,,-0.9997,,,-0.9993,,,,,,,,,,,,,0.7084,,,0.9974,,,-0.9497,,-1.0,,,,,,,,,-0.9946,,,,,,,,,,,,,,,,,,,,-1.0,,,,,,,,0.9968,,,,,,,,,,,,,,,,,,,,,,,,,,,,,,,,,,,,,,,,,,,,,,,,,,,,,,,,,,,,,,,,,0.9945,,,,,,,,,,,,,,,,,,,,,,,,,,,,,-0.9976,,,,,,,,,,,,,,,,,,,,,,,,,,,,,,,,,,,,,,,,0.0,,,,,,,,,,,-0.8577,,,-0.453,,,,,,,,,,,,,,,,,,,,,,
ENLIGHTENEDCENTRISM,35,,,,,,,,,,,,,,,,,,,,,,,,,,,,,,,,,,,,,,,,,,,,,,-0.9999,,,,,,,,,,,,,,,,,,,,,,,,,,,,,,,,,,,,,,,,,,,,,,,,,,,,,,,,,,,,,,,,,,,,,,,,,,,,,,,,,,,,,,,,,,,,,,,,,,,,,,,,,,,,,,,,,,,,,,,,,,,,,,,,,,,,,,,,,,,,,,,,,,,,,,,,,,,,,,,,,,,,,,,,,,,,,,,,,,,,,,,,,,,,,,,,,,,,,,,,,,,,,,,-0.9999,,,,,,,,,,,,,,,,,,,,,,,,,,,,,,,,,,,,,,,,,,,,,,,,,,,,,,,,,,,,,,,,,,,,,,,,,,,,,,,,,,,,,,,,,,,,,,,,,,,,,,,,,,,,,,,,,,,,,,,,,,,,,,,,,,,,,,,,,,,,,,,,,,,,,,,,,,,,,,,,,,,,,,,,,,,,,,,,,,,,,,,,,,,,,,,,,,,,,,,,,,,,,,,,,,,,,,,,,,,,,,,,,,,,,,,,,,,,,,0.9205,,,,,,,,,,,,,,,,,,,,,,
florida,36,,,,,,,,,,,,,,,,,,,,,,,,,,,,,,,,,,,,,,,,,,,,,,-1.0,,,,,,,,,,,,,,,,,,,,,,,,,,,,,,,,,,,,,,,,,,,,,,,,,,,,,,,,,,,,,,,,,,,,,,,,,,,,,,,,,,,,,,,,,,,,,,,,,,,,,,,,,,,0.6808,,,,,,,,,,,,,,,,,,,,,,,,,,,,,,,,,,,,,,,,,,,,,,,,,,,,,,,,,,,,,,,,,,,,,,,,,,,,,,,,,,,,,,,,,,,,,,,,,,,,,,,,,,,,,,,,,,,,,,,,,,,,,,,,,,,,,,,,,,,,,,,,,,,,,,,,,,,,,,,,-0.7855,,,,,,,,,,,,,,,,,,,,,,,,,,,,,,,,,,,,,,,,,,,,,,,,,,,,,,,,0.9894,,,,,,,,,,,,,,,,,,,,,,,,,,,,,,,,,,,,,,,,,,,,,,,,,,,,,,,,,,,,,,,,,,,,,,,,,,,,,,,,,,,,,,,,,,,,,,,,,,,,,,,,,,,,,,,,,,,,,,,,,,0.5348,,,,,,,,,,,,,,,,,,,,,,
FunnyandSad,37,,,,,,,,,,,,,,,,,,,,,,,,,,,,,,,,,,,,,,,,,,,,,,-0.9998,,,,,-0.9621,,,,,,,,,,,,,,,,,,,,,,,,,,,,,,,,,,,,,,,,,,,,,,,,,,,,,,,,,,,,,,,,,,,,,,,,,,,,,,,,,,,,,,,,,,,,,,,,,,,,,,,1.0,,,,,,,,,,,,,,,,,,,,,-0.9719,,,,,,,,,,,,0.9989,,,,,,,,,,,,,,,,,,,,,,,,,,,,,,,-0.81,,,,,,0.8917,,,,,,,,,,,,,,,,,,,,,,,,,,,,,,,,,,,,,,,,,,,,,,,0.9645,,,,,,,,,,,,,,,,,,,,,,,,,,,,,,,,,-0.8539,,,,,,,,,,,,,,,,,,,,,,,,,,,,,,,,,,,,,,,,,,,,,,,,,,,,,,,,,,,,,,,,,,,,,,-0.5848,,,,,,,,,,,,,,,,,,,,0.0,,,,,,,,,,,,0.5003,,,,,,,,,,,,,,,,,,,,,,,,,,,,,,,,,,,,,,,,,,,,-0.6483,,,,,,,,,,,,,,-0.7007,,,,,,,,,,,,,,,,,,,,,0.9898,,,,,,-0.4063,,,,,,,,,,,,,,,,,,,,,,
dankmemesdaily,38,,,,,,,,,,,,,,,,,,,,,,,,,,,,,,,,,,,,,,,,,,,,,,,,,,,-1.0,,,,,,,,-1.0,,,,,,,,,,,,,,,,,,,,,,,,,,,,,,,,,,,,,,,,,,,,,,,,,,,,,,,,,,,,,,,,,,,,,,,,,,,,,,,,,,,,,,,,,,,,,,,,,,,,,,,,,,,,,,,,,,,,,,,,,,,,,,,,1.0,,,,,,,,,,,,,,,,,,,,,,,,,,,,,,,,,,,,,,,,,,,,,,,,,,,,,,,,,,,,,,,,,,,,,,,,,,,,,,,,,,,,0.3725,,,,,,,,,,,,,,,,,,,,,,,,,,,,,,,,,0.9836,,,,,,,,,,,,,,,,,,,,,1.0,,,,,,,,,,,,,,,,,,,,,,,,,,,,,,,,,,,,,,,,,,,,,,,,,,,,,,,,,,,,,,,,,,,,,,,,,,,,,,,,,,,,,,,,,,,,,,,,,,,,,,,,,,,,,,,,,,,,,,,,,,,,,,,,,,,,0.0,,,,,,,,,,,,,,,,,,,,,,,,,,,,,,,,,,0.0,,,,,,,,,,,,,,,,,,,,,,
blackmirror,39,,,,,,,,,,,,,,,,,,,,,,,,,,,,,,,,,,,,,,,,,,,,,,,,,,,,,,,,,,,,,,,,,,,0.9264,,,,,,,,,,,,,,,,,,,,,,,,,,,,,,,,,,,,,,,,,,,,,,,,,,,,,,,,,,,,,,,,,,,,,,0.9994,,,,,,,,,,,,,,,,,,,,,,,,,,,,,,,,,,,,,,,,,,,,,,,,,,,,,,,,,,,,,,,,,,,,,,,,,,,,,,,,,,,,,,,,,,,,,,,,,,,,,,,,,,,,,,,,,,,,,,,,,,,,,,,,,,,,,,,,,,,,,,,,,,,,,,,,,,,,,,,,,,,,,,0.9999,,,,,,,,,,,,,,,,,,,0.9486,,,,,,,,,,,,,,,,,,,,,,,,,,,,,,,,,,,,,,,,,,,,,,,,,,,,,,,,,,,,,,,,,,,,,,,,,,,,,,,,0.9042,,,,,,,,,,,,,,,,,,,,,,0.9998,,,,,,,,,,,,,,,,,,,,,,,,,,,,,,,,,,,,,,,,,,,,,,,,,,,,,,,,,,,,,,,,,,,0.0,,,,,,,,,,,,,,,,,,,,,,
notcirclejerk,40,,,,,,,,,,,,,,,,,,,,,,,,,,,,,,,,,,,,,,,,,,,,,,,,,,,,,,,,,,,,,,,,,,,,0.9995,,,,,,,,,,,,,,,,,,,,,,,,,,,,,,,,,,,,,,,,,,,,,,,,,,,,,,,,,,,,,,,,,,,,,,,,-0.9951,,,-1.0,,,,,,,,,,,,,,,,,,,,,,,,,,,,,,,,,,,,,,,-0.9976,,,,,,,,,,,,,,,,,,,,,,,,,,,,,,,,,,,,,,,,,,,,,,,,,,,,,,,,0.9991,,,,,,,,,,,,,,,,,,,,,,,,,,,,,,,,,,,,,-0.9989,,,,,,,,,,-0.9791,,,,,0.3182,,,,,,,,0.8637,,,,,,,,0.9992,,,,,,,,,,,,,,,,,,,,,,,,,,,,,,,,,,,,,,,,,,,,,,,,,,,,,,,,,,,,,,,,,,,,,,,,,,,,,,,,,,,,,,,,,,-0.8078,,,,,,,,,,,,,,,,,,,,,,,,,,,,,,,,,,,,,,,,,,,,,,,,,,,,,,,,,,,,,,,,,,,,,,,,,,,,,,,,,,,,,,,,,,,,,,,0.0,,,,,,,,,,,,,,,,,,,,,,
JoeRogan,41,,,,,,,,,,,,,,,,,,,,,,,,,,,,,,,,,,,,,,,,,,,,,,,,,,,,,,,,,,,,,,,,,,,,,,,,0.9983,,,,,,,,,,,,,,,,,,,,,,,,,,,,,,,,,,,,,,,,,,,,,,,,,,,,,,,,,,,,,,,,,,,,,,,,,,,,,,1.0,,,-0.9966,,,,,,,,,,,,,,,,,,,,,,,,,,,,,,,,,,,,,,,,,,,,,,,,,,,,,,,,,,,,,,,,,,,,,,,,,,,,,,,,,,,,,,,,,,,,,,,,,,,,,,,,,,,,,,,,,,,,,,,,,,,,0.9979,,,,,,,,,,,,,,0.999,,-0.9902,,,,,,,,,,1.0,,,,,,,,,,,,,,,,,,,1.0,,,-0.979,,,,,,,,,,,,,,,0.9998,,,,,,,,,,,,,,,,,0.997,,,,,,,,,,,,,,,0.8652,,,,,,,,,,,,,,,,,,,,,,0.0,,,,,,,,,,,,,,,,,,,,,0.9892,,,,,,,,,,,,,,,,,,,,,,,0.9832,,,,,,,,,,,,,,,,,,,,,,,,,,,,,,,,,,,,,,,,,,,,,,,,,,,,,0.8328,,,,,,,,,,,,,,,,,,,,,,
TopMindsOfReddit,42,,,,,,,,,,,,,,,,,,,,,,,,,,,,,,,,,,,,,,,,,,,,,,,,,,,,,,,,,,,,,,,,,,,,,,,,,,,,,,,,0.9758,,,,,,,,,,,,,,,,,,,,,,,,,,,,,,,,,,,,,,,,,,,,,,,,,,,,,,,,,,,,,,,,,,,,-0.9537,,,,,,,,,,,,,,,,,,,,,,,,,,,,,,,,,,,,,,,,,,-0.9985,,,,,,,,,,,,,,,,,,,,,,,,,,,,,,,,,,,,,,,,,,,,,,,-0.9976,,,,,,,,,,,,,,,,-1.0,,,,,,,,,,,,,,,,,,,,,,,,,,,,,,,-0.994,,,,,,,,,,,,,,,,,,,,,,,,,,,,,,,-0.9931,,,,,,,,,,,,,,,,,,,,-1.0,,,,,,,,,,,,,,,,,,,,,,,,,,,,,,,,,,,,,,,,,,,,,,,,,,,,,,,,,,,,,,,,,,,,,,,,,,,,,,,,,-0.9987,,,,,,,,,,,,,,,,,,,,,-0.99,,,,,,,,,,,,,,,,,,,,,,,,,,,,,,,,,,,,,,,,,,,,,,,,,,,,,,-0.7319,,,,,,,,,,,,,,,,,,,,,,
2020PoliceBrutality,43,,,,,,,,,,,,,,,,,,,,,,,,,,,,,,,,,,,,,,,,,,,,,,,,,,,,,,,,,,,,,,,,,,,,,,,,,,,,,,,,,,,,,,,,-0.9628,,,,,,,,,,,-1.0,,,,,,,,,,,,,,,,,,,,,,,,,,,,,,,,,,,,,,,,-0.9305,,,,,,,,,,,,,,-0.9844,,,,,,,,,,,,,,,,,,,,,,,,,,,,,,,,,,,,,,,-0.998,,,,,,,,,,,,,,,,,,,,,,,,,,,,,,,,,,,,,,,,,,,,,,,,,,,,,,,,,-1.0,,,,,,,,,,,,,,,-1.0,-0.9995,,,-0.9999,,,,,,,,,,,,,,,,,,,,,,,,,,,,,,,,,,,,,,,,,,,,,,,,,,,,,-0.9998,,,,,,,,,,,,,,,,,,,,,,,,,,,,,,,,,,,,,,,,,,,,,,,,,,,,-0.9996,,,,,,,,,,,,,,,,,,,,,,,,,,,,,,,,,,,,,,,,-0.9998,,,,,,,,,,,,,,,,,,,,,,,,,,,,,,,,,,,,,,,,,,,,,,,,,,,,,,,,,,,,,,,,,,,,,,,,,,,,,,0.0,,,,,,,,,,,,,,,,,,,,,,
PoliticalHumor,44,,,,,,,,,,,,,,,,,,,,,,,,,,,,,,,,,,,,,,,,,,,,,,,,,,,,,,,,,,,,,,,,,,,,,,,,,,,,,,,,,,,,,,,,,,,,,,,-0.9997,,,,,,,,,,,,,,,,,,,,,,,,,,,,,,,,,,,,,,,,,,,,,,,,,0.847,,,,,,,,,,-1.0,,,,,,,,,,,,,,,,,,,,,,,,,,,,,,,,,,,,,,,,,,,,,,,,,,,,,,,,,,,,,,,,,,,,,,,,,,,,,,,,,,,,,,,,,,,,,,,,,,,-0.9992,,,,,,,,,,,,,,,,,,,,,,,,,,,,,,,,,,,,,,,,,,,,,,,,,,,,,,,,,,,,,,,,,,,,,,,,,,,,,,,,,,,,,,,,,,,,,,,,,,,,,,,,,,,,,,,,,,,,,,,,,,,,,,,,,,,,,,,,,,,,,,,,,,,,,,,,,,,,,,,,,,,,,,,,,,,,,,,,,,,,,,,,,,,,,,,,,,,,,,,,,,,,,,,,,,,,,,,,,-0.9959,,,,,,,,,,,,,,,,,,0.9934,,-0.9992,-0.9868,,,,,,,,,,,,,,,,,,,,,,
ACAB,45,,,,,,,,,,,,,,,,,,,,,,,,,,,,,,,,,,,,,,,,,,,,,,,,,,,,,,,,,,,,,,,,,,,,,,,,,,,,,,,,,,,,,,,,,,,,,,,,,,,-1.0,,,,,,,,,,,,,,,,,,,,,,,,,,,,,,,,,,,,,,,,,,,,,,,,,,,,,,,-1.0,,,,,,,,,,,,,,,,,,,,,,,,,,,,,,,,,,,,,,,,,,,,,,,,,,,,,,,,,,,,,,,,,,,,,,,,,,,,,,,,,,,,,,,,,,,,,,,,,,,,,,,,,,,,,,,,,,,,,,,,,,,,,,,,,,,,,,,,,,,,,,,,,,,,,,,,,,,,,,,,,,,,,,,,,,,,,,,,,,,,,,,,,,,,,,,,,,,,,,,,,,,,,,,,,,,,,,,,,,,,,,,,,,,,,,,,,,,,,,,,,,,,,,,,,,,,,,,,,,,,,,,,,,,,,,,,,,,,,,,,,,,,,,,,,,,,,,,,,,,,,,,,,,,,,,,,,,,,,,,,,,,,,,,,,,,,,,,,,0.7039,,,,,,,,,,,,,,,,,,,,,,
ShitPoliticsSays,46,,,,,,,,,,,,,,,,,,,,,,,,,,,,,,,,,,,,,,,,,,,,,,,,,,,,,,,,,,,,,,,,,,,,,,,,,,,,,,,,,,,,,,,,,,,,,,,,,,,,,,,,,,,,,,,,,,,,,,-0.9982,,,,,,,,,,,,,,,,,,,,,,,,,,,,,,,,,,,,,,,,,,,,,,,,,,,,,,,,,,,,,,,,,,,,,,,,,,,,,,,,,,,,,,,,,,,,,,,,,,,,,,,,,,,,,,,,,,,,,,,,,,,,,,,,,,,,,,,,,,,,,,,,-1.0,,,,,,,,,,,,,,,,,,,,,,-0.987,,,,,,,,,,,,,,,,,,,,,,,,,,,,,,,,,,,,,,,,,,,,,,,,,,,,,,,,,,,,,,,,,,,,,,,,,,,,,,,,,,,,,,,,,,,,,,,,,,,,,,,,,,,,,,,,,,,,,,,,,,,,,,,,,,,,,,,,,,,,,,,,,,,,,,,,,,,,,,,,,,,,,,,,,,,,,,,,,,,,,,,,,,,,,,,,,,,,,,,,,,,,,,,0.335,,,,,,,,,,,,,,,,,,,,,,
LabourUK,47,,,,,,,,,,,,,,,,,,,,,,,,,,,,,,,,,,,,,,,,,,,,,,,,,,,,,,,,,,,,,,,,,,,,,,,,,,,,,,,,,,,,,,,,,,,,,,,,,,,,,,,,,,,,,,,,,,,,,,,,,,,,,,,,,1.0,,,,,,,,,,,,,,,,,,,,,,,,,,,,,,,,,,,,,,,,,,,0.9999,,,,,,,,,,,,,,,,,,,,,,,,,,0.9979,,,,,,,,,,,,,,,,,,,,,,,,,,,,,,,,,,,,,,,,,,,,,,,,,,,,,,,,,,,,,,,,,,,,,,,,,,,,,,,,,,,,,,,,,,,,,,,,,,,,,,,,,,,,,,,,,,0.9972,,,,,,,,,,,,,,,,,,,,,,,,,,,,,,,,,,,,,,,,,,,,,,,,,,,,,,,,,,,,,,,,,,,,,,,,,,,,,,,,,,,,,,,,,,,,,,,,,,,,,,,,,,,,,,0.9997,,,,,,,,,,,,,,,,,,,,,,,,0.9999,,,,,,,,,,,,,,,,,,,,,,,,,,,,,,,,,,,,,,,,,,,,,1.0,,,,,,,,,,,,,,,,,,,,,,
circlejerk,48,,,,,,,,,,,,,,,,,,,,,,,,,,,,,,,,,,,,,,,,,,,,,,,,,,,,,,,,,,,,,,,,,,,,,,,,,,,,,,,,,,,,,,,,,,,,,,,,,,,,,,,,,,,,,,,,,,,,,,,,,,,,,,,,,,,,,,,,,,,,0.2942,,,,,,,,,,,,,,,,,,,,,,,,,,,,,,,,,0.7796,,,,,,,,,,,,,,,,,,,,,,,,,,,,,,,,,,,,,,,,,,,,,,,,,,,,,,,,,,,,,,,,,,,,,,,,,,,,,,,,,,,,,,,,,,,,,,,,,,,,0.9995,,,,,,,,,,,,,,,,,,,,,,,,,,,,,,,,,,,,,,,,,,,,,,,,,,,,,,,,,,,,,,,,,,,,,,,,,,,,,,,,,0.8866,,,,,,,,,,,,,,,,,,,,,,,,,,,,,,,,,,,,,,,,,,,,,,,,,,,,,,,,,,,,,,,,,,,,,,,,,,,,,,,,,,,,,,,,,,,,,,,,,,,,,,,,,,,,,,,,,,,,,,,,,,,,,,,,,,,0.8429,,,,,,-0.9065,,,,,,,,,,,0.9529,,,,,,,,,,,
Firearms,49,,,,,,,,,,,,,,,,,,,,,,,,,,,,,,,,,,,,,,,,,,,,,,,,,,,,,,,,,,,,,,,,,,,,,,,,,,,,,,,,,,,,,,,,,,,,,,,,,,,,,,,,,,,,,,,,,,,,,,,,,,,,,,,,,,,,,,,,,,,,,-0.9999,,,,,,,,,,,,,,,,,,,,,,,,,,,,,,,,,,,,,,,,,,,,,,,,,,-0.9946,,,,,,,,,,,,,,,,,,,,,,,,,,,,,,,,,,,,,,,,,,,,,,,,,,,,,,,,,,,,,,,,,,,,,,,,,,,,,,,,,,,,,,,,,,,,,,,,,,,,,,,,,,,,,,,,,,,,,,,,,,,,,,,,,,,,,,,,,,,,,,,,,,,,,,,,,,,,,,,,,,,,,,,,,,,,,,,,,,,,,,,,,,,,,,,,,,,,,,,,,,,,,,,,,,,,,,,,,,,,,,,,,,,,,,,,,,,,,,,,,,,,,,,,,,,,,,,,,,,,,,,,,,,,,,,,,,,,,,,,,,,,,,,,,,,,,,,,,,,,0.5106,,,,,,,,,,,,,,,,,,,,,,
de,50,,,,,,,,,,,,,,,,,,,,,,,,,,,,,,,,,,,,,,,,,,,,,,,,,,,,,,,,,,,,,,,,,,,,,,,,,,,,,,,,,,,,,,,,,,,,,,,,,,,,,,,,,,,,,,,,,,,,,,,,,,,,,,,,,,,,,,,,,,,,,,,,,,,,,,,,,0.4924,,,,,,,,,,,,,,,,,,,,,,,,,,,,,,,,,,,,,,,,,,,0.5574,,,,,,,,,,,,,,,,,,,,,,,,,,,,,,,,,,,,,,,,,,,,,,,,,,,,,,,,,,,,,,,,,,,,,,,,,,,,,,,,,,,,,,,,,,,,,,,,-0.9999,,,,,,,,,,,,,,,,,,,,,,,,,,,,,,,,,,,,,,,,,,,,,,,,,,,,,,,,,,,,,,,,,,,,,,,,,,,,,,,,,,,,,,,,,,,,,,,,,,,,,,,,,,,,,,,,,,,,,,,,,,,,,,,,,,,,,,,,,,,,,,,,,,,,,,,,,,,,,,,,,,,,,,,,,,,,,,,,,,,,,,,,,,,,,,,,,0.8662,,,,,,0.781,,,,,,,,,,,,,,,,,,,,,,
PersonOfInterest,51,,,,,,,,,,,,,,,,,,,,,,,,,,,,,,,,,,,,,,,,,,,,,,,,,,,,,,,,,,,,,,,,,,,,,,,,,,,,,,,,,,,,,,,,,,,,,,,,,,,,,,,,,,,,,,,,,,,,,,,,,,,,,,,,,,,,,,,,,,,,,,,,,,,,,,,,,,,0.9999,,,,,,,,,,,,,,,,,,,,,,,,,,,,,,,,,,,,,,,,,,,,,,,,,,,,,,,,,,,,,,,,,,,,,,,,,,,,,,,,,,,,,,,,,,,,,,,,,,,,,,,,,,,,,,,,,,,,,,,,,,,,,,,,,,,,,,,,,,,,,,,,,,,,,,,,,,,,,,,,,,,,,,,,,,,,,,,,,,,,,,,,,,,,,,,,,,,,,,,,,,,,,,,,,,,,,,,,,,,,,,,,,,,,,,,,,,,,,,,,,,,,,,,,,,,,,,,,,,,,,,,,,,,,,,,,,,,,,,,,,,,,,,,,,,,,,,,,,,,,,,,,,,,,,,,,,,,,,,,,,,,,,,,,,,,,,,,,0.0,,,,,,,,,,,,,,,,,,,,,,
facepalm,52,,,,,,,,,,,,,,,,,,,,,,,,,,,,,,,,,,,,,,,,,,,,,,,,,,,,,,,,,,,,,,,,,,,,,,,,,,,,,,,,,,,,,,,,,,,,,,,,,,,,,,,,,,,,,,,,,,,,,,,,,,,,,,,,,,,,,,,,,,,,,,,,,,,,,,,,,,,,,,,,,,,,,,,,,,,,,,,,,,,,,,,,,,,,,,,,,,,,,,,,,,,,,-0.9948,,,,,,,,,,,,,,,,,,,,,,,,,,,,,,,,,,,,,,,,,,,,,,,,,,,,,,,,,,,,,,,,,,,,,0.7696,,,,,,,,,,,,,,,,,,,,,,,,,,,,,,,,,,,,,,,,,,,,,,,,,,,,,,,,,,,,,,,,,,,,,,,,,,,,,,,,,,,,,,,,,,,,,,,,,,,,,,,,,,,,,,,,,,,,,,,,,,,,,,,,,,,,,,,,,,,,,,,,,,,,,,,,,,,,,,,,,,,,,,,,,,,,,,,,,,,,,,,,,,,,,,,,,,,,-0.7337,,,,,,,,,,,,,,,,,,,,,-0.9129,,,,,,,,,,,,,,,,,,,,,,
EnoughCommieSpam,53,,,,,,,,,,,,,,,,,,,,,,,,,,,,,,,,,,,,,,,,,,,,,,,,,,,,,,,,,,,,,,,,,,,,,,,,,,,,,,,,,,,,,,,,,,,,,,,,,,,,,,,,,,,,,,,,,,,,,,,,,,,,,,,,,,,,,,,,,,,,,,,,,,,,,,,,,,,,,,,,,,,,,,,,,,,,,,,,,,,,,,,,,,,,,,,,,,,,,,,,,,,,,,,,,,,,,,,,,,,,,,,,,,,,,,,,,,,,,,,,,,,,,,,,,,,,,,,,,,,,,,,,,,,,,,,,,,,,,,,,,,,,,,,,,,,,,,,,,,,,,,,,,,,,,,,,,,,,,,,,,,,,,,,,,,,,,,,,,,,,,,,,,,,,,,,,,,,,,,,,,,,,,,,,,,,,,,,,,,,,,,,,,,,,,,,,,,,,,,,,,,,,,,,,,,,,,,,,,,,,,,,,,,,,,,,,,,,,,,,,,,,,,,,,,,,,,,,,,,,,,,,,,,,,,,,,,,,,,,,,,,,,,,,,,,,0.8625,,,,,,,,,,,,,,,,,,,,,,
MadeMeSmile,54,,,,,,,,,,,,,,,,,,,,,,,,,,,,,,,,,,,,,,,,,,,,,,,,,,,,,,,,,,,,,,,,,,,,,,,,,,,,,,,,,,,,,,,,,,,,,,,,,,,,,,,,,,,,,,,,,,,,,,,,,,,,,,,,,,,,,,,,,,,,,,,,,,,,,,,,,,,,,,,,,,,,,,,,,,,,,,,,,,,,,,,,,,,,,,,,,,,,,,,,,,,,,,,,,,,,,,,,,,,,,,,,,,,,,,,,,,,,,,,,,,,,,,,,,,,,,,,,,,,,,,,,,,,,,,,,,,,,,,,,,,,,,,,,,,,,,,,,,,,,,,,,,,,,,,,,,,,,,,,,,,,,,,,,,,,,,,,,,,,,,,,,,,,,,,,,,,,,,,,,,,,,,,,,,,,,,,,,,,,,,,,,,,,,,,,,,,,,,,,,,,,,,,,,,,,,,,,,,,,,,,,,,,,,,,,,,,,,,,,,,,,,,,,,,,,,,,,,,,,,,,,,,,,,,,,,,,,,,,,,,,,,,,,,,,,-0.9517,,,,,,,,,,,,,,,,,,,,,,
