Index,Unnamed: 0,environmentaljustice,CommunismWorldwide,arabs,DNCFuckery,NotYourMothersReddit,millenials,GlobalLockdown,SinoDiscussion,RSA,IBEW,ExtinctionRebellion,eddit10yearsago,SubredditTopWeekly,betternews,neoprogs,ShitAmericansSay,OurUnitedLeft,jimmydore,youngdemsocialists,economy,stupidpol,israelexposed,PoliceGang,internationalaffairs,worldpoliticalhumour,IWW,ClimateMemes,TheShamans,CapitalismLateStage,BrasilSimulator,antiimperialism,Liberty,PowerinAction,socialistsmemes,GreenAndPleasant,Apocalypse,Marxism,freefromwork,climatechange,StrikeAction,dystopia,EndDemocracy,TrueReddit,NewDealAmerica,UKForeignPolicy,Intercept,ReplaceCapitalism,peace,sorceryofthespectacle,canadaleft,communism,evolutionReddit,GreenParty,Climate_apocalypse,redditactivism,countermine,poweroutage,TrueAnon,BernieSoldiers,MURICB,hoggit,conspiracyfact,BasicIncome,LandlordLove,yro,political,LeftWithoutEdge,highereducation,leftistnews,bannination,NewRussia,MotivateInspire,SOS,MoreCommunistChapo,FirstLook,GateKeepers,Kossacks_for_Sanders,chrishedges,PillowGuy,IndianCountry,kokasexton,Anarchism,Positive,Wargasm,occupywallstreet,news_etc,DarkEnlightenment,ConspiracyPastPresent,AnimalRights,WApeoplesparty,politicalwarfare,itjustis,albany_hookers_booze,Teachers,Foodforthought,LeftCentral,jimmydoreshow,inspiration,NewsWithJingjing,whatsreallygoinon,urbanplanning,CoronaVirus_2019_nCoV,UpliftingPraxis,MyDailyBrief,firstlookmedia,WesternTerrorism,GreenPartyofFlorida,SocialistEconomics,anarchocommunism,WorkReform,AnarchyChess,OccupyNewHaven,InCaseYouMissedIt,Twitter_Brasil,PopularOnEchoChamber,climate_discussion,TOTALCOMMUNALISM,ConspiracyTheory,murican_newz,Shitstatistssay,PsychicDolphinGarage,collapse,HowieHoes,ToiletPaperUSA,ComradesInAmerica,chomsky,LateStageColonialism,finance,Politsturm,LeftieZ,leftist,newsbotMARKET,alltheleft,TheDickShow,Cringetopia,redscarepod,GenZJosephStalin,1984isreality,UFCW,antiwar,InconvenientFacts,KentuckyGreenParty,WorkersStrikeBack,AjamuBaraka,ireland,TumblrAtRest,lostgeneration,Economics,FutureFear,ConcentrationOfWealth,stopworking,enviroaction,ProgressiveActivists,BrasilOnReddit,socialistalternative,venezuela,MarchAgainstJoeBiden,capitalism_in_decay,BrasildoB,KomradeInfo,GifRecipes,uncen,IRISHTIMESauto,PoliceAbolition,EarthStrike,upliftingvegan,GlobalNews,DeepGreenResistance,worldpolitics_1,coronavirus_newz,moneymonkies,SocialDemocracy,2016_elections,writing,JustTheTopNews,worldevents,CoronavirusRecession,ProgressivePolitics,greed,meme,PoliticalHaze,rawuncutnewss,Sino,vegangifrecipes,Awwducational,BernieBros2GreenParty,canadapoliticshumour,objectiveEconomics,ComradesInGulag,HillarySoldOut,USAggression,unfilter2,DieOff,CoronavirusCirclejerk,LSCuncensored,TopConspiracy,LateStageCapitalism,propaganda,Tenant,iranian,occupybirmingham,economicCollapse,representus,noshill,Paupericide,FuckTheCIA,AmericanStasi,TheIntercept,TrueTrueReddit,CitationsNeeded,MediaCriticism,SMHauto,ConsortiumNews,IndependentLeft,iran,TexasAFLCIO,climatejustice,ALJAZEERAauto,Anticonsumption,Unions,BAME_UK,World_Politics,InternationalLeft,YoungEcoSocialists,socialism,PoliticsPeopleTwitter,CaliforniaAction,satire,dave5,nprogparty,USAExposed,pettybickering,Ecosocialism,Libraries,RadicalChristianity,NoDAPL,LaborPartyofAustralia,tankiecirclejerk,americanpirateparty,ThatsInsane,Valopaat,SocialistPartyUSA,incomeinequality,editorialcartoons,LateStageImperialism,syriancivilwar,ciaMikePompeo,allpolitics,leftoverspodcast,ABoringDystopia,COMPLETEANARCHY,union,OrinocoTribune,GreenNewDeal,antiwork,Labour,TrueProgressive,Green,world,TruePolitics,FULLDISCOURSE,red_irl,196,left_urbanism,GenZommunist,Israel_Palestine,weapons,DarkFuturology,Environmental_Policy,theculling,ClimateCrisis,TrueRedditNoPolitics,RealProgressives,MarchAgainstTrumpCrap,BKAC_MichaelBloomberg,veganrecipes,EconomicJustice,jillstein,BKAC_JoeBiden,BDS,okbuddyhasan,ActualDarkFuturology,Howie2020,copwatchnews,theIrishleft,liberalpolitics,SanitySouthAfrica,FailedEvolution,News_OilAndEnergy,InformedTankie,AlJazeera,PleaseCallMeRedScarf,DystopiaToday,labor,AngrySocialist,IntelligenceNews,veganarchism,islam,catsaysmao,CorporateMalfeasance,FalseFlagWatch,USEmpire,EconReports,MiddleEastNews,povertyfinance,YourTaxDollarsAtWork,sociology,LevantineWar,DeclineofUS,unremovable,establishment,Palestine,Israel,irishpolitics,LibertarianNews,BadPharma,SocialismAndVeganism,sendinthetanks,education,aPeoplesCalendar,jacobinmagazine,worldnews_1,artificial,MarchAgainstPompeo,SyndiesUnited,CapitalismSux,PresidentWarren,Funnymemes,ROI,FRANCE24auto,AntiMSM,EndlessWar,DoomsdayNow,globalresearch,DankLeft,californianews,history,Hasan_Piker,GenZedong,warcrimes,Trailerclub,LiberalHeretics,PhxClassWarCouncil,chutyapa,BlackFreeThinkers,MutualSupport,StopSpeciesism,GoliathWorld,credibleconspiracy,ClassConscienceMemes,FintechEU,LockdownCriticalLeft,TropicalWeather,worldpolitics2,FuckKamala,Occupy,autopunch,walmart,Piratenpartij,YemeniCrisis
jillstein,0,0.9982,,,,,,,,,,,,,,,,,,,,,,,,,,,,,,,,,,,,,,,,,,,,,,,,,,,,,,,,,,,,,,,,,,,,,,,,,,,,,,,0.9982,,,,,0.9992,0.9994,,,,,,,,,,,,,,,,,,,,,,,,,,,,,,,,,,,,,,,,,,,,,,,0.9996,,,,,,,,,,,,,,-0.9994,,,,,,,,,,,,,,,,,,,,,0.698,,,,0.9886,,,,,,,,,,,,,,,,,,,,,,,,,,,,,,,,,,,,,,,,,,,,,,,,,,,,,,,,,,0.9987,,,,,,0.9923,,,,,,,,,,,,,,,,,,,,,,0.9944,,,,,,,,,,,,,,,,,,,,,,,,,,,,,,,,,,,,,,,,,,,,,,,,,,,,,,,,,,,,,,,,,,,,,,,,,,,,,,,,,,,,,,,,,,,,,,,,,,,,,,
betternews,1,,-0.9228,,,,,,,,,,,,,,,,,,0.9409,,,,,,,,,,,,,,,,,,,,,,,,,,,,,,,,,0.9887,,,,,,,,,,,,,,-0.3103,,,,,-0.3612,,,0.9824,,0.9991,,,,,-0.9999,,,-0.999,,,,,,,,,,,,,0.9983,,,,,,,,,,,,,,,,,,,,,,,,-0.9998,,,,0.9496,,,,,,,0.9974,,,,,,,-0.8688,,,,,,,0.3055,,,,,,,,,,,,,,,,,,,,,,,,,,,,,,,,,,,,,,,,,,,0.9022,,,,,,,1.0,,,,,,,,,,,,,,,,,,,,,,,,,,,,-1.0,,,,,,,,,,,,,,,,,,,,,,,,,,,,,,,,,,-0.7089,,,,,,,,,-0.9726,,,,,,,,,,,,,,,,,,,,,,,,,,,,,,-0.9996,,,,,,,,,,,,-0.1779,,-0.9994,-0.9984,,,,,,,,,,,,,,,,,,,,,,,,,,,,,,,,,,,,,,,,,,,,,,,
evolutionReddit,2,,0.8876,,,,,,,,,,,,,,,,,,,,,,,,,,,,,,,,,,,,,,,,,,,,,,,,,,,,,0.2003,,,,,,,0.9568,0.9985,,,,,,,,,,,,,,,,,,,-0.9999,,,,,,,,,,,,,,,,,,-0.9325,,-0.9951,,,,,,,,,,,,,,,,,,,,-0.9996,,,,0.9936,,,,,,,0.9982,,,,,-0.9985,,,,,,,,,0.9998,,,,,,,,,,,0.9968,,,,,,,,,,,,,,0.9992,,,,,,,0.9721,,,,,,,,,,,0.3182,,,,,,,-1.0,,,,,,,-0.9834,,,,,,,,,,,,,,,0.9853,,,,,,0.9998,,,,,,,,,,,,,,0.5399,,,,,,,,,,,,,,,,,,,0.9924,,0.9032,,,,,,,,,,,,,,,,,,,,,,,,,,,,,,,,,-0.9996,,,,,,,,,,,,,,,,,,,,,,,,,,,,,,,,,,,,,,,,,,,,,,,,,,,,-0.6369,,,,,,,,,,,0.9064,,,,
uncen,3,,-0.9933,,,,,,,,,,,,,,,,,,,,-0.9965,,,,,,,,,,,,,,,,,,,,,-1.0,,,,,,,,-0.9563,,,,,,,,,,,0.7399,,,,,-0.9697,,,,-0.9944,,,,,,-0.9978,,,,,-1.0,,,-0.9996,,,,,,,,,,0.9488,,,,,0.9313,,,,,,,,,,,,,,,,,,,,,,,,,,,,,,,,,0.9877,,,,,,,-0.9592,,,,,,,-0.9999,,,-0.2732,,,,,,,,,,,,,,,,,,,,,,,,,,,,,,,,,,,,,,,,,,,,,,,-0.9993,,,,,,,,,,,-0.867,,,,,,,,,,,,,,,,,-0.9999,,,,,,,,,,,,,,,,,,,,,,,-0.751,,,,,,,,,,,,,,,,,,,,0.9911,,,,,,,,,,-0.9992,,,,,,,,,,,,,,,,,,,,-0.9999,,,,,,,,,,0.6385,,,,-0.9987,-0.9992,,,,,,,,,,,,,,,,,,,-0.9998,,,,,,,,,,,,,,,,,,,,,,,,,,,,
countermine,4,,-0.6696,,,,,,,,,,,,,,,,,,0.9997,,0.5426,,,,,,-0.128,,,,,,,,,,,,,,,,,,,,,,,0.5022,,-0.9706,,,,,,,,,,-0.9961,,,,,,,,,,0.5267,,,,,,,,,-1.0,,,,,,,,,,,,,0.9977,,,,,,,,,,,,,,,,,,,,,,,,,,,-0.9996,,,,0.5778,,-0.9439,,,,,0.9942,,,,,,,0.6908,,,,,,,0.9993,0.9999,,,,,,,,,,,,,,,,,,,,,,,,,,,,0.7309,,,0.9421,,,,,,,,,,,,,,,,,,,,,,,,,-0.9828,,,,0.0,,,,,,,-0.9791,,,,,,,,,,-0.9999,,,,,,,,,,,,,,,,,,,,,,,,,,,,,,,,,,,,,,,,,,,,,,,,,,,,,,,,,,,,,,,,,,,,,,,,,0.9534,,,-0.9482,,,-0.9929,,,,-0.4939,,,,-0.9993,-0.997,,-0.4019,,,,,,,,,,,,,,,,,,,,,,,,,,,,,,,,,,,,,,,,,,,,-0.0217,
DarkFuturology,5,,0.6369,,,,,,,,,-0.9989,,,,,,,,,-0.9992,-0.9999,,,,,,,,,,,,,,-0.5378,,,,,,0.9995,,,-0.999,,,,,0.9966,-0.6422,,-0.9953,-0.998,,,,,,,,,,,,,,-0.9932,,,,,,,,,,-0.996,,,,,-0.9836,,,-0.9978,,,,,,,,,,,,,,,,,,,,,,,,,,,,,,,-0.6815,,,,-0.9998,,-1.0,,,,-0.9968,,,,,,,0.9789,,,0.9952,,,,0.9944,,,,,,,0.9802,0.9985,,-0.7845,,0.9541,,,,,,,,,,,,,-0.9989,,,,,,,,,,,,,,,,,,-0.5805,,,,,,,,,,-0.9982,,,,1.0,,,,,,,,,,,,,,,-0.999,,,-0.9432,,,,-0.9994,,,,,,-0.9996,,,,-0.913,,,,,,,,,,,0.9772,,,,,,,,,,0.9994,-0.9942,,,-0.8868,0.9981,,,-0.803,,,0.7876,,,,,,,,,,,,,,,,,0.9637,,,,-0.7538,,,,,,,,,,,,,,,,,,,,,,,,,,,,,,,,,,,,,,,,,0.9983,,,,,,,,,0.8867,,,,,,-0.9136,,,,,,,,,,,,,,,,,,,,,,
EndlessWar,6,,-0.9337,,,,,,,,,,,,,,,,,,,-0.9998,-0.9914,,-0.8955,,,,,,,,,,,,,,,,,,,,,,,,,,,,,-0.9685,,,,,,,,,,,,,,-0.9982,,,,,,,,,,-0.9996,,,,,-0.9947,,,-0.9974,,,,,,,,,,,,,,,,,,,,,,,,,,,,-0.9137,,,,,,,,,,,,,,,,,,,,-0.9941,,,,,,,-0.9999,,,,,,,-0.9997,,,,,,,,,-0.9812,,,,,,,,,,,,,,,,,,,,,,,,,,,-0.9993,,,,,,,,,,,,,,0.9995,,,,,,,,,,,,,,,,,,,,,,,,,,,,-1.0,,,,,,,,,,,,,,,,,,,,0.993,-0.9975,,,,,,,,,,-0.6312,,,,,,,,,,,,,,,,,,,,,,,,,,,,,,,,,,,,,,,,,,-0.9999,,,,,,,,,,,,,,,,,,,,,,,,,,,,,,,,,,,,,,,,,,-0.9266,,,,,,,,,,,,,,,,,,,,
FirstLook,7,,-0.9928,,,,,,,,,,,,,,,,,,-0.9426,,-0.9572,,,,,,,,,,,,,,,,,,,,,,,,,,,,,-0.9983,,0.9978,,,,,,,,,,,,,,0.9879,,,,,,,,,,,,,,,-0.9999,,,0.9737,,,,,,,,,,-0.9995,,,,,,,,,,0.0,,,,,,,,,,,,,,,,,-0.998,,,,-0.9996,,,,,,,0.902,,,,,,,-0.9903,,,,,,,0.9416,,,,,,0.0,,,,,,-0.7377,,,,,,,,,,,,,,,,,,,,,,0.0,,,,,,,,,0.9022,,,,,,,-0.9995,-0.9513,,,,,,,,,-0.9784,,-0.9996,,,,,,,,,,,,,,,,-0.9998,,,,,,,0.4404,,,,,,,,,,,,,,,,0.9481,,,,,,,,,,,,,,,,,,,,-0.9975,,,,,,,,,,-0.9983,,0.3489,,,,,,-0.7778,,,,,,,,,,,,-0.9998,,,,,,,,,,,,,0.9735,-0.9995,-0.9721,,,,,,,,,,,,,,,,,,,-0.9998,,,,,,,,,,,,,,,,,,,,,,,,,,,,
InCaseYouMissedIt,8,,-0.9001,,,,,,,,,,,,,,,,-0.9841,,0.9935,-0.9826,-0.9929,,-0.9057,,,,,,,,-0.8924,,,,,,,,,,,,,,,,,,,-0.9917,,-0.9981,,,0.3626,,,,,,,,,,,-0.9879,,,0.0,,,,,,,,,,,,-1.0,,,,,-0.9617,,,,,,,,,,,,,,,,,,,,,,,,,,,,0.0,,,,,,,-0.9993,,,,0.9953,,,,,,,-0.9987,,,,,,,,,,,,,,,1.0,,,,,,,,,,,,,,-0.8504,,,,,0.2842,,,,,,,,,,,,,,,,-0.5053,,,,,,,,,,,,,,0.9998,,,-0.885,,,,,,,,,-0.9946,,,,,,,,,,,,,,,,-0.9999,,,,-0.8053,,,,,,,,,,,,,,,,,-0.9998,,-0.992,,0.7703,-0.9183,,,,,0.6828,,,,,,,,,,,,-0.9886,,,,,,,,,,-0.8919,,,,,,,,,,,,,,,,,,,,-1.0,,,,-0.7269,,,,,,0.7643,,,,0.951,0.9927,,,,,,,,,,,,,,,,,,,,,,,,,,,,,,,,,,,,,,,,,,,,,,,
SocialismUncensored,9,,-0.9938,,,,,,,,,,,,,,,,,,0.998,,,,,,,,,,,,,,,,,,,,,,,-1.0,,,,,,,,-0.9757,,,,,,,,,,,,0.9989,,,,0.9986,,,,,,,,0.6662,,-0.9997,,,,,-0.9999,,,-0.9929,,,,,,,,,,,0.4377,,,,,,,,,,,,,,,,,,,,,,,,,,,,,,,,,,,,,0.9449,,,,,-0.6249,,0.0,,,,,,,-0.9646,,,,,,,,,,,,0.0,,,,,,,,,,,,,,,,,,,,,,,,,,,,,,,,,,,,0.0,,0.9967,,,,,,,,,,,0.4137,,,,,,,,,,,,,,,,,,,,,,,,,,,,,,,,,,,,,,,,,,,,,,,,-0.9483,,,,,,,,,,,,,,,,,,,,,,,,,,,,,,,,,,,,,,0.9783,,,,,,,,,,,,,,,,,,,,,,,,,,,-0.8481,,,,,,,,,,,0.8131,,,,,,,,,,,,,,,,,,,,,,,,,,,,
theIrishleft,10,,-0.8947,,,,,,,,,,,,,,,,,,0.9994,,,,,,,,,,,,,,,,,,,,,,,-0.9998,,,,,,,,0.9978,0.0,,,,,,,,,,,0.9921,,,,,,,,,,,,,,,,,,,-0.9917,,,,,,,,,,,,,,,,,,,,,,,,,,,,,,,0.4389,,,,,,,,,-0.9981,,,,-0.9987,,,,,,,0.9231,,,,,,,,,,,,-1.0,,,,,,,,,,,,,,,,,,,,,,,,,,,,,,,,,,,,,,,,,,,,,,,,,,,,0.8838,,,,,,,,,,,,,,,,,,,,,,,,,,,,-0.9994,,,,,,,,,,,,,,,,,,,,,,,,,,,,,,,-0.5972,,,,,,,,,,,,,,,,,,,,,,,,,,,,,,,,,,,,,,,,,,,,,,,,,,,,,,,,-0.8442,,0.9993,,,,,,,,,,,,,,,0.9618,,,-0.981,,,,,,,,,,,,,,,,,,,,,,,,,,,,
Wargasm,11,,0.6908,,,,,,,,,,,,-0.8933,,,,,,0.9971,-0.9999,-0.802,,-0.9833,,,,,,,,,,,,,,,,,,,-1.0,,,,,,,,-0.9923,0.6064,,,,,,,,,,0.9936,,,,,-0.9965,,,,,,,,,,-0.9997,,,,,-0.9994,,,-0.9996,,,,,,,,,,-0.9993,-0.9531,,,,,,,,,,,,,,,,,,,,,,,,,,-1.0,,,,-0.9981,,,,,,,-0.9972,,,,,,,,,,,,,,0.969,,,,,,,,,,,,0.8658,,,,,,,,,,,,,,,,,,,,,,,,,,,,,,,,,,,,,,0.9418,,,,,,,,,,,,,,,,,,,,,-0.9822,,,,,,,-1.0,,,,,,-0.5324,,,,,,,,,,,,,,,-0.9997,,,,-0.94,,,,,,,-0.9869,,,,,,,,,,-0.6705,-0.9984,,,,,,,,,,,,,,,,,,,,,,,-0.9737,,0.0258,,,0.9493,,-0.9998,,0.0,,,,,,,,0.2837,,,,-0.6012,,,,,,,,,,,,,,,,,,,,,,,,,,,,,,,,,,,,,,,,,,,,,,,,0.9683
WesternTerrorism,12,,-0.7469,,,,,,,,,,,,,,,,-0.9994,,,,-0.9914,,-0.8674,-0.9143,,,,,,,,,,,,,,,,,,-1.0,,,,,,,,0.9635,-0.998,,,,,,,,,,,,,,,-0.9915,,,,,,,,,,-1.0,,,,,-1.0,,0.9423,-0.9994,,,,,,,,,,-0.9994,,,,-0.9999,0.6712,,,,,,,,,,,,,,,,,,,,,,,,,,-0.9997,,,,,,,0.9947,,,,,,,,,,,,,,,,,,,,0.9636,,,-0.9386,,,-0.2498,,,,,,,,,,,,,,,,,,,,,,,,-0.985,,,,,,,,,,,,,,0.9927,,,-0.9837,,,,,,,,,,,,,,,,,,,,,,,-0.9985,,-1.0,,,,,,,,,,,,,,,,,,,,-0.9909,,,,,,0.9992,,,,,0.967,,,,,,,,,,,,,,,,,,,,,,-0.9921,,-0.8959,,,,,,,,,,,,,,,,-0.9789,,-1.0,,,,,,,,,,-0.9936,,,,-0.997,,,,,,,,,,,,,,,,,,,,,,,,,,,,-0.9599,,,,,,,,,,,,,,-0.9798,,,,,,
LeftCentral,13,,,0.7789,,,,,,,,,,,,,,,,,,-0.9997,-0.9778,,,,,,,,,,,,,,,,,,,,,,,,,,,,,,0.0516,,,,,,,,,,,,,,,-0.956,,,,,,,,,,-0.9988,,,,,,,,-0.9999,,,,,,,,,,,,,,,,,,,,,,,,,,,,,,,,,,,,,-0.9993,,,,-0.9995,,,,,,,0.6981,,,,,,,,,,,,,,0.9973,,,-0.7887,,,,,,,,,,,,,,,,,,,,,,,,,,,,,,,,,-0.9995,,,,,,,,,,,,,,0.9999,,,-0.9999,,,,,,,,,,,,,,,,,,,,,,,,,,,,,,,,,,,,,,,,,,,,,0.743,,,,,-0.9991,-0.9802,,,,,-0.9917,,,,,,,,,,-0.9993,,,,,,,,,,,,,,,,,,,,,,,,,,,,,,0.0,,-1.0,,,,,,,,,,,,,,-0.9994,0.9994,,,,,,,,,,,,,,,,,,,,,,,,,,,,,,,,,,,,,,,,,,,,,,,
USAExposed,14,,,,-0.8969,,,,,,,,,,,,,,-0.9958,,-0.991,-0.9998,-0.991,,,,,,,,,,,,,,,,,,,,,-1.0,,,,,,,,,0.8625,,,,,,,,-0.6705,,,,,,,-0.9528,,,,,,,,,,-0.979,,,,,-0.9995,,,-0.9968,,,,,,,,,,,0.0,,,,,,,,,,,,,,,,,,,,,,,-0.0814,,,-0.9996,,,,,,,,,,,-0.8577,,,,,,,0.3939,,,,,,,-0.9989,,,,,,,,,,0.0,,,,,,,,,,,,0.743,,,,,,,,,,,,,,-0.9994,,,,,,,,,,,,,,0.9998,0.9287,,-0.6643,,,,,,,,,,,,,,,,,,,,,,,-0.9972,,-0.9902,,,,,,,,,,,,,,,,,,,,,,,,,0.9543,,,,,,-0.681,,,,,,,,,,,,,,,,,,,,,,,,,,,,,,,,,,,,,,,,,,,,,,,,,,-0.1531,,,,,,,,,,,,,,,,,,0.743,,,,,,,,-0.9991,,,,,,,,,,,,,,,,,,,,,,,,,,,,
Economics,15,,,,,,0.9734,,,,,,,,,,,,,,,-0.9993,,,,,,,,,,,,,,,,,,,,,,,,,,,,,,,,,,,,,,,,,,0.9991,,,,-0.9669,,,,,,,,,,-0.9589,,,,,,,,,,,,,,,,,,,0.9377,,,,,-0.9945,,,,,,,0.87,,,,,,,,,,,,,,,,,,,,0.9983,,,,,0.9983,,,,,,,,,,,,,,0.9999,,,,0.9791,,0.9459,,,,,,,,,,,,,,,,,,,,,,,,-0.9997,,,,,,,,,,,,,,,,,,,,1.0,,,,,-0.9848,,,,,,,-0.9933,,,,,,,,,,,,,,,,1.0,,,,-0.5514,,,,,,,,,,,,,,,,,,,,,-0.9998,,,,,-0.9996,0.9913,,,,,,,,,,,,,,,,,,,,,,,,,,,,,,,,,,,,,,,,,,,,,,,,,0.9959,,,,,,,,,,,,,,,,,,,,,,,,,,,,,,,,,,,,,,,,,,,,,,,,,,,,,,,
whatsreallygoinon,16,,,,,,,0.9616,,,,,,,,,,,,,,,,,,,,,,,,,,,,,,,,,,,,,,,,,,,,,,,,,,,,,,,,,,,,,,,,,,,,,,,,,,,,,,,,,,,,,,,,,,,,,,,,,,,,,,,,,,,,,,,,,,,,,,,,,,,,,,,,,,,,,,,,,,,,,,,,,,,,,,,,,,,,,,,,,,,,,,,,,,,,,,,,,,,,,,,,,,,-0.9996,,,,,,,,,,,,,,,,,,,,,,,,,,,,,,,,,,,,,,,,,,,,,,,,,,,,,,,,,,,,,,,,,,,,,,,,,,,,,,,,,,,,,,,,,,,,,-0.6893,,,,,,,,,,,,,,,,,,,,,,,,,,,,,,,,,,,,,,,,,,,,,,,,,,,,,,,,,,,,,,,,,-0.9978,,,,,,,,
Sino,17,,,,,,,,,,,,,,,,,,,,,,,,,,,,,,,,,,,,,,,,,,,,,,,,,,,,,,,,,,,,,,,,,,,,,,,,,,,,,,,,,,,,,,,,,,,,,,,,,,,,,,,,,,,,,,,,,,,,,,,,,,,,,,,,,,,,,,,,,,,,,,,,,,,,,,,,,,,,,,,,,,,,,,,,,,,,,,,,,,,,,,,,,,,,,,,,,,,,,,,,,,,,,,,,,,,,,,,,,,,,,,,,,,,,,,,,,,,,,,,,,,,,,,,,,,,,,,,,,,,,,,,,,,,,,,,,,,,,,,,,,,,,,,,,,,,,,,,,,,,,,,,,,,,,,,,,,,,,,,,,,,,,,,,,,0.9407,,,,,,,,,,,,,,,-0.999,,,,,,,,,,,,,,,,
stupidpol,18,,,,,,,,,-0.997,,,,,,,,,,,,,,,,,,,,,,,,,,,,,,,,,,,,,,,,,,,,,,,,,,,,,,,,,,,,,,,,,,,,,,,,,,,,,,,,,,,,,,,,,,,,,,,,,,,,,,,,,,,,,,,,,,,,,,,,,,,,,,,,,,,,,,,,,,,,,,,,,,,,,,,,,,,,,,,,,,,,,,,,,,,,,,,,,,,,,,,,,,,,0.9881,,,,,,,,,,,,,,,,,,,,,,,,,,,,,,,,,,,,,,,,,,,,,,,,,,,,,,,,,,,,,,,,,,,,,,,,,,,,,,,,,,,,,,,,,,,,,,,,,,,,,,,,,,,,,,,,,,,,,,,,,,,,,,,,,,,,,,,,,,,,,,,,,,,,,,,,,,,,,,,,,,,
labor,19,,,,,,,,,,0.9994,,,,,,,,,,,0.9562,,,,,0.9967,,,,,,,,,,,,,,0.9716,,,0.9998,,,,,,,0.971,,,,,,,,,,,,,0.9912,,,,0.9992,,0.9262,,,,,,,,,,,,,-0.9942,,,0.9984,,,,,,,,,,,0.6124,,,,,,,,,,,,,,,,,,,,,,,,,,,,,,,,,,,,,0.9954,,,,,,0.5318,,,,0.9994,,,,0.9999,,,,0.9909,,,,,,,,,,,,,,,,,,,,,0.997,,,,,,,,,,,,,,,,,,,,,,,,,1.0,,,,,,,,,,,,,,,,,,,0.8221,,,,0.9976,,,,,,,,,,,,,,,,,,,,,,,,,,,,,,-0.9926,0.8279,,,,-0.9988,0.9463,,,,,,,,,,,,,,,,,,,,,,,,,,,,,,,,,,,,,,,,,,,,,,,,,,,,,,,,,,,,,,,,,,,,,,,,,,,,,,,,,,,,,,,,,,,,,,,,,,,,,,0.9954,,
capitalism_in_decay,20,,,,,,,,,,,0.9928,,,,,,,,,,-0.999,,,,,,,,,,,,,-0.9971,0.8425,,,0.9268,,,,,,,,,,,,0.9866,-0.9564,,-0.9128,,,,,,,,,,,-0.8675,,,0.989,,,,,,,,,,,,,,,-0.9993,,,0.9985,,,,,,,,,,,,,,,,,-0.9929,,,,,,,,,,,,,,0.6658,,,,-0.9782,,-0.999,,,,,,,,,,,,,,,,,,,,,1.0,,,,-0.9999,,,,,0.9631,,,,,,,,,,,,,-0.9937,,,,,,,,,,,,,,,,,,,,,,,,,,,,-0.9939,,,,0.9999,,-0.9943,,,,,,,,,,,,,,,,,,,,0.9877,,,,,,,,,,,,,,,,,,,,,,,,,,-0.9994,,,,,,-0.9999,,,0.658,-0.9973,,,0.34,,-0.4926,-0.4098,,,,,,,,,,,,,,,,,,,,,,,,,,,,,,,,,,,,,,0.9961,,,,,,,,,,,,,,,,,,,,,,,,,,,,,,,,,,,,0.978,,,,,,,,,,,,,,,,,,,,,,,,,
chomsky,21,,,,,,,,,,,-0.9996,,,,,,,-0.9757,,,0.9997,,,,,,,,,,,,,,0.9879,,,,,,,,,,,,,,,0.9979,,,0.999,,,,,,,,,,,,,,,,,,,,,,,,-0.9986,,,,,,,,,,,,,,,,,,,,,,,,,,,,,,,,,,,,,,,,,,,,,-0.9998,,,,,,,,,,,0.9886,,,,,,,,,,,,,,0.9982,,,,,,,,,,,,-0.9989,,,,,,-0.9997,,,,,,,,,,,,,,,,,,,,,,,,,,,,,,,,1.0,,,,,,,,,,,,,-1.0,,,,,,,,,-0.9991,,,,,,,,,,,,,,,,,,,,,,,,,,,,,,,-0.9947,-0.9869,,,,,0.9992,,,,,,,,,,,,,,,,,,,,,,,,,,,,,,,,,,,,,,,,,,,,,,,,,,,,,,,,,,,,,,,,,,,,,,,,,0.9404,,,,,,-0.9995,,,-0.7701,,,,,,,,,,,,,,,,,,,,,,
SocialismAndVeganism,22,,,,,,,,,,,0.9883,,,,,,,,,-0.9313,,,,,,,,,,,,,,,0.9573,-0.9246,,,-0.9775,,0.9816,,,,,,,,,0.9881,,,-0.9531,-0.5719,,,,,,,,,,,,,-0.8483,,,,,,,,,,-0.9949,,,-0.8846,,-0.9961,,,0.9854,,,,0.9934,,,,,,,,,,,,,-0.8001,,,,,,,,,,,,,,-0.8038,,,,,,-1.0,,,,-0.9999,-0.9976,,-0.6029,,,,0.9943,,,,,,,,0.9731,,,,,,0.9951,,,,,0.9452,,,,,,,0.802,,1.0,,,,0.8846,,,,,,,,,,,-0.9828,,,,,,,-0.9984,1.0,1.0,,,,,,,,0.9031,,,,1.0,,,,,,,,,,,,,,,,,,,,0.9763,,-0.9994,,,,,,,,,,,,,,,,,,,,,,,,,,0.9911,,,,,0.999,-0.9979,,,-0.9948,,,,-0.9837,,0.9803,0.9685,,,,,,,,0.9614,,0.8516,,,,,0.9992,,,,,,,,,,,,,,,,,0.4854,,,,0.9908,,,,,,,,,,,,,,,,,,,,,,,,,,,,,,,,0.9908,,,,,,,,,,,,,,,,,,-0.9912,,,,,,,,,,,,,
occupywallstreet,23,,,,,,,,,,,,-0.9942,,,,,,,,,,,,,,,,,,,,,,,,,,,,,,,,,,,,,,,,0.9972,,,,,,,,,,,,,,,,,,,,,,,,,,,,,,-0.9999,,,,,,,,,,,,,,,,,,,,,,,,,,,,,,-0.9621,,,,,,,,,,-0.9964,,,,,,,,,,,-0.966,,,,,,,,,,,,,,0.9997,,,,,,,,,,,,,,,,,,,,,,,,,,,,,,,,-0.9789,,,,,,,,,,,,,,,,,,0.9997,,,,0.3378,,,,,,,,,,,,,,,,,,,,,,,,,,,,,,,,,,,,,,0.9515,,,,,,,,,,,,,,,,,,,,,,,,,,,,,,,,,,,,,,,,,,,,,,,,,,,,,,,,,,,,,,,,,,,,,,,,,,,,,,,,,,,,,,,,,,,,,,,,,,,,,,,,,,,,,,,,,,,,,0.9876,,,,
TrueReddit,24,,,,,,,,,,,,-0.5803,,,,,,,,1.0,,,,,,,,,,,,,,,,,,,,,,,,,,,-0.4497,,,,,,0.9873,,,,,,,,,,0.9999,,,,0.9424,0.998,,,,,,,,0.961,-0.998,,,,,-0.9998,,,,,,,,,,,,0.9996,,,,,,,,,,,,,,,,,,,,,,,,,,,,0.9996,,,,,,,,,,,0.9712,-1.0,,,,,,,,,,,,-0.9992,0.9957,,,,,,,,,,,,,,,,,,,,,,,,,0.9122,,1.0,,,,,,,,,,,,,,,,,,,,,,,1.0,,,,,,,,,,,,-0.9998,,,,,,,,,,,,,,,,0.9976,,,,,,,,,0.9504,,,,,,,-0.296,,,,,,,,,-0.9974,,,,,-0.975,,,,,,,,,,,,,,,,,-0.4404,,,,,,-0.5013,,,,,,,,,,,,,,,,,,,,,,,,,,,,,,,,,,,,,,,,,0.9999,,,,,,,,,,,,,,,,,,1.0,,,,,,,,,,,,,,,,,,,,,,,
Hasan_Piker,25,,,,,,,,,,,,,-0.9999,,,,,,,,,,,,,,,,,,,,,,,,,,,,,,,,,,,,,,,,,,,,,,,,,,,,,,,,,,,,,,,,,,,,,,,,,,,,,,,,,,,,,,,,,,,,,,,,,,-0.9996,,,,,,,,,,,,,-1.0,,,,,,,,,-0.9959,,0.9998,,,,,,,,-0.9991,,,,,,,,,,,,,,,,,,,,,,,,,,,,,,,,,,,,,,,,,,,,,,,,,,,,,,0.9997,,,,,,,,,,,,,,,,,,,,,,,,,,,,,,,,,,,,,,,,,,,,,,,,,,,,-0.9996,,,,,,,,,,,,,,-0.9649,,,,,,,,,,,,,,,,,,-1.0,,,,,,,,,,,,,,,,,,,,,,,,,,,,,,,,,,,,,,,,,,,,,,,0.9999,,,,,,,0.9992,,,,,,,,,,,,,,,,,,,,,,,,,
TopConspiracy,26,,,,,,,,,,,,,,-0.5109,,,,,,,,,,,,,,,,,,,,,,,,,,,,,,,,,,,,,,,,,,,,,,,,,,,,,,,,,,,,,,,,,,,,,,,,,,,,,,,,,,,,,,,,,,,,,,,,,,,,,,,,,,,,,,,,,,,,,,,,,,,,,,,,,,,,,,,,,,,,,,,,,,,,,,,,,,,,,,,,,,,,,,,,,,,,,,,,,,,,,,,,,,,,,,,,,,,,,,,,,,,,,,,,,,,,,,,,,,,,,,,,,,,,,,,,,,,,,,,,,,,,,,,,,,,,,,,,,,,,,,,,,,,,,,,,,,,,,,,,,,,,,,,,,,,,,,,,,,,,,,,,,,,,,,,,,,,,,,,,,,,,,,,,,,,,,,,,,,,,,,,,,,
blackedoutnews,27,,,,,,,,,,,,,,0.2108,,,,-0.9768,,0.9356,0.9807,,,,,,,,,,,,,,-0.4344,,,,,,,,0.9996,,,,,,,,-0.9979,-0.2743,,,,,,,,,0.9995,0.9969,,,,,-0.9921,,,,,,,,,,-0.9973,,,,,-0.9877,,,-0.9877,,-0.9741,,,,,,,,0.9994,-0.8591,,,,,,,,,,0.5191,,,,,,,0.8964,,,,,,,,,-0.9997,,,,0.9827,,,,,,,0.8803,,,,,,,-0.9437,,,,,,,0.9228,,-0.2177,,,,0.836,,,,,,,,,,,,,,,,,,,,,,,,,,,,,,,,,,,,,,,,,,,,-0.9996,0.9868,,,,,,,,,,,,,,,,,,,,,,,,,,,-0.9791,,,,,,,,,,,,,,,,,,,,,,,,,0.9487,-0.9989,,,,,-0.9412,,,,,,,,,,,,-0.7191,,-0.1833,,,,,,,,,,,,,,,,,,,,,,,0.3182,,,,,,,0.6705,,,,,,,,,,,,,,,,,,,,,,,,,,,,,,,,-0.997,,,,,,,,,,,,,,,,,,,,,,,,,,,,
ConspiracyX,28,,,,,,,,,,,,,,-0.3103,,,,,,-0.996,,0.0,,,,,,,,,,,,,,,,,,,,,-0.9989,,,,,,,,,,,,,,,,,,,,,,,,,,,,,,,,,,,,,,,-0.9999,,,0.972,,,,,,,,,,0.998,,,,,,,,,,,,,,,,,,0.4648,,,,,,,,,,,,,,,,,,,,0.9359,,,,,,,-0.9974,,,,,,,,0.9998,,,,,,,,,,,,,,,,,,,,,,,,,,,,,,,-0.8767,,,,,,,,,,,,,,,,,,,-0.793,,,,,,0.9516,,,,,,,,,,,,,,,,,,,,,-0.9984,,,,,,-0.2769,,,,,,,,,,,,,,,,,,,,,,,,,,,-0.9908,,,,,,,,,,,,,,,,,,,,,,,,,,,,,,,,,,,,,,,,,,,,,,,,,,,,,,-0.9985,,,,,,,,,,,,,,,,,,,,-0.9998,,,,,,,,,,,,,,,,,,,,,,,,,,,,
DystopiaToday,29,,,,,,,,,,,,,,,,,,,,,0.9989,-0.4599,,,,,,,,,,,,,,,,,,,,,-0.8643,,,,,,,,,,,,,,,0.9952,,,,,,,,,,,,,,,,,,,-0.9849,,,,,-0.9996,,,,,,,,,,,,,,,,,,,,,,,,,,,,,,,,,,,,,,,,-0.9998,,,,0.9593,,,,,,,-0.9978,,,,,,,,,,,,,,0.9934,0.9995,,,,,,,,,,,,,,,,,,,,,,,,,,,,,,,,,,,,,,,,,,,,,,,,,0.9999,,,,,,,,-0.7759,,,,,,,,,,,,,,,,,,,,0.9992,,,,,,,,,,,,,,,,,,0.4767,,0.8958,,,,,-0.9995,-0.9811,,,,,0.9811,,,,,,,,,,,,,,,,,,,,,,,,,,,,,,,,,,,,,,,,,,,,-0.9657,,,,,,,,,,,,,,,,0.0,,,,,,,,,,,,,,,,,,,,,,,,-0.8033,,,,,,,,,,,,,,,,,,,,
liberalpolitics,30,,,,,,,,,,,,,,,,,,,,,,,,,,,,,,,,,,,,,,,,,,,-0.9997,-0.9986,,,,,,,,-0.984,-0.9844,,,,,,,,,0.9629,,,,,0.9995,,,,,,,,,,,,,,,-0.9536,,,0.9923,,,,,,,,,,-0.9664,-0.9547,,,,,,,,,,0.0,,,,,,,,,,,,,,,,-0.9997,,,,0.3737,,,,,0.0,,-0.9965,,,,,,,0.9731,,,,,,,-0.91,,,,,,0.0,,,,,,-0.9034,,,,,,,,,,,,,,,,,,,-0.9791,,,,,,,,,,,,,,,,,,,0.9999,-0.9795,,,,,,,,,,,,,,,,,,,,,,,,,,,0.9999,,,,,,,,,,,0.8277,,,,,,,,,,,,,,-0.5499,,,,,,,-0.9437,,,,,,,,,,,-0.9931,,,,,,,,,,0.9916,,,,,,,,,,,,,,,,0.9147,,-0.9521,,,,,,,,,,,,,,,,,,,,,,,,,-0.1531,,,,,,,,,,,-0.9179,,,,,,,,,,,,,,,,,,,,,,,,,,,,
BernersForStein,31,,,,,,,,,,,,,,,-0.3182,,,,,,,,,,,,,,,,,,-0.7016,,,,,,,,,,,,,,,,,,,0.9976,,,,,,,,,,,,,,,,,,,,,,,,,,,,,,,,,-0.8417,,,,,,,,,,,,,,,,,,,,,,,,,,,,,,,,,,,,,,,,,,,,,,,,-0.9504,,,,,,,,,,,,,,-0.9967,,,,,0.6705,,,,,,,,,,,,,,,,,,,,-0.95,-0.5073,,,,,,,,,,,,,,,,,0.0,,,,,,,,,,,,,,,,,,,,,,,,,,,,,,,,,,,,,,,,,,,,,,,,,,,,,,,,,,,,,,,,,,,,0.9994,,,,,,,,,,,,,,,,,,,,,,,,,,,,,,,,,,,,,,,,,,,,,,,,,,,,,,,,,,,,,,,,,,,,,,,,,,,,,,,,,,,,,,,,,,,,,,,,,,,,,,
BernieorBust,32,,,,,,,,,,,,,,,,,,,,,,,,,,,,,,,,,-0.8962,,,,,,,,,,,,,,,,,,,0.9942,0.9665,,,,,,,,,,,,,,,,,,,,,,,,,,,,,,,,0.8507,,,,,,,,,,,,,,,,,,,,,,,,,,,,,,,,,,,,,,,,,,,,,,,,-0.9934,,,,,,,,,,,,,,-0.9999,,,,,0.6705,,,,,,,,,,,,,,,,,,,,-0.8837,-0.5073,,,,,,,,,,,,,,,,,0.6351,,,,,,,,,,,,,,,,,,,,,,,,,,,,,,,,,,,,,,,,,,,,,,,,,,,,,,,,,,,,,,,,,,,0.6705,0.9991,,,,,,,,,,,,,,,,,,,,,,,,,,,,,,,,,,,,,,,,,,,,,,,,,,,,,,,,,,,,,,,,,,,,,,,,,,,,,,,,,,,,,,,,,,,,,,,,,,,,,,
propaganda,33,,,,,,,,,,,,,,,,0.996,,0.6781,,,-0.9998,-0.9992,,,,,,,,,,,,,,,,,,,,,-1.0,,,,,,-0.989,,-0.9864,,,,,,,,,,,,,,,,-0.9718,,,,,,,,,,-0.9974,,,,,-0.9998,,,0.9671,,,,,,,,,,-0.9964,,,,,-0.9642,,,,,,,,,,,,,,,,,,,,-0.9872,,,,,,0.8922,,,,,,,0.9752,,,,,,,,,,,,,,-0.9112,,,,,,,,,,,,,,,,,,,,,,,,,,,,,,,,,,,,-0.9562,,,,,,,,,,,,,0.3899,0.9999,,,-0.9992,,,,,,,,,,,,,,,0.9727,,,,,,,,,,-0.9968,,,,,,,,,,,,,,,,,,,,,,,,,-0.8741,,,,,,0.379,,,,,,,,,,,,,,,,,,,,,,0.9931,,,,,,,,,,,,,,,,,,,,,,,,,,,,,,,,,,0.8348,0.9864,,,,,,,,,,,,,,,,,,,,,,,,,,,,,,,,,,,,,,,,,,,,,,,
GreenParty,34,,,,,,,,,,,,,,,,,0.1867,-0.9998,,,,,,,,,,,,,,,,,,,,,,,,,,,,,,,,,,,,,,,,,-0.327,,,,,,,,,,,,,,,,,,,0.8725,,,,,,,,,,,,,,,,,,,,,,,,,,,,,0.1867,,,,,,,,,,,,,,,,0.9702,,,,,,,,,,0.9737,,,,,,,,,,,,,,0.9961,,,,,,,,,,0.9749,,,,,,,,,,,0.6249,,,,-0.7897,,,,,,,,,,,,,,0.2565,,,,,,,,,,,0.9999,,,,,,,,,,,,,,,,,-0.4114,,,,,,,,,,-0.4664,0.9999,,,,,,,,-0.8433,,,,,,,,,0.983,,,,,,,,,,,,,,,,0.9988,,,,,,,,,,,,,,,-0.886,,,,,,,,,,0.999,,,,,,,,,,,,,,,,,,,,,,,,,,,,,,,,,,,,,,-0.6659,,,,,,,,,,,,,,,,,,,,,,,,,,,,,,,,,,,,,,,
1984isreality,35,,,,,,,,,,,,,,,,,,0.8586,,0.9977,-0.9999,,,,,,,,,,,,,,,,,,,,,,,,,,,,,,,,,,,,,-0.9988,,,,,,,,,,,,,,,,,,,,,,,,-1.0,,,0.9958,,,,,,,,,,-0.9996,,,,,0.9551,,,,,,,,,,,,,,,,,,,,-0.9999,,-0.9999,,,,0.9878,,,,,,,0.9984,,,-0.9926,,,,,,,,,,,-0.8735,,,,,,0.1431,,,,,0.9962,,,,,,,,,,,,,,,,,,,,,,,,,0.9782,,,,,,,,,,,,,0.0,0.9999,,,,,,,,,,,,,,,,,,,,,,,,,-0.0516,,,-0.9999,,,,,,,,,,,,,,,,,,,,0.9597,,,,,-0.9999,-0.9969,,,,0.9998,-0.9855,,,,,,,,,,,,,,,,,,,,,,,,,,,,,,,,,,,,,,,,,,,,0.9772,,-0.959,,,,,,,,,,,,,,,,,,,,,,,,,,,,,,,,,,,,-0.9736,,,,,,,,,,,,,,,,,,,,,,
socialism,36,,,,,,,,,,,,,,,,,,0.8767,,,,,,,,,,,,,,,,,,,,,,,,,,,,,,,,0.9997,,,,,,,,,,,,,,,,,,,,,,,,,,,,,,,,,,,,,,,,,,,,,,,,,,,,,,,,,,,,,,,,,,,,,,-0.9999,,,,,,,,,,,,,0.9418,,,,,,,,,,0.9999,,,,1.0,,,,,,,,,,,,-0.4986,,,,,,,,,,,,,,,,,,,,,,,,-0.9999,,,,,,,,,,,,,,,,,,,,,,,,,,,,,,,,,,,,,,,,,,,,,,,,,,,,,,,,,,,,,,0.9984,,,,,0.9669,-0.9995,,,,0.9998,,,,,,,,,,,,,,,,,,,,,,,,,,,,,,,,,,,,,,,,,,,,,,,,,,,,,,,,,-0.9978,,,,,-0.9997,,,,,,,,,,,,,,,,,,-0.8476,,,,,,,,,,,,,,,,,,,,,,,,,
economy,37,,,,,,,,,,,,,,,,,,0.9995,,,0.9999,,,,,0.9852,,,,,,,,,0.9933,,,,,,,,,,,,,,,,,,,,,,,,,,,,-0.9971,,,,,,,,,,,,,,,,,,,,,,,,,,,,,,,,,,,,,,,,,,,,,,,0.9997,,,,,,,,,,,,,,,,,,,,,,,0.9772,,,,,,,,,,0.9998,,,,0.9999,1.0,,,,,,,,,,0.9964,,,,,,,,,,,,,,,,,,,-0.9896,,,,,,,,,,,,,,,,,,,,1.0,,,,,,,,,,,,,,,,,,,,,,,,,,,,,0.9865,,,,,,,,,,,,,,,,,,,,,,,,-0.9923,,,,,1.0,,,,,,,,,,,,,,,,,,,,,,,0.9978,,,,,,,,,,,,,,,,,,,,,,,,,,,,,,,,,,,,,,,,,,,,,,,,,-0.9268,,,,,,,,,,,,,,,,,,,,,,,,,,,,,,,,,
IntelligenceNews,38,,,,,,,,,,,,,,,,,,0.9685,,,-0.9999,-0.8863,,,,,,,,,,,,,0.6039,,,,,,,,,,-0.991,,,,,,,0.9328,,,,,,-0.9994,,,,,,,,,-0.9828,,,,,,,,,,-0.9765,,,,,-0.9977,,,,,,,,,,,,,,,,,,,,,,,,,,,,,,,,,,,,,,,,,,,,-0.9982,,,,,,,0.7399,,,-0.994,,,,,,,,,,,-0.9815,,,,,,,,,,,,,,,,,,,,,,,,,,,,,,,,,,,,-0.9999,,,,,,,,,,,,,,0.9991,,,,,,,,,0.9685,,,,,,,,,,,,,,,,,0.6573,,-0.9948,,,,,,,,,,,,,,,,,,,,,,,,,0.7351,,,,,,0.9943,,,,,,,,,,,,,,,,,,,,,,,,,,,,,,,,,,,,,,,,,,,,,,,,,,,,,,,,,,,,,,,,,,,,,,,,,-0.9739,,,,,,,,,,,,,-0.9777,,,,,,,,,,,,,,,,,,
julianassange,39,,,,,,,,,,,,,,,,,,-0.7479,,,,,,,,,,,,,,,,,-0.9749,,,,,,,,,,,,,,,,,-0.6339,,,,,,,,,,,,,,,-0.0538,,,,,,,,,,-0.9973,,,,,,,,,,,,,,,,,,,,,,,,,,,,,,,,,,,,,,,,,,,,,,,,,-0.9877,,,,,,,,,,,,0.34,,,,,,,,,,,,,,,,,,,,,,,,,,,,,,,,,,,,,,,,,,,,,,,,,,,,,,,,,,,,,,,,,,,,,,0.296,,,,,-0.9674,,,,,,,,,,,,,,,,,,,,,,,,,,,,,,,,,,,,,,,,,,,,,,,,,,,,,,,,,,,,,,,,,,,,,,,,,,,,,,,,,,,-0.9987,,,,,,,,,,,,,,,,,,,,,,,,,,,,,,,,,,,,,,,,,,,,,,,,,,,,,,,,,,-0.9888,,,,,,
MediaCriticism,40,,,,,,,,,,,,,,,,,,0.8524,,,-0.998,,,,,,,,,,,,,,0.9832,,,,,,,,-0.9999,,,,,,,0.9937,0.9542,-0.9954,,,,,,,,,,0.9908,,,,,0.9899,,,,,,,,,,-0.9726,,,,,,,,,,,,,,,,,,,,,,,0.0,,,,,,-0.7096,,,,,,,,,-0.8914,,,,,,,,,,,-0.9998,,,,,,,0.3779,,,,,,,-0.9701,,,,,,,-0.8841,,,,,,,,,,,,,,,,,,,,,,,,,,,,,,,,,,,,-0.9999,,,,,,,,,,,,,,0.9988,-0.9971,,,,,,,,,,0.9937,,0.97,,,,,,,,,,,,,0.9256,,-0.9995,,,,,,,,,,,,,,,,,,,,0.7198,,,,,,,,,,,0.986,,,,,,,,,,,,,,,,,,,,,,,,,,,,,,,,,,,,,0.6868,,,-0.8807,,,,0.9531,,-0.9973,,,,,,,-0.6497,,,,,,,,,,,,,,,,,,,,-0.9219,,,-0.9983,,,,,,,,,,,,,,,,,,,,0.9113,,-0.1298,,,,,,
ProgressiveActivists,41,,,,,,,,,,,,,,,,,,-0.9929,,0.9963,,,,,,,,,,,,,,,,,,,,,,,,,,,,,,,,0.9702,,,,,,,,,,,,,,,0.9989,,,,,,,,,,0.9997,0.3182,,,,0.9954,,,-0.97,,,,,,,,,,,,-0.128,,,,,,,,,,,,,,,,,,,,,,,,,,,,,,,,,,,,0.9831,,,,,,,,,,,,,,0.9989,,,,,,,,,,,,,,,,,,,,,,,,,,,,,,,,,,,,,,,,,,,,,,,,,,1.0,,,,,,,,,,,,,,,,,,,,,,,,,,,,0.9998,,,,,,,,,,,,,,,,,,,,,,,,,,-0.994,,,,,,,,,,,,,,,,,,,,,,,,,,,-0.9081,,,,,,,,,,,,,,,,,,,,,,,,,,,,,,,,,,,,,,,,,,,,,,,,,,,,,,,,,,,,,,,,,,,,,,,,,,,,,,,,,,
TheIntercept,42,,,,,,,,,,,,,,,,,,0.2058,,-0.9997,-0.9998,,,,,,,,,,,,,,,,,,,,,,,0.9988,,,,,,,,,,,,,,,,,,,,,,,,,,,,,,,0.9848,,-0.9768,,,,,-0.9957,,,-0.9897,,,,,,,,,,,,,,,,,,,,,,,,,,,,,,-0.8914,,,,,,,-1.0,,,,-0.9999,,,,,,,0.9894,,,0.9983,,,,,,,,,,,-0.9999,,,,,,,,,,,,,,,,,0.9384,,,,,,,,,,,,,,,,,,,-0.9985,,,,,,,,,,,,,,0.9999,,,,,,,,,,,,,,,,,,,,,,,,,,,,-0.9999,,,,,,,,,,,,,,,,,,,,,,,,,-0.9988,-0.5849,,,,,0.4632,,,,,,,,,,,,,,,,,,,,,,0.9944,,,,,,,,,,,,,,,,,,,,-0.971,,,,,,,,,,,,,,-0.999,,,,,,,,,,,,,,,,,,,,,,,,,,-0.4588,,,,-0.2716,,,-0.9625,,,,,,,,,,,,,,,
World_Politics,43,,,,,,,,,,,,,,,,,,0.9813,,,0.9922,-0.9997,,,,,,,,,,,,,,,,,,,,,,,,,,,,,,-0.9005,,,,,,,,,,,,,,,-0.9302,,,,,,,,,,-0.9956,,,,,,,,,,,,,,,,,,,,,,,,,,,,,,,,,,,,,,,,,,,,,,,,,-0.9929,,,,,,,,,,-0.9981,,,,,,,,,,,,,,,,,,,,,,,,,,,,,,,,,,,,,,,,,,,,,,,0.9962,,,,,,,,,,,-0.9992,,,,,,-0.9959,,,,,,,,0.9959,,,,,0.9105,,,,,,,,,,,,-0.9987,,,-0.5676,,,,,,,,,,,,,,,,,0.9947,-0.9968,,,,,,,,,,,,,,,,,,,,,,,,,,,,,,,,,,,,,,,,,,,,0.976,,,-0.335,,,,,,,,,,,,,,,,,,,-0.9818,,,,,,,,,,,,,,,,,,,,,,,,,,,,-0.9805,,,,,,,,,,,,,,,,,,,,
PeoplesPartyUSA,44,,,,,,,,,,,,,,,,,,,-0.4188,,0.9999,,,,,,,,,,,,,,,,,,,,,,,0.9993,,,,,,,,,,,,,,,,,,,0.9999,,,,,,,,,,,,,,,-0.9431,,,,,,,0.9122,,,,,,,,,,,,0.8288,,,,,,,,,,,,,,,,,,,,,,,,,,,,,0.5982,,,,,-0.1027,,0.998,,,0.9955,,,,,,,,,,,-0.997,,,,,,,,0.9858,,,,,,,,,,,,,,,,,0.9608,,,,,,,,,,,,,,,,,,,,,,,,,1.0,,,,,,,,,,,,,,,,,0.5994,,,,,,,,,,,-0.9823,,,,,,,,,,,,,,,,,0.9945,,,,,,,,0.9371,,,,,0.9997,,,,,,,,,,,,,,,,,,,,,,,0.9993,,,,,0.5994,,,,,,,,,,,,,,,,,,,,,,,,,,,,,,,,,,,,,,,,,,,,,,,,,,,,,,,-0.795,,,,,,,,,,,,,,,,,,,,,,
conspiracyfact,45,,,,,,,,,,,,,,,,,,,,1.0,-0.9812,,,,,,,,,,,,,,,,,,,,,0.6359,-0.9999,,,,,,,,,,-0.9938,,,,,,,,,,,,,,-0.942,,,,,,,,,,0.9989,,,,,-0.9517,,,0.9934,,,,,,,,,,-0.9941,,,,,0.0,,,,,,,,,,,,,,,,,,-0.3461,,,,-0.9999,,,,0.9988,,,,,,,0.993,,,,,,,-0.9953,0.9997,,,,,,0.9999,,,0.9725,,,,,,,,0.9979,,,,,,,,,,,,,,,,,,,,,,,,,-0.9967,,,,,,,,,,,,,,1.0,,,,,,,,,,,,,,,,,,,,,,,,,,,,0.9998,,,,,,,,,,,,,,,,,,,,,,,,,-0.9959,-0.9973,,,,,,,,,0.731,,,,,,,,,,,,,,,,,,,,,,,,,,,,,,,,,,,,,,,,,,,,,,,,,,,,,,,,,,,,,,,,,,,,,,,,,,,,,,,,,,,,,,,,,,,,,,,,,,,,
CorporateMalfeasance,46,,,,,,,,,,,,,,,,,,,,0.9992,-0.9987,,,,,,,,,,,,,,,,,,,,,,0.9999,-0.9748,,,,,,0.9893,,,,,,,,,,,,,,,,,-0.7711,,,,,,,,,,-0.9967,,,,,-0.9469,,,0.9848,,,,,,,,,,-0.996,,,,,,,,,,,,,,,,,,,,,,,,,,,-0.9999,,,,-0.9882,,,,,,,0.9856,,,,,,,0.642,,,,,,,-0.9952,0.9999,,,,,,,,,,0.9974,,-0.0788,,,,,,,,,,,,,,,,,,,0.9253,,,,,,,,,,,,,,,,,,1.0,,,,,,,,,,,,-0.9792,,,,,,,,,,,,,,,,-0.9979,,,,,,,,,,,,,,,,,,,,,,,,,-0.9991,,,,,0.9956,,,,,,,,,,,,,,,,,,,,,,,,,,,,,,,,,,,,,,,0.6068,,0.997,,,,,,,,,,,,,,,,,,,,-0.6996,,,,,,,,,,,,,,,,-0.9815,,,,,,,,,,,,,,,,,,,,,,,,,0.0,,,
Intercept,47,,,,,,,,,,,,,,,,,,,,-0.9892,-0.9998,,,,,,,,,,,,,,,,,,,,,,,0.996,,,,,,,-0.9986,,0.9846,,,,,,,,,,,,,-0.9313,,,,,,,,,,,-0.9996,,,-0.8665,,-0.9996,,,0.9312,,,,,,,,,,-0.9991,,,,,,,,,,,,,,,,,,,,,,,,,,,-1.0,,,,-0.9994,,,,,,,0.9862,,,,,,,,,,,,,,-0.9996,,,,,,,,,,,,-0.296,,,,,0.9008,,,,,,,,,,,,,,,,,,,-0.9999,,,,,,,,,,,,,,1.0,,,,,,,,,,,-0.999,-0.9953,,,,,,,,,,,,,,,,-0.9938,,,,,,,,,,,,,,,,,,,,,,,,,-0.9944,-0.7979,,,,-0.4858,0.9355,,,,0.0,,,,,,,,,,,,,,,0.1779,,0.4404,0.9918,,,,,,,,,,,,,,,,0.9972,,,,-0.9993,,,,,,,,,,,,,,-0.9972,,,,,,,,,,,,,,,0.8195,,,,,,,,,,,-0.5046,,,,,,,-0.9625,,,,,,,,,,,,,,,
news_etc,48,,,,,,,,,,,,,,,,,,,,0.9747,,,,,,,,,,,,,,,,,,,,,,,1.0,,,,,,,,,,,,,,,,,,,,0.9994,,,,,,,,,,,,,,,,,,,,,,-0.8698,,,,,,,,,,0.7478,,,,,,,,,,,,,,,,,,0.9222,,,,,,,,,,,,,,,,,,,,,,,,,,,,,,,,,,0.995,-0.9962,,,,,,,,,,,,,,,,,,,,,,,,,,,,,,,,,,,,,,,,,,,,,,,,,-0.9648,,,,,,,,,,,,,,,,,,,,,,0.9894,,,,,,0.991,,,,0.8738,,,,,,,,,,,,,,,,,,,,,,,,,,0.916,,0.0,,,,,,,,,,,,,,,,,,,,,,,,,,,,,,,,,,,,,,,,,,,,,,,,,,,,,,,,,,,,,,,,,,,,,,,,,,,,,,,,,,,,,,,,,,,,,,,,,,,,,,,
SocialDemocracy,49,,,,,,,,,,,,,,,,,,,,1.0,0.9893,,,,,,,,,,,,,,,,,,,,,,,0.9997,,,,,,,,,,,,,,,,,,,,,,,,,,,,,,,,,,,,,,,,,,,,,,,,,,,,,,,,,,,,,,,,,,,,,,,,,,,,,,,,,,,,,,,,,,,,,,,,,,,,,,,,,,,,,,,,,,,,,,,,,,,,,,,,,,,,,,,,,,,,,,,,,,,,,,,,,0.9998,,,,,,,,,,,,,,,,,,,,,,,,,,,,,,,,,,,,,,,,0.9885,,,,,,,,,,,,,,,,,,-1.0,,,,,,,,,,,,,,,,,,,,,,,,,,,,,,,,,,,,,,,,,,,,,,,,,,,,,,,,,,,,,,,,,,,,,,,,,,,,,,,,,,,,,,,,,,,,,,,,,,,,,,,,,
TrueProgressive,50,,,,,,,,,,,,,,,,,,,,0.999,-0.9963,,,,,,,,,,,,,,,,,,,,,,,,,,,,,,,,,,,,,,,,,,1.0,,,,0.9722,,,,,,,,,,0.9996,,,,,-0.9987,,,-0.9973,,,,,,,,,,-0.9982,-0.4066,,,,,,,,,,,,,,,,,,,,,,,,,,0.9242,,,,0.7644,,,,,,,-0.7906,,,,,,,,,,,,,,0.9993,1.0,,,,,,,,,,,,,,,,,,,,,,,,0.9993,,,,,,,,,,,,,,,,,,0.0018,,,,,,,0.9999,,,,,,,,,,,,,,,,,,,,,,,,,,,,0.9997,,,,-0.6908,,,,,,,,,,,,,,,,,,,,,,,,,,,,,,,,,,,,,,,,,,,,,,,,,,,,,,,,,,,,,,,,,,,,,,,,,,,,,,,,,,,,,,,,,,,,,,,,,,0.9991,,,,,,,,,,,,,,,,,,,,,,,,,,,,,,,,,
union,51,,,,,,,,,,,,,,,,,,,,0.9987,-0.9972,,,,,0.9995,,,,,,,,,,,,,,,,,,-0.6249,,,,,,0.9945,,,,,,,,,,,,,,,,,,,,,,,,,,,,,,,,,,,-0.9846,,,,,,,,,,,,,,,,,,-0.3994,,,,,,,0.9978,,,,,,,,,,0.9992,,,,,,,,,,,,,-0.9995,,,,,,0.6685,,,,,,,,0.9833,,,,,,,,,,,,,,,,,,,,,,,,,,,,,,,,,,,,,,,,,,,,,,,,,,1.0,,,,,,,,,,,,,,,,,,,,,,,0.4511,,,,,,,,,,,,,,,,,,,,,,,,,,,,,,,0.9995,,,,0.9999,,,,,,,,,,,,,,,,,,,,,,,,,,,,,,,,,,,,,,,-0.8136,,,,,,,,,,,,,,,,,,,,,,,,,,-0.9978,,,,,0.8489,,,,,,,,,,,,,,,,,,,,,,,,,,,,,,,,,0.9998,,
USEmpire,52,,,,,,,,,,,,,,,,,,,,-0.7534,-1.0,,,-0.9165,-0.9611,,,,,,,,,,0.9707,,,,,,,,,,-0.9162,,,,,0.9919,,-0.6439,,,,,,0.9376,,,,,,,,,0.9916,,,,,,,,,,-0.9894,,,,,,,,,,,,,,,,,,,,,,-0.9998,,,,,,,,,,,,,,,,,,,,,,,,,,,,-0.9986,,,-0.8666,,,-0.9961,,,,,,,,,,,,,,,,,,,,,,,,,,,,,,,,,,,,,,,,,,,,,,,,,,-0.9995,,,,,,,,,,,,,,0.9998,-0.993,,-0.9993,,,,,,-0.9332,,,,-0.9097,,,,,,,,,,,,,-0.9951,,-0.9999,,,,,,,,,,,,,,,,,,,0.2299,-0.9894,,,,,,,,,,,,,,,,,,,,0.9663,,,,,,,,,,,,,-0.9827,,,,,,,,,,,,0.9908,,,,,,,,,,,,,,,,,,,-0.5106,,,,,,,,,,,,,,,,,,,,-0.9921,,,,,,,,,0.9146,,-0.1943,,,,,,,,,,,,,,,,,,,,
worldpolitics2,53,,,,,,,,,,,,,,,,,,,,0.9062,-1.0,-0.9971,,,,,,,,,,,,,,,,,,,,,,,,,,,,,,-0.8534,,,,,,,,,,0.0,,,,,-0.9562,,,,,,,,,,,,,,,,,,,,,,,,,,,,,,,,,,,,,,,,,,,,,,,,,,,,,,,,,,,-0.9973,,,,,,,,,,,,,,,,,,,,,,,,,,,,,,,,,,,,,,,,,-0.0593,,,,,,,,,-0.9928,,,,,,0.8775,-1.0,,,,,,,,,,,,,,0.9997,,,,,,,,,,,,,,,,,,,,,,,,,,,,-0.9999,,,,,,,,,,,,,,,,,,,,-0.8964,,,,,,,,,,,,,,,,,,,,,,,,,,,,,,,,,,,-0.9814,,,,,,,,,,0.9869,,,,,,,,,,,,,,,,,,,,,,-0.9976,,,,,,,,,,,,,,,,,,-0.0258,,-0.9998,,,,,,,,0.0788,,,,,,,,,,,,,,,,,,,,
AntiMSM,54,,,,,,,,,,,,,,,,,,,,,-0.9997,-0.9993,,0.368,-0.8588,,,,,,,,,,0.8924,,,,,,,,,,-0.0562,,,,,0.9975,,,-0.9614,,,,,0.9852,,,,,,,,,,,,,,,,,,,-0.9997,,,,,,,,-0.9635,,,,,,,,,,,,,,,0.0,,,,,,,,,,,,,,,-0.8914,,,,,,,,,,,,,,,,,,-0.9342,,,,,,,,,,,,,,-0.9993,,,,,,,,,,,,,,,,,,,,,,,,,,,,,,,,,,,,,,,,,,,,,,,,,0.802,1.0,,,,,,,,,,,,,0.8753,-0.9677,,,,,,,,,,,,-0.9997,,-0.9994,,,,,,,,,,,,,,,,,,,0.9544,-0.8055,,,,,0.9858,,,,,,-0.9932,,,,,,,,,,,,,,,,,,,,,,0.9841,-0.5499,,,,,,,,,,,0.9949,,,,,,,,,,,,0.9796,,,,,,,,,,,,,,,,,,,,,,,,,,,-0.7053,,,-0.9996,,,,,,-0.8655,,,,,,,,,,,,,,,,,,,,,,
antiwar,55,,,,,,,,,,,,,,,,,,,,,-0.9806,,,0.4696,,,,,,,,,,,,,,,,,,,1.0,,,,,-0.9984,,,-0.9991,,,,,,,,,,,,,,,,-0.9988,,,,,,,,,,-0.9996,,,,,-0.9883,,,-0.997,,,,,,,,,,-0.9999,,,,,,,,,,,,,,,,,,,,,,,,,,,,,,,,,,,,,,-0.4729,,,,,,,,,,,,,,,,,,,,,,,,,,,,,,,,,,,,,,,,,,,,,,,,,,,,,,,,,,,,,,,,-1.0,,,,,,,,,,,,,,,,,,,,,,,,,,-0.9977,,-1.0,,,,,,,,,,,,,,,,,,,,0.9866,,,,,-0.9966,,,,,,,,,,,,,,,,,,,,,,,,,,,,-0.4215,,,,,,,,,,,,,,,,,,,,-0.9999,,,,,,,,,,,,,,,,,,,,,,,,,,,,,,,,,,,,,0.8366,,,,,-0.8895,,,,,,,,,,,,,,,,,,,,
collapse,56,,,,,,,,,,,,,,,,,,,,,-0.9995,,,,,,0.8424,,,,,,,,,,,,,,,,,0.9952,,,,,,,,,,,,,0.7269,,,,,,-0.9909,,,,,,,,,,,,,,,,,,,,,,,,,,,,,,,,,,,,,,,,,,,,,,,,,,,,,,,,,,,,,,,,,,,,,,,,,,,,,,,,,,,,0.9999,,,,,,,,,,,,,,,,,,,,,,,,,,,,,,,,,,,,,,,,,,,,,,,,,-0.9704,1.0,,,,,,,,,,,,,,,,,,,,,,,,,,,,0.741,,,,,,,,,,,,,,,,,,,,,,,,,,,,,,-0.9998,,,,,,,,,,,,,,,,,,,,,,,,,,,,,,,,,,,,,,,,,,,,,,,,,,,,,,,,,,,,,,,,,,,,,,,,,,,,,,0.2382,,,,,,,,,,,,,,,,,,,,-0.9979,,,,,,,
communism,57,,,,,,,,,,,,,,,,,,,,,-0.9663,,,,,,,,,,,,,,,,,,,,,,,,,,,,,0.9929,,,,,,,,,,,,,,,,,0.3624,,,,,,,,,,-0.7374,,,,,-0.9994,,,,,,,,,,,,,,,,,,,,,,,,,,,,,,,,,,,,,,,,-0.9989,,,,-0.993,,,,,,,0.9149,,,,,,,,,,,,,,,,,,,,,,,,,,,,,,,,,,,,,,,,,,,,,,,,,,-0.9996,,,,,,,,,,,,,,1.0,,,,,,,,,,,,,,,,,,,,,,,,,,,,,,,,,,,,,,,,,,,,,,,,0.9749,,,,,0.9933,-0.733,,,,0.9984,-0.9924,,,,,,,,,,,,,,,,,,,,,,,,,,,,,,,,,,,,,,,,-0.9313,,,,,,,,,,,,,,,,,,,,,,,,,,,,,,,,,0.9807,,,,,,,,,,,,,,,,,,,,,,,,,,,,,,,
ConcentrationOfWealth,58,,,,,,,,,,,,,,,,,,,,,1.0,,,,,,,,,,,,,,,,,,,,,,,0.994,,,0.0,,,,,,,,,,,,,,,,0.9999,,,,,,,,,,,,,,0.9995,,,,,,,,0.6041,,,,,,,,,,,,,,,,,,,,,,,,,,,,,,,,,,,0.9998,,,,,,0.9802,,,,,,,0.9967,,,0.9969,,,,,,,,,,,-0.999,,,,0.9998,,,,,,,,,,,,,,,,,,,,,,,,,,,,0.9972,,,,,,,,,,,,,,,,,,,,,,,,,,,,,,,,,,,,,,,,,,,,,,,,,,-0.5514,,,,,,,,,,,,,,,,,,,,,0.9991,,,,,0.9999,,,,,,,,,,,,,,,,,,,,,,,0.9749,,,,,,,,,,,,,,,,,,,,,,,,,,,,,,,,,,,,,,,,,,,,,,,,,0.9953,,,,,,,,,,,,,,,,,,,,,,,,,,,,,,,,,
Foodforthought,59,,,,,,,,,,,,,,,,,,,,,-0.9999,,,,,,,,,,,,,,,,,,,,,,,,,,,,,,,,,,,,,,,,,,0.9999,,,,0.9663,,,,,,,,,,0.9951,,,-0.9987,,-0.9997,,,0.9976,,,,,,,,,,,-0.7783,,,,,0.9996,,,,,,,,,,,,,,,,,,,0.9997,,-1.0,,,,0.9542,,,,,,,0.9782,,,,,,,,,,,,,,0.9999,,,,,,0.8808,,,,,,,,,,,,,,,,,,,,,,,,,,,,,,,,,,,,,,,,,,,,1.0,,,,,,,,,,,,-0.9997,,,,,,,,,,,,,,,,-0.9997,,,,,,,,,,-0.9375,,,,,,,,,,,,,,,-0.9976,,,,,-0.9999,-0.9771,,,,,,,,,,,,,,,,,,,,,,,,,,,,,,,,,,,,,,,,,,,,,,,,,,,0.9998,,,,,,,,,,,,0.9916,,,,,,,,,,,,,,,,,,,,,,,,,,0.0,,,,,,,,,,,,,,,
jimmydore,60,,,,,,,,,,,,,,,,,,,,,-0.9999,,,,,,,,,,,,,,,,,,,,,,,,,,,,,,,,,,,,,,,,,,,,,,,,,,,,,,,,,,,,,,,,0.9698,,,,,,,,,,,,,,,,,,,,,,,,,,,,,,,,,,,,,,,,,,-0.9994,,,,,,-0.9972,,,-0.9995,,,,,,,,,,,-0.9998,,,,,,,,,,,,,,,,,,,,,,,,,,,,,,,,,,,,,,,,,,,,,,,,,,-1.0,,,,,,,,,,,,,,,,,,,,,,,,,,-0.9988,,,,,,,,,,,,,,,,,,,,,,-0.9999,,,,,,,,,,,,,,,,,,,,,,,,,,,,,,,,,0.7936,,,,,,,,,,,,,,,,,,,,,,,,,,,,,,,,,,,,,,,,,,,,,,,,,,,,,,,,,,,,0.9616,,,-0.9816,,,,,,,,,,,,,,,,,,,
LeftWithoutEdge,61,,,,,,,,,,,,,,,,,,,,,-0.9998,,,,,,,,,,,,,,0.9879,,,,,,,,,,,,,,,0.9913,,,,,,,,,,,,,,,,,,,-0.9549,,,,,,,,,,,,,,,,-0.9999,,,,,,,,,,,,,,,,,,,,,,,,,,,,,,,,,,,,,-0.9998,,,,,,,,,,,,,,-0.8868,,,,,,,,,,,,,,,,,,,,,,,-0.7373,,,,,,,,,,,,,,,,,,,,,,,,,,,,,,,,,,,,,,1.0,,,,,,,,,,,,,,,,,,,,,,,,-0.998,,,,,,,,,,,,,,,,,,,,,,,,-0.999,,,,,0.9997,-0.9998,,,,0.9995,,,,,,,,,,,,,,,,,,,,,,,0.6715,,,,,,,,,,,,,,,,,,,,,-0.9948,,,,,,,,,,,,,,,,,,,,,,,,,,,,,,,,,,,,,,,0.9489,,,,,,,,,,,,,,,,,,,,,,
TrueAnon,62,,,,,,,,,,,,,,,,,,,,,-0.9699,,,,,,,,,,,,,,,,,,,,,,,,,,,,,,,,,,,,,,,,,,,,,,,,,,,,,,,,,,,,,,,,,,,,,,,,,,,,,,,,,,,,,,,,,,,,,,,,,,,,,,,,,,,,,,,,,,,-0.9777,,,,,,,,,,,,,,,,,,,,,,,,,,,,,,,,,,,,,,,,,,,,,,,,,,,,,,,,,,,,,,,,,,,,,,,,,,,,,,,,,,,,,,,,,,,,,,,,,,,,,,,,,,,,,,,,,,,,,,,,,,,,,,,,,,,,,,,,,,,,,,,,,,,,,,,,,,,,,,,,,,,,,,,,,,,,,,,,,,,,,,,,,,,,,,,,,,,,,,,,,,,,,,,,,,,,,,,,,,,,,,,,
Palestine,63,,,,,,,,,,,,,,,,,,,,,,-0.9998,,,,,,,,,,,,,,,,,,,,,,,,,,,,,,,,,,,,,,,,,,,,,,,,,,,,,,,,,,,,,,,,,,,,,,,,,,,,,,,,,,,,,,,,,,,,,,,,,,,,,,,,,,,,,,,,,,,,,,,,,,,,,,,,,,,,,,,,,,,,,,,,,,,,,,,,,,,,,,,,,,,,,,,,,,,,,,,,,,,,,,,,,,,,,,,,,,,,,,,,,,,,,,,,,,,,,,,,,,,,,,,,,,,,,,,,,,,,,,,,,,,,,,,,,,,,,,,,,,,,,,,,,,,,,,,,,,,,,,,,,,,,,,,,,,,,,,,,,,,,,,,,,,,,,,,,,,,,,,,,,,,,,,,,,,,,,,,,,,
canadaleft,64,,,,,,,,,,,,,,,,,,,,,,,,,0.0,,,,,,,,,,,,,,,,,,,,,,,,,,,,,,,,,,,,,,,,,,,,,,,,,,,,,,,,,,,,,,,,,,,,,,,,,,,,,,,,,,,,,,,,,,,,,,,,,,,,,,,,,,,,,,,,,,,,,,,,,,0.96,,,,,,,,,,,,,,,,,,,,,,,,,,,,,,,,,,,,,,,,-0.9728,,,,,,,,,,,,,,,,,,,,,,,,,,,,,,,,,,,,,,,,,,,,,,,,,,,,,,,,,,,,,,,,,,,,1.0,,,,,,,,,,,,,,,,,,,,,,,,,,,,,,,,,,,,,,,,,,,,,,,,,,,,,,,,,,,,,,,,,,,,,,,,,,,,,,,,-0.9988,,,,,,,,,,,,,,,,,,,,,,,,,
LateStageImperialism,65,,,,,,,,,,,,,,,,,,,,,,,,,0.9647,,,,,,,,,,,,,,,,,,,,,,,,,0.9986,,,,,,,,,,,,,,,,,,,,,,,,,,,,,,,,,,,,,,,,,,,,,,,,,,,,,,,,,,,,,,,,,,,,,,0.9993,,,,,,0.9992,,,,,,,,,,,,,,,,,,,,,-0.9981,,,,,,,,,,,,,,,,,,,,,,,,,,,,,,,,,0.4939,,,,,,,,,,,,,,,,,0.9999,,,,,,,,,,,,,,,,,,,,,,0.9993,,,,,,,,,,,,,,,,,,,,,,,,,,,,,,,-1.0,,,,,-0.6525,,,,,,,,,,,,,,,,,,,,,,,,,,,,,,,,,,,,,,,,-0.1655,,,,,,,,,,,,,,,,,,,,,,,,,,,,,,,,,,,,,,,,-0.9237,,,,,,,,,,,,,,,,,,,,,,,,,
CommunismWorldwide,66,,,,,,,,,,,,,,,,,,,,,,,,,,0.9968,,,,,,,,,,,0.9117,,,,,,,,,,,,,0.9918,-0.9952,,,,,,,,,,,,,,,,,,,,,,,,,,,,,,,-0.9985,,,-0.9933,,,,,,,,,,,,,,,,,,,,,,,,0.8752,,,,,,,,,,,,,,,,,-0.9965,,,0.9993,,,,0.9999,,,,,,,,,,,,,,0.9959,,,,,,,,,,,0.9977,,,,,,,,,,,,,,,,,,,,,,,,,,,,,,,,,,,,,,,1.0,,,,,,,,,,,,,,,,,,,,,,,,,,,,,,,,,,,,,,,,,,,,,,,,-0.9529,,,,,,-0.9998,-0.9562,,,,0.9866,,,,,,,,,,,,,,,,,,,,,,,,,,,,,,,,,,,,0.9998,,,0.5118,,,,1.0,,,,,,,,,,,,,,,,,,,,,,,,,,,,,,0.9976,,,,,,-0.9827,,,,,,,,,,,,,,,,,,,,,,,,,
LateStageCapitalism,67,,,,,,,,,,,,,,,,,,,,,,,,,,,,,,,,,,,,,,,,,,,,,,,,,,,,,,,,,,,,,,,,,,,,,,,,,,,,,,,,,,,,,,,,,,,,,,,,,,,,,,,,,,,,,,,,,,,,,,,,,,,,,,,,,,,,,,,,,,,,,,,,,,,,,,0.9613,,,,,,,,,,,,,,,,,,,,,0.0,,,,,,,,,,,,,,,,,,,,,,,,-0.1466,,,,,,,,,,,,,,,,,,,,,,,,,,,,,,-0.9888,,,,,,,,,,,,,,,,,,,,,,,,,,,,,,-0.9972,,,,,,,,,,,,,,,,,,,,,,,,,,,,,,,,,,,,,,,,,,,,,,,,,,,,,,,,,,,,,,,,,,,,,,,,,,,,,,,,,,,,,,,,,,,,,,,,,,,,,,,,,
BrasildoB,68,,,,,,,,,,,,,,,,,,,,,,,,,,,,,,-0.9797,,,,,,,,,,,,,,,,,,,,,,,,,,,,,,,,,,,,,,,,,,,,,,,,,,,,,,,,,,,,,,,,,,,,,,,,,,,,,,,,,,,,-0.6943,,,,,,,,,,,,,,,,,,,,,,,,,,,,,,,,,,,,,,,,,,,,,,,,,,,,,,,,,,,,,,,,,,,,,,,,,,,,,,,,,,,,,,,,,,,,,,,,,,,,,,,,,,,,,,,,,,,,,,,,,,,,,,,,,,,,,,,,,,,,,,,,,,,,,,,,,,,,,,,,,,,,,,,,,,,,,,,,,,,,,,,,,,,,,,,,,,,,,,,,,,,,,,,,,,,,,,,,,,,,,,,,,,,,,,,,,,,,,,,,,,,,,,
ABoringDystopia,69,,,,,,,,,,,,,,,,,,,,,,,,,,,,,,,,,,,0.7821,,,,,,,,,,,,,,,0.9962,,,,,,,,,,,,,,,,,,,,,,,,,,,,,,,,,,,,,,,,,,,,,,,,,,,,,,,,,,,,,,,,,,,,,,,,,,,,,,,,-0.9994,,,,,,,,,,,,,,,,,,,,,,,,,,,,,,,,,,,,,,,,,,,,,,,,,,,,,,,,,,,,,,,,,,,,,,,,,,,,,,,,,,,,,,,,,,,,,,,,,,,,,,,,,,,,,,,,,,,,,,,,,-0.9997,,,,-0.9994,,,,,,,,,,,,,,,,,,,,,,,,,,,,,,,,,,,,,,,,,,,,,,,,,,,,,,,,,,,,,,,,,,,,,,,,,,,,,,,,,,,,,,,,,,,,,,,,,,,,,,,,,
alltheleft,70,,,,,,,,,,,,,,,,,,,,,,,,,,,,,,,,,,,-1.0,,,,,,,,,,,,,,,,,,,,,,,,,,,,,0.9996,,,,,,,,,,,,,,,,,,,,,,,,,,,,,,,,,,,,,,,,,,,,,,,,,,,,,,,,,,,,,,,,,,,,,,,,,,,,,,,0.9999,,,,,,,,,,,,,,,,,,,,,,,,,,,,,,,,,,,,,,,,,,,,,,,,,,,,,,,,,,,,,,,,,,,,,,,,,,,,,,,,,,,,,,,,,,,,,,,,,,,,,,,,,,,,,,,,-0.9995,,,,,,,,,,,,,,,,,,,,,,,,,,,,,,,,,,,,,-0.9903,,,,,,,0.9995,,,,,,,,,,,,,,,,,,,,,,,,,,,,,,,,,,,,-0.9987,,,,,,,,,,,,,,,,,,,,,,,,,
Anarchism,71,,,,,,,,,,,,,,,,,,,,,,,,,,,,,,,,,,,-0.9998,,,,,,,,,,,,,,,0.9965,,,,,,,,,,,,,,,,,,,,,,,,,,,,,,,,,,,,,,,,,,,,,,,,,,,,,,,,,,,,,,,,,,,,,,-0.9998,,,,,,,,,,,,,0.6446,,,,,,,,,,,,,,-0.9991,,,,,,,,,,,,,,,,,,,,,,,,,,,,,,,,,,,,,,,,,,,,,,,,,,,,,,,,,,,,,,,,,,,,,,,,,,,,,,,,,,,,,,,,,,,,,,,,,,,,,,,-1.0,,,,,1.0,,,,,,,,,,,,,,,,,,,,,,,,,,,,,,,,,,,,,,,,0.8297,,,,,,,,,,,,,,,,,,,,,,,,,,,,,,-0.4839,,,,,,,,,,,,,,,,,,,,,,,,,,,,,,,,,,,
COMPLETEANARCHY,72,,,,,,,,,,,,,,,,,,,,,,,,,,,,,,,,,,,-0.9996,,,,,,,,,,,,,,,0.9985,,,,,,,,,,,,,,,,,,,,,,,,,,,,,,,,,,,,,,,,,,,,,,,,,,,,,,,,,,,,,,,,,,,0.0,,,,,,,,,,,,,,,,,,,,,,,,,,,,,,,,,,,,,,,,,,,,,,,,,,,,,,,,,,,,,,,,,,,,,,,,,,,,,,,,,,,,,,,,,,,,,,,,,,,,,,,,,,,,,,,,,,,,,,,,,,,,,,,,,,,,,,,,,,-0.9994,,,,,,,,,,,,,,,,,,,,,,,,,,,,,,,,,,,,,,,,,,,,,,,,,,,,,,,,,,,,,,,,,,,,,,,,,,,,,,,,,,,,,,,,,,,0.9812,,,,,,,,,,,,,,
lostgeneration,73,,,,,,,,,,,,,,,,,,,,,,,,,,,,,,,,,,,0.9991,,,0.9997,,,,,,,,,,,,,,,,,,,,,,,,,,,,,,,,,,,,,,,,,,,,,,,,,,,,,,,,,,,,,,,,,,,,,,,,,,,,,,,,,,,,,,,,,,,,,,,,,,,,,,,,,1.0,,,,,,,,,,,,,,,,,,,,,,,,,,,,,,,,,,,,,,,,,,,,,,,,,,,,,,,,,,,,,,,,,,,,,,,,,,,,,,,,,,,-0.9734,,,,,,,,,,,,,,,,,,,,,,,,,,,,,1.0,,,,,,,,,,,,,,,,,,,,,,,,,,,,,,,,,,,,,,,,,,,,-0.9882,,,,,,,,,,,,,,,,,,,,,,,,,,,0.9997,,,,,,,,,,,,,,,,,,,,,,,,,,,,,,,,,,
Labour,74,,,,,,,,,,,,,,,,,,,,,,,,,,,,,,,,,,,-0.9977,,,,,,,,,,,,,,,,,,,,,,,,,,,,,,,,,,,,,,,,,,,,,,,,,,,,,,,,,,,,,,,,,,,,,,,,,,,,,,,,,,,,,,,,,,,,,,,,,,,,,,,,,,,,,,,,,,,,,,,,,,,,,,,,,,,,,,,,,,,,,,,,,,,,,,,,,,,,,,,,,,,,,,,,,,,,,,,,,,,,,,,,,,-0.9989,,,,,,,,,,,,,,,,,,,,,,,,,,,,,,,,,,,,,,,,,,,,,,,,,,,,,,,,,,,,,,,,,,,,,,,,,,,,,,,,,,,,,,,,,,,,,,,,,,,,,,,,,,,,,,,,,,,,,,,,,,,,,,,,,,,,,,,,,,,
LandlordLove,75,,,,,,,,,,,,,,,,,,,,,,,,,,,,,,,,,,,-0.9999,,,,,,,,,,,,,,,,,,,,,,,,,,,,,,,,,,,,,,,,,,,,,,,,,,,,,,,,,,,,,,,,,,,,,,,,,,,,,,,,,,,,,,,,,,,,,,,,,,,,,,,,,,,,,,,,0.9998,,,,,,,,,,,,,,,,,,,,,,,,,,,,,,,,,,,,,,,,,,,,,,,,,,0.9998,,,,,,,,,,,,,,,,,,,,,,,,,,,,,,,,,,,,,,,,,,,,,,,,,,,,,,-0.999,,,,,,,,,,,,,0.9238,,,,,,,,,,,,,,,,,,,,,,,,,,,,,,,,,,,,,,,,,,,,,,,,,,,,,,,,,,,,,,,,,,,,,,,0.9924,,,,,,,,,,,,,,,,,,,,,,,,,
NewDealAmerica,76,,,,,,,,,,,,,,,,,,,,,,,,,,,,,,,,,,,,,,,,,,,,,,,,,,,,,,,,,,,,,,,,,,0.9474,,,,,,,,,,,,,,,,,,,,,,,,0.9997,,,,,,,,,,,,,,,,,,,,-0.9977,,,,,,,,,,,,,,,,0.9938,,,,,,,0.5004,,,,,,,,,,,,,,-0.9996,,,,,,,,,,,,,,,,,,,,,,,,,,,,,,,0.9995,,,,,,,,,,,,,,,,,,,0.9997,,,,,,,,,,,,,,,,,,,,,,,,,,,,0.9995,,-0.9578,,,,,,,,,,,,,,,,,,,,,,,-1.0,,,,,0.9999,,,,,,,,,,,,,,,,,,,,,,,,,,,,,,,,,,0.9995,,,,,,,,,,,,,,,,,,,,,,,,,,,,,,,,,,,,,,,,0.9989,,,,,,,,,,,,,,,,,,,,,,,,,,0.9994,,,,,
PleaseCallMeRedScarf,77,,,,,,,,,,,,,,,,,,,,,,,,,,,,,,,,,,,,,,,,,,,,,,,,,,,,,,,,,,,,,,,,,,,,,,,,,,0.0,,,,,0.9556,,,,,,,,,,,,,,,,,,,,,,,,,,,,,,,,,,,,,,,,,,,,,,-0.5267,,,,,,,,,,,,-0.4445,,,,,,,,,,,,,,,,,,,,,,,,,,,,,,,,,,,,,,,,,,,,,,,,,,,,,,,,,,,,,,,,,,,,,,,,,,,,,,,,,,,,,,,,,,,,,,,,,,,,,-0.144,,,,,,,0.9302,,,,,,,,,,,,,,,,,0.9299,,,,,,,,,,,,,,,,,,,,,,,,,,,,,,,,,,,,,,,,,,,,,,,,,,,,,,,,-0.9031,,,,,,,,,,,,,,,,,,,,,,,,,,,,,,,,,,,,,,,,,,
antiwork,78,,,,,,,,,,,,,,,,,,,,,,,,,,,,,,,,,,,,,,,,,,,,,,,,,,,,,,,,,,,,,,,,,,,,,,,,,,,,,,,,,,,,,,,,,,,,,,,,,,,,,,,,,,,,,,,,,,,,,,,,,,,,,,,,,,,,,,,,,,,,,,,,,,,,,,,,,,,,,,,,,,,,,,,,,,,,,,,,,,,,,,,,,,,,,,,,,,,,,,,,,,,,,,,,,,,,,,,,,,,,,,,,,,,,,,,,,,,,,,,,,,,,,,,,,,,,,,,,,,,,,,,,,,,,,,,,,,,,,,,,,,,,,,,,,,,,,,,,,,,,,,,,,,,,,,,,,,,,,,,,,,,,,,,,,,,,,,,,,,,,,,,,,,,,,,,,,,,,,,,,
Kossacks_for_Sanders,79,,,,,,,,,,,,,,,,,,,,,,,,,,,,,,,,,,,,,,,,,,,,,,,,,,,,,,,,,,,,,,,,,,,,,,,,,,,,,,,,,,-0.9474,,,,,,,,,,,,,,,,,,,,,,,,,,,,,,,,,,,,,,,,,,,,,,,,,,,0.9348,,,,,,,,,,,,,,-0.9961,,,,,,,,,,,,,,,,,,,,,,,,,0.9724,,,,,,,,,,,,,,,,,,,,,,,,,,,,,,,,,,,,,,,,,,,,,,,,,,,,,,,,,,,,,,,,,,,,,,,,,,,,,,-0.9996,,,,,-1.0,,,,,,,,,,,,,,,,,,,,,,,,,,,,,,,,,,,,,,,,,,,,,,,,,,,,,,,,,,,,,,,,,,,,,,,,,,,,,,,,,,,,,,,,,,,,,,,,,,,,,,,,,
LeftieZ,80,,,,,,,,,,,,,,,,,,,,,,,,,,,,,,,,,,,,,,,,,,,,,,,,,,,,,,,,,,,,,,,,,,,,,,,,,,,,,,,,,,,,,,,,,,,,,,,,,,,,,,,,,,,,,,,,,,,,,,,,,0.9409,,,,,,,,-0.4612,,,,,,,,,,,,,,,,,,,,,,,,,,,,,,,,,,,,,,,,,,,,,,,,,,,,,,,,,,,,,,,,,,,,0.9892,,,,,,,,,,,,,,,,,,,,,,,,,,0.9993,,,0.9999,,,,,,,,,,,,,,,,,,,,,,,,,-0.9999,,,,,,,,,,,,,,-0.9982,,,,,,,,,,,,,,,,,,,,,,,,,,,,,,,,,,,,,,,,,,,,,,,,,,,,,,,,,,,,,0.9994,,,,,,,,,-0.9979,,,,,,,,,,,,,,,,,,,,,,,,,
WorkersStrikeBack,81,,,,,,,,,,,,,,,,,,,,,,,,,,,,,,,,,,,,,,,,,,,,,,,,,,,,,,,,,,,,,,,,,,,,,,,,,,,,,,,,,,,,,,,,,,,,,,,,,,,,,,,,,,,,,,,,,,,,,,,,,,,,,,,,,,,,,,,,,,,,,,,,,,,,,,,,,,,,,,,,,,,,,,,,,,,,,,,,,,,,,,,,,,,,,,,,,,,,,0.9998,,,,,,,,,,,,,,,,,,,,,,,,,,,,,,,,,,,,,,,,,,,,,,,,,,,,,,,,,,-1.0,,,,,,,,,,,,,,,,,,,,,,,,,,,,,,,,,,,,,,,,,,,,,,,,,,,,,,,,,,,,,,,,,,,,,,,,,,,,,,,,,,,,,,,,,,,,,,,0.9907,,,,,,,,,,
Shitstatistssay,82,,,,,,,,,,,,,,,,,,,,,,,,,,,,,,,,,,,,,,,,,,,,,,,,,,,,,,,,,,,,,,,,,,,,,,,,,,,,,,,,,,,,,,,,,,,,,,,,,,,,,,,,,,,,,,,,,,,,,,,,,,,,,,,,,,,,,,,,,,,,,,,,,,,,,,,,,,,,,,,,,,,,,,,,,,,,,,,,,,,,,,,,,,,,,,,,,,,,,,,,,,,,,,,,,,,,,,,,,,,,,,,,,,,,,,,,,,,,,,,,,,,,,,,,,,,0.9998,,,,,,,,,,,,,,,,,,,,,,,,,,,,,,,,,,,,,,,,,,,,,,,,,,,,,,,,,,,,,,,,,,,,,,,,,,,,,,,,,,,,,,,,,,,,,,,,,,,,,,,,,,,,,
GreenAndPleasant,83,,,,,,,,,,,,,,,,,,,,,,,,,,,,,,,,,,,,,,,,,,,,,,,,,,,,,,,,,,,,,,,,,,,,,,,,,,,,,,,,,,,,,,,,,,,,,,,,,,,,,,,,,,,,,,,,,,,,,,,,,,,,,,,,,,,,,,,,,,,,,,,,,,,,,,,,,,,,,,,,,,,,,,,,,,,,,,,,,,,,,,,,,,,,,,,,,,,,,,,,,,,,,,,,,,,,,,,,,,,,,,,,,,,,,,,,,,,,,,,,,,,,,,,,,,,,,,,1.0,,,,,,,,,,,,,,,,,,,,,,,,,,,,,,,,,,,,,,,,,,,,,,,,,,,,,,,,,,,,,,,,,,,,,,,,,,,,,,,,,,,,,,,,,,,,,,,,,,,,,,,,,
catsaysmao,84,,,,,,,,,,,,,,,,,,,,,,,,,,,,,,,,,,,,,,,,,,,,,,,,,,,,,,,,,,,,,,,,,,,,,,,,,,,,,,,,,,,,,,,,,,,,,,,,,,,,,,,,,,,,,,,,,,,,,,,,,,,,,,,,,,,,,,,,,,,,,,,,,,,,,,,,,,,,,,,,,,,,,,,,,,,,,,,,,,,,,,,,,,,,,,,,,,,,,,,,,,,,,,,,,,,,,,,,,,,,,,,,,,,,,,,,,,,,,,,,,,,,,,,,,,,,,,,,,,,,,,-0.9531,,,,,,,,,,,,,,,,,,,,,,,,,,,,,,,,,,,,,,,,,,,,,,,,,,,,,,,,,,,,,,,,,,,,,,,,,,,,,,,,,,,,,,,,,,,,,,,,,,
DankLeft,85,,,,,,,,,,,,,,,,,,,,,,,,,,,,,,,,,,,,,,,,,,,,,,,,,,,,,,,,,,,,,,,,,,,,,,,,,,,,,,,,,,,,,,,,,,,,,,,,,,,,,,,,,,,,,,,,,,,,,,,,,,,,,,,,,,,,,,,,,,,,,,,,,,,,,,,,,,,,,,,,,,,,,,,,,,,,,,,,,,,,,,,,,,,,,,,,,,,,,,,,,,,,,,,,,,,,,,,,,,,,,,,,,,,,,,,,,,,,,,,,,,,,,,,,,,,,,,,,,,,,,,,-0.9988,,,,,,,,,,,,,,,,,,,,,,,,,,,,,,,,,,,,,,,,,,,,,,,,,,,,,,,,,,,,,,,,,,,,,,,,,,,,,,,,,,,,,,,,,,,,,,,,,
