Index,Unnamed: 0,BlueMidterm2018,Donald_Trump_Forum,BotTownAlt,ImagesOfBrazil,magicskyfairy,Professors,Traitors_and_Patriots,LGBTQnews,Elon_musketeers,unpresidented,Foxhidesinfo,TrumpIsTrash,CoronavirusArgentina,Fuck45,CollegeBasketball,CoronavirusGA,TheTobinReport,SeenOnNews_longtail,TrumpCrimeFamily,Trumpet_of_Discord,OliverMarkusMalloy,pyrocynical,phoenix,byebyejob,ConspiracyII,NewsWorthPayingFor,The_Impeachment,fauci,WeinsteinEffect,panderingfromtheright,HowGodWorks,Wuhan_Virus,innocenceimprisoned,bluecollarbillionaire,Newnews,exchristian,atheismrebooted,PopcornPundits,Pete_Buttigieg,SmorgasbordBizarre,OpenArgs,TheFoXFiles,GodlessWomen,AmazingReads,bad_dgu,AmericanProgressive,medicine,modded,AntifascistsofReddit,nytimes,The_IW,MortWellianLinks,LiberalsvsNazis,uncensorstiny,what_couldve_been_if,RepublicanHypocrisy,StopVoterSuppression,excatholic,h3h3productions,BotTownHW4,Investigate_the_GOP,Masks4All,movies,ColdCivilWar,Mercerinfo,bestofthefray,scotus,lgbt,AmericanPolitics,BearLingo,Good_Cake,NATOrussianconflict,LincolnProject,religiousfruitcake,alexjones,BotTownGarden,NPR,Accounting,politicus,NPRauto,GirlGamers,PoliticalPerspectives,QanonKaren,NeverTrump,Democrat,AATIP,truenews,horserace,books,Liberal,Articles,USATODAYauto,SatireAndFakeNews,coronavirusflorida,Moronavirus,WTFJustHappenedToday,exmormon,nametheproblem,TodaysTopNews,transgenderUK,liestrumptoldus,brasil,Christianity,whatsnewtoday,SeanHannity,Georgia,angsteism,uspolitics,NYTauto,StonkFeed,CapitolConsequences,wisconsin,Journalism,trollfare,Philippines,NBCauto,moviescirclejerk,FLgovernment,metaquebec,TrueAtheism,politicly,blackladies,BotTown2,usanews,conspiracytheories,SatanistsforTrump,worldnews1,crushi,greatlongform,Jewish,TheTopMinds,IPNews,texas,Fuck_This_Guy,mormon,AntiTrumpAlliance,qualitynews,COVIDGoodNews,VoteBlue,Drumpf,CoronavirusUS,Covid2019,TrendingQuickTVnews,gay,democrats,InterestingArticle,PeoplesFront,ScienceFeed,gogopgo,SocialistRA,orangeisthenewblack,TrumpHate,CornbreadLiberals,HeadlineNews,DemocratsUnbiased,transgender,marchagainstrump,beholdthemasterrace,538auto,vzla,LATIMESauto,Sandovals,abolish,OneTermPresident,Trumpvirus,TheRealGOP,ColinsLastStand,guns,RinoDinoPorcupino,blogsnark,arizonapolitics,ImmoderatePolitics,MassMove,neocentrism,nba,ConflictOfInterest,nashville,crime,HUFFPOauto,politics2,badwomensanatomy,Derfla_bookmarks,savethevote,Destiny,capitolcoup,trans,LibertarianSocialism,IHateFoxNews,TheSlippersShow,NewDiscourses,inthenews,TrumpHeadlines,startthesteal,politics_NOW,BrexitActivism,justneckbeardthings,WhoIsQ,InsaneParler,FoxFiction,SzechuanSauceSeekers,CoronavirusWA,BAMEVoicesUK,CFB,longform,samharris,AmericasSocialists,Longreads,NoNewNormalBan,audihertz,FriendlyAtheist,progressive,goodomens,MildlyPromising,IsaacArthur,usa,vouched,wellduhh,inslee2020,spongebob,QuebecLibre,Cult_Right,thelongread,Trump_Idiocy,Trumpgret,AbuseInterrupted,nursing,NewLondonCounty,daverubin,baseball,law,InterestingVideoClips,NotMeantToBeFunny,longernewsreads,Minneapolis,NewPatriotism,Freethought,LGBTnews,WAPOauto,sports,Astuff,DrinkTheSwamp,POTUSWatch,AntifaNow,nofeenews,CoronaVirusFeed,BetoORourke,BotTown_polibot,ElizabethWarren,BidenWatch,GAPol,Alec,TrueCrimeDiscussion,parakeet,ChannitAww,CallToActionWisconsin,ArtefactPorn,shittykickstarters,ActiveMeasures,CovIdiots,Raytheon,TheNewGeezers,MAGAs,Corruption,badlawyer,army,RepublicansUnbiased,Vaporwave,CoronavirusNewYork,WhereAreTheChildren,HillaryForAmerica,BlogsAndThinkpieces,ConspiracyHeadlines,kawaraban,plano,ContrarianLeft,GOPfuckery,moderatepolitics,religion,Alabama,TrumpForRussia,libs,ReddLineNews,xtianity,DelightfullyOffensive,The_Mueller,neutralnews,neoliberal,Trump2020,esist,ForUnitedStates,RedditPolitix,Democracy_Desk,PoliticalSparring,tuesday,Trainwreckstv,SouthFlorida,FauxNews,KitchenConfidential,COVID19_commentary,Impeach_Trump,FloridaReality,StateoftheUnionNONF,AtheismComedy,Maps_of_Meaning,tgiatheist,thenewcoldwar,csci040temp,FollowSteph,InMemoriamCOVID,exjw,WhiteHouseHyperReal,ImpeachmentWatch,vaxxhappened,fark,USUnited,ArrestsWeb,FunnyAtheistMemes,The_Dotard,behindthebastards,SRSGaming,Democrats2020,CoronavirusCA,News_Blindspot,mormonpolitics,DitchMitch,BotTown_lives_on,CNNauto,LeopardsAteMyFace,IvankaForPrison,thedavidpakmanshow,rageagainstthetoupee,KochWatch,indepthstories,brunurb,CivilWarII_,BreakingNews24hr,TrueCrime,China_Flu,PBSauto,RepublicanValues,Kentucky,skeptic,FloridaCoronavirus,healthnow,coronabr,racism,Qult_Headquarters,IRstudies,SRuF,thedailyzeitgeist,USAPs,MarchAgainstNazis,ParlerWatch,FilipinoFreethinkers,MarchAgainstTrump,fivethirtyeight,ElectionReforMaybe,showmichal,GamerGhazi,rightwingwatch,JoeBiden,Deplatformed_,propublica,centerleftpolitics,Kitten,Tennessee,CoronaVirusTX,DeFranco,ID_News,DemocratsUnbiased2,RuralNewsNetwork,LateStages,modclub,UkrainianConflict,PoliceThePolice,VoteDEM,Fuckthealtright,EnoughTrumpSpam,PutinPuppy,NativeAmerican,howwasthisnotathing,GameDeals,BannedFromThe_Donald,EnoughIDWspam,TechNewsAndCoding,AmericanTimes,asianamerican,badcopnodoughnut,UglyHumanity,centrist,Excelsior,AnythingGoesNews,PoliticalDishonesty,truecrimelongform,IndivisibleGuide,nfl,Bad_Cop_Follow_Up,ModeratePoliticsTwo,hillaryclinton,kansas,TrueWhiteCrime,ViralTexas,WeirdNews4U,VaushV,HermanCainAward,OpenFacts,TrumpsALiar,FreeAtheism,civocracy,Republican_misdeeds,CoronavirusMissouri,tax,aznidentity,TDBauto,AmericanFascism2020,voterfraud,Alex_Jonestown,atheistvids,politiclyopinion,atheism,DonaldTrumpWhiteHouse,News_HealthBiotech,THEHILLauto,yall_qaeda,TheseFuckingAccounts,PBS_NewsHour,Coronavirus,ProgressiveLeft,ainbow,DemocratsforDiversity,infrasociology,foreignpolicy,medical_news,Jan-06,MensLib,TexasPolitics,AmalaNetwork,IronFrontUSA,PoliticalTweets,CFBOTPolitics,PledgeToImpeach,NewsWhatever,BadChoicesGoodStories,internettoday,aliens,Cenk_Uygur,ufo,iranianamerican,ReallyStupidNews,RussiaLago,ftm,pancakepalpatine,MassShooting,TransSpace,ChurchOfSuffrage,mopolitics,USNEWS,AstonishingLegends
EnoughTrumpSpam,0,0.9975,,,,,,,,,,,,,,,,,,,,,,,,,,,,,,,,,,,,,,,,,,,,,,,,,0.7712,,,,,,,,,,,,,,,,,,,,,,,,,,,,,,,,,,,,,,,,,,,,,,,,,,,-0.7245,,,,,,,,,,,,,,,,,,,,,-0.9989,,,,,,,,,,,,,,-0.9227,,,,-0.9791,,,,,,,,,,,,,,,,,,,,,,,,,,,0.5052,,,,,,,,,,,,,,,,,-0.9146,,,,,,,,,,,,,,,,,,,,,,,,,,,,,,,,,,,,,,,,,,,,,,,,,,,-0.9969,,,,,,,-0.9989,,,,,,,,,,,,,,,,,,0.3777,,,,,,,,,,0.997,,,,,,,,,,,,0.7096,,,-1.0,,,,-0.9999,,,,,,,,,,,,,,,,,0.9947,,,,,,,,,,,,,,,,,,,,,,,,-0.8503,0.0,,,,,,,,,,,,,,,,,,,,,,,,-1.0,,,,,,,,,,,,,-0.9993,,,0.0,,,,,,,,,,,,0.9907,,,,,,,,,,,,,,,,,,,,,,,,,,,,,,,,,,,,,,0.9949,,,,,,,,,,,,,,,,,,0.1124,,,,,,,,,,,-0.9999,,,,,,,,
esist,1,1.0,,,,,,,,,,,,,,,,,,,-0.088,,,,,,,,,,,,,,,,,,,,,,,,,,,,,-0.9903,0.9668,,,,,,0.6767,,,,,,,,,-0.3321,,,,,,,,,,,,,,,,,,,,,,,,,,,,,,,0.8691,,,,,0.0,,,,,,,,,,,0.996,,,,,,,,,,,,,,,,,,,,,,,,0.9997,,,,,,,,,,,,,,,,,,,,,,,,,,,,,-0.9883,,-0.9947,,,,,,,,,,,,,,,,,-0.9572,,,,,,,,,,,,,,,,,,,,,,,,,-0.8466,,,,,,,,,,,,,,,,,,,,,,,,,,0.9986,,,,,,,-0.9953,,,,,,,,,,,,,,,,0.9851,,0.9542,0.9875,,,-0.6641,,,,,,,,,,,,,,,,,,,,,-1.0,,,,,,,,,,,,,,,-1.0,,-0.3182,,,,,,,,,0.7763,-0.3597,,,,,,-0.9986,,,,,,-0.9982,,,,,,,0.9524,,,,,,,,,,-0.9904,,,,,,,,,,,0.9943,,,,,,,,,0.9961,,,,,,,-0.9977,,,0.0,,,,,,,,,,,,,,,,,,,,,,,,-0.2937,,,,,,,,,,,,-0.477,,,,,,,,,-0.6636,,,,,0.9818,,,,,,-0.5174,,,,0.9882,,,,,,,,0.5873,,-0.7693,,,,,,,,,,,,,,,,,
MarchAgainstTrump,2,-0.9951,,,,,,,,,0.9652,,,,,,,,,,-0.3818,,,,,,,,,,,,,,,,,,,,,,,,,,,,,,,,,,,,,,,,,,,,,0.1179,,,,,,0.9958,,,,-0.9688,,,,,,,,,,,,,,,,,,,,,,,,,,-0.9332,,,,,,,,,,,,-0.805,,,,,,,,,,,,,,,,,,,,,,,0.9998,,,,,,,,,,,,,,,,,,,,,,,,,,,,,,,,,,,,,,,,,,,,,,,,0.7647,,,,,,,,0.9054,,,,,,,,,,,,,,,,,0.5267,,,,,,,,,,,,,,,,,,,,,,,,,,0.9998,,,,,,,-0.9999,,,,,,,,,,,,,,,,,,0.9601,,,,,,,,,,,,,,,,,,,,,,0.9601,,,,,,,-1.0,,,,,,,,,,,-1.0,,,,,,,,,,,-0.993,,,,,,,-0.9984,,,,,,,,,,,,-0.9906,0.0,,,,,,,,,,-0.9988,,,,,,,,,,,-0.9988,,,,,,,-0.9925,,,,,,,,,-0.9968,,,0.0,,,,,,,,,,,,0.8779,,,,,,,,,-0.9961,,,,,,,,,,,,,,,,,,,,,,,,-0.6636,,,,,,,,,,,,,,,,0.9845,,,,,,,,,,,,,,,,,,-1.0,,,,,,,,
uspolitics,3,-0.3423,,,,,,,,,,,,,,,,,,,,,,,,,,0.7804,,,,,,,,,,,,,,,,,,,-0.8481,,,-0.9998,,,,,,,0.9884,,,,,,,,,-0.6527,,,,,,,,,,,0.9943,,,,,,,0.9998,,,,-0.9984,,,,,,,,,-0.5423,,,,,,,-0.9999,,,-0.9999,,,,,,0.9911,,,,,,,,,,,,,-0.9315,,,,,,,,-0.9999,,,0.9998,,,,,-0.9993,0.7904,,,,,,,,,,,,,0.5525,,,,,,0.1779,,,-0.128,-0.9998,-0.5621,,,,,,,,,,0.9885,,,,,,,-0.9894,-0.9359,,,,,,,-1.0,,,,,,,,,,,,,,,,,,0.9911,,,,,,,,,,,,,,,,,,,,,,,,,,0.9972,,,,,,0.0516,-0.9884,,,,,,,,0.9868,-0.9118,,,,,,,,,,,-0.9925,,,,,,,,,,,,,,,,,,,,,,,,,,,,,,,,,,,,,,,,,,,,,1.0,,,,0.9098,,,,,,,-0.9943,,,,,,-0.9861,0.921,,,-1.0,,,,-0.9958,,,,,,-0.9953,,,-0.995,,,,,,,,,,,0.9996,,,,,,,,,-0.9997,,,-0.6117,,,,,,,-0.8832,,,,,,-1.0,,,,,,,,,,,,,,,,,,,,,,,,,,,,,,-0.3365,,,,,,,,,,,,,,,,,,,,,,,,0.9975,,,,,0.9978,,,,,-0.9545,,,-0.4857,,,,,,-0.9999,,,,,,-0.9997,,
aclu,4,0.9977,,,,,,,,,,,,,,,,,,,,,,,,,,,,,,,,,,,,,,,,,,,,,,,,,,,,,,,,,,,,,,,,,,,-0.994,-0.9966,,,,,,,,,,,,,,,,,,,,,-0.9063,,,,,,,,,,,,,,,,,,-0.9994,,,,,-0.9946,,,,,,,,,,0.9885,,,,,,,,,,,,,,,,,,,,,,-0.9897,,,,,,,,,,,0.985,,,,,,,,,,,,,,,,,,,,,,,,,,,,,,,,,,,-0.999,,,,,,,,,,,,,,,,,,,,-0.9788,,,,,,,,,,,,,,,,,,,-0.9973,,,,,,-0.9736,0.0946,,,,,,,,,,,,,,,,,,,,,,,,,,,,,,,,-0.9882,,,,,,,,,,,,,,,,,,-0.9995,,0.9808,,,,,,,-0.9948,,,,0.017,,,,,,,,,,,,,,,-0.0595,,,,,,,,,,,,,,,-0.6154,,,,,,,,,,-0.372,,,,,,,,,,,,0.9739,,,0.9859,,,,,,,,,,,,,0.6938,,,,,,,,,-0.9983,0.5835,,,,1.0,,,,,,0.2398,-0.25,,,-0.9981,,,,,,,,,,,,,,,,,,,,,,,,,,,,-0.9984,,,,,,,,,-0.9603,,,,,,,,,,,,,,,,,,,,,,,,,,,,,
DonaldTrumpWhiteHouse,5,0.9981,,,,,,,,,0.9153,,,,-0.9476,,,,,,,,,,,,,,,,,,,,,,,,,,,,,,,,,,,,0.296,,,,,,,,,,,,,,,,,,,,,,,,,,,,,,,,0.8976,,,,,,,,-0.8719,,,,,,0.7229,,,,,-0.9821,,,,,,,,,,,,,,,0.296,,,,,,,,,,,,,,,,,,,,0.9991,,,,,,,,,-0.9994,,,,,,,,,,,,,,,,,,,,,,-0.9987,,,,,,,,,0.7351,,,-0.3182,,,,,-0.9814,,,,,,,,,,,,,,,,,,,,,,,,,-0.8466,,,,,,,,,,,,,,,,,,,,,,,,,,,,,,,,,-0.9945,,,,,,,,,,,,,,,,,,0.996,,,,0.3818,,,,,,,,,,,,,-0.9995,,,,,0.9825,,,,,-0.9748,,,,,,,,,,,,,,,-0.7851,,,,,,,,,-0.9862,,,,,,,-0.9751,,,,,,,,,0.9629,,,0.9974,,,,,,,,,,,,,,,,,,,,,,,,,,,,,-0.9997,,,,,,,,,-0.9987,,-0.6705,,,,,,,-0.9968,,,,,,0.9864,,,,,,,,,-0.9499,,,,,,,-0.9993,,,,,,,,,,,,,,,,,,,,,,,,,,,,,,,,,,,,,,,,,0.9931,,,,,,,,,,-0.9999,,,,,,,0.7419,
gogopgo,6,-0.8777,,,,,,,,,,,,,0.8746,,,,,,,,,,,,,,,,-0.9915,,,,,,,,,,,,,,,,,,,,,,,,,,,,,,,,,,,,,,,,,,,,,,,,,,,,,,,,,,,,,,,,,,,,,,,,,,,,,,,,,,0.9985,,,,0.296,,,,,,,-0.7934,,,,,,,,,,0.9813,,,0.9913,,,0.98,-0.9964,,,,,-1.0,,,,,,,,-0.5983,,,,,,,,,,,,,0.4867,,,,,,,,,,-0.5267,,,0.0,,,,,0.9836,,,,,,,,,,,,,,,,,,,,,,,,,0.9871,,,,,,,,,,,,,,,,,,,,,0.9987,,,,,-0.9995,,,,,-0.0772,,,,-0.5719,,,,,,,-0.0258,,,,,,,,,,,,,,,,,,,,,,,,,,,,,,,,,,,,-0.9999,,,,,,,,,,,,,,,,,,,-0.4255,0.998,,,,0.9691,,,,,,,0.8476,,,,,,,,,,,,-0.9997,,,,,,,,,,,-0.9864,-0.9999,,,,-0.1987,,,,,,0.9703,,,,,,,-0.9949,,-1.0,,,,,,,-0.9984,,,,,,,,-0.9731,-0.999,,,,,,,,,,,,-0.9945,,,,,,,,,,0.9983,,,,,,,,,,,,,,,0.9904,,0.9857,,,,-1.0,,,,,,,,,,,,-0.9999,,,,-0.9909,,0.9691,,,,,,,,,,,,0.9957,,,,,,,-0.9943,
NBCauto,7,-0.9776,,,,,,,,0.9231,,,,,0.0,,,,,,,,,,,,,,,,,,,,,,,,,,,,,,,,,,,,,,,,,,,,,,,,,,,,,,,,,,,0.9905,,,,,,,,,,,,0.5557,,,,,,,,,,,,,,,,,-0.9969,,0.8849,,,,,,,,,,,,,,,,,,,,,,,,,,,,,,,,0.9923,,,,,-0.9934,,,,-0.9993,,,,,,,,,,,,,,,,,,,,0.9357,,,,,,,,,,,,,,,,,,,-0.9946,,,,,,,,,,,,,,,,,,,,,,,,,,,-0.4997,,,,,,,,,,,,,,,,,,,,,,,,,,,,,,,0.9028,,,,,,,,,,,,,,,,,,,,0.8412,,,,,,,,,,,,,,,,,,,,-0.4122,,,,,0.9995,,,,,,,,,,,,,,,,,,,,,,,,,,,,,,,,,,,,,,,,,,,,,,,,,,,,,,,-0.9999,,,,,,,,,,,,,,,,,,,-0.9909,0.9153,,,,,,,,,,,,,,,-0.9994,-0.9956,,,,,,,,,,,,,,-0.9996,,,,,,,,,,,,-0.9932,,,,,,0.9125,,,,,,,,,,,,-0.6972,,,,,,,,,,,,,,,,,,,,,,,,,,,,,,,,,,-0.9755,,
neutralnews,8,-0.7247,,,,,,,,,,,,,,,,,,,,,,,,,,,,,,,,,,,,,,,,,,,,,0.4767,,,-0.4193,0.8553,,,,,,,,,,,,,,,,,,,,,,,-0.8762,,,,,,,,,-0.7121,,,,,0.9763,,,,,0.7436,,,,,,,,,,,,,,,,,,,,,,,,,,,,,,,0.9999,,,,,,,,,,,,,0.9992,,,,,,,,,-0.9972,,,,,,,,,,,,,,,,,,,,-0.9842,,,,,,,,,,,,,,,,,,,-0.9792,,,,,,,,,,,,,,,,,,,,,-0.9999,,,,-0.9308,,,,,,,,,,,,,,,,,,,,,,,,,,,,,,,,,-0.9998,,,,,,,,,,,,,,,,,,,,,,-0.3919,,,,,,,,,,,,,,,,,,-0.4019,,,,,,,,,,,,0.9965,,,,,,,,,,,,,1.0,,,,-0.9764,-0.8806,,,,,,,,,,,,-0.9958,,,,,,-0.9999,0.0,,,,,,,,,,,,,,,,0.9581,,,,,0.9809,,,,,,,,,-0.9999,,,-0.9751,,,,,,,,,,,,,-0.9999,,,,,,,,,,,,-0.9801,,,-0.9944,,,,,,,0.9917,,,,,,,,,,-0.6178,,,,,,,,,,,-0.9997,,,,,,,,,,,,,,,,,,,,,,,,,,,,,,-0.9984,,,,,,,,
progressive,9,0.9942,,,,,,,,,,,,,,,,,,,,,,,,,,,,,,,,,,,,,,,,,,,,,,,,,0.5267,,,,,,,,,,,,,,,,,,,,,,,-0.8427,,,0.9982,,,,,,,,,,,,,,,,,,,,,,,,,,,,,,,,,,,,,,,,,,,,,,,0.999,,,,,,,,,,,,,0.9923,,,,0.9305,,,,,,,,,,,,,,,,,,,,,,,,,-0.8264,,,,,,,,,,,,,,,,,,,,,,,,,,,,,,,,,,,,,,,,,,,,,,,,,,,,,,,,,,,,,,,,,,,,,,,,,,,0.6705,,,,,,,,,,,,,,,,,,,,,,,,0.0,,,,,,,,,,,,,,,,,,,,,-0.9993,,-0.9925,,,,,,,,,,,,,,,,,,,,,,,,,,,,,,,,,,,,,,,,,,,-0.9979,,,,,,-0.4218,,,,,,,,,,,,,,,,-0.913,,,,,,,,,0.9975,,,,,,,,,,,,,,,,-0.9999,,,,,,,,,,,,,,,,,,,,,,,,,,,,,,,,,,,,,,,,,,,,,,,,,,,,,,0.0,,,,,,,,,,,,,,,,,,,,,,,,,,,
2020Reclamation,10,,-0.9989,,,,,,,,,,,,0.0,,,,,,,,,,,,,,,,,,,,,,,,,,,,,,,,,,,-0.9999,,,,,,,,,,,,,,,,,,,,,,,,-0.7399,,,,,,,,,,-0.9935,,,,,,,,,,,,,0.0,,,,,,,,,,,,,,,-0.9993,,,,,,,,,,0.0,,,,,,,,,,,,,,,,0.4932,,,,,,,,-0.9998,,-0.9987,,,-0.9999,,,,,,,,,,,,,,,-0.9605,,,,,,,,,,,,,,,,,,,-0.9958,,,,,,,-1.0,,,,,,,-0.9998,,,,,,,,-0.9981,,,,,,,,,,,,,,,,,,,,,,,,-0.9999,,,,,,,,,,,,,,0.0,,,,,,,,,,,,,,,,,,-0.9656,,,,,,,,,,,,,,,-1.0,,,,,,,,-0.9999,-0.9996,0.9412,,-0.9998,,,,,,,,,,,-0.9971,,,,,,,1.0,,,,,,,,,,,,,,,,,,,,,,,-0.9992,,,,,,,,,,0.8962,,-0.9999,,,,,-0.9999,,,,,-0.9996,,,-0.998,,,,,,-0.997,,,,,,,,,,,,,,,,-1.0,-0.9812,,,,,,,,,,,,-0.9999,,-0.9993,,,,,,,,,,,,-0.9999,,,,,,0.854,,,,,-0.9998,,,,,,,,,-0.9954,,,,-0.9988,,,,,,-0.9867,,,0.0,-0.9934,,,,,,,,-0.9985,,,,-0.9991,,,,,,-0.9996,,
Astuff,11,,,,,,,0.6147,,,,,,,,,,,,,,,,,,,,,,,,,,,,,,,-0.9566,,,,,,,,,,,-0.998,,,,,,,,,,,,,,,,,,,,,,,,-0.9834,,,,,,,,,,,,,,,,,,,,,,,,,,,,,,-1.0,,,,,,,,,,,,,,,,,,,,0.4753,,,,,,,,,,,,,0.9962,0.9877,,,,,,0.8316,,,,,,,,,,,,,,,,,,,,,,-0.998,0.5267,,,,,,,,,,,,,,,,,,,,,,,,,,,,,,,,,,,,,,,,,,,,,,,,,,,,,,,,,,-0.9979,,,,,,,,,,,,,,,,,,,,0.918,,,,,,,,,,,,1.0,,,,,,,,,,,,,,,,,,,,,,,,,,,,,,,0.9995,,,,,,,,,,,,,,,0.1779,,,,,1.0,,,,,,,,,,,,,,,,,,,,,,,-0.9758,,,,,,,,,,,,,,,,,0.8102,,,,,0.9025,,,,,,,,,0.9727,,,,,,,,,,,,,,,-0.9984,-0.9998,,,,,,,,,,,,0.9139,,,,,,,,,,,,,,,,,,,,,,,,,,,,,,,,,,,,,,,,,,,,,,,,,,,,,,,,,,,,,-0.996,,,,,,-0.9995,,
BotTown2,12,,,0.0,,,,,,,,,,,,,,,,,,,,,,,-0.81,,,,,,,,,,,,,,,,,,,,,,,,,,,,,,,,,,,,,,,,,,,,,,,,,,0.9999,,,,,,,,,,,,,,,,,,,,,,,,,,,,,,,,,,,,,,,,,,,,,,,,,,,,,,,,,-1.0,,,,,,,,,,,,,,,,,,,,,,,,,,,,,,,,-0.9936,,,,,,,,,,,,,,,,,,,,,,,,,,,,,,,,,,,,,,,,,,,,,,,,,,,,,,,-0.8532,,,,,,,,,,,,,,,,,,,,,,,,,,,0.7039,,,,,,,,,,,,,,,,,,,,,,,,,,,,,,,,,,,,,,-0.9968,,,,0.9878,,,,,,,,,,,-0.9963,,,,,,,0.9996,,,,,,,,,,,,,,,,,,,,,,,,,,,,,,,,,,,,,,,,,,,,,,,,0.9968,,,,,,0.9991,0.819,,,,,,,,,,,,,,,,,,,,,,,,,,,,,,,,,,,,,,,,,,,,,,,,,,,,,,,,,,,,,,,,,0.9999,,,,,,,,,,,,,,,,,,,,,,,,,,,,,,,
nouseforatitle,13,,,-0.296,,,,,,,,,,,0.8906,,,,,,,,,,,-0.9974,,,,,,,,,0.4753,,,,,,,,,,,,,,,0.943,,,,,,,,,,,,,,,,,,,,-0.9832,,,,,,,,,,,,,,,,,,,,,-0.9997,,,,,,0.0,,,,,,,,,,,,,,,,,,,,,,,,,,,0.99,-0.9994,,,,,,,,,,,,0.9962,,,,,,,,,-0.9999,,,,,,,,,,,,,,,,,,,0.945,-0.9052,,,,,,,,,,,,,,,,,,,0.957,,,,,,,,,,,,,,,,,,,,,,,,,,,,,,,,,,,,,,,,,,,,,,,,,,,,,,,,,,,,0.872,,,,,,,,,,,,,,,,,,,,,,,,,,,,,,,,,-1.0,,,,,,,,-0.9999,-0.9969,-0.9999,,-0.9996,,,,,,,,,,,-1.0,,,,,,,1.0,,,,,,,,,,,,,,,,,,,,,-1.0,,-0.9953,,,,,,,,,,-0.9999,,,,,,,,,,,,-0.9997,,,-0.9981,,,,,,-0.9941,,,,,,,-0.9943,,,,,,,,0.9917,-0.9999,-0.9995,,,,,,,,,,,0.2283,-0.99,,-0.9992,,,,,,,,,,,,,,,,,,,,,,,-0.9999,,,,,,,,,,,,,,,,,,,,,,,,,,,-0.8658,,,,,,,,,,,,,,,,
brasil,14,,,,0.9094,,,,,,,,,,,,,,,,,,,,,,,,,,,,,,,,,,,,,,,,,,,,,,,,,,,,,,,,,,,,,,,,,,,,,,,,,,,,,,,,,,,,,,,,,,,,,,,,,,,,,,,,,,,,,,,,,,,,,,,,,,,,,,,,,,,,,,,,,,,,,,,,,,,,,,,,,,,,,,,,,,,,,,,,,,,,,,,,,,,,,,,,,,,,,,,,,,,,,,,,,,,,,,,,,,,,,,,,,,,,,,,,,,,,,,,,,,,,,,,,,,,,,,,,,,,,,,,,,,,,,,,,,,,,,,,,,,,,,,,,,,,,,,,,,,,,,,,,,,,,,,,,,,,,,,,,,,,,,,,,,,,,,,,,,,,,,,,,,,,,,,,,,,,,,,,,,,,,,,,,,,,,,,,,,,,,,,,,,,,,,,,,,,,,,,,,,,,,,,,,,,,,,,,,,,,,,,,,,,,,,,,,,,,,,,,,,,,,,,,,,,,,,,,,,,,,,,
atheism,15,,,,,0.9986,,,,,,,,,,,,,,,,,,,,,,,,,,-0.9245,,,,,-0.9986,0.9823,,,,,,,,,,,,,,,,,,,,,-0.9995,,,,,,,,,,0.9994,,,,,,-0.997,,,,,,,,,,,,,,,,,,,,,,,1.0,,,,,-0.9293,1.0,,,,,,,,,,,,,0.0,,,,,,,,,,,,,,,,,,,,,,,,,,,,-0.8713,0.9801,,,,,,,,,,,,,,,,,,,,,,,,,,,,,,,,,,,,,,,,,,,,,,,,,,,,,,,,,,,,0.9872,,,,,-0.996,,0.9971,,,,,,,,,,,,,,,,,,,,,,0.9991,,0.9998,-0.9998,,,,,,,0.0,,,,,,,,,,,,,,,,,,,,,,,,,,,,,,,,,,,,,,,,,,,,,,,,,,,,,,,,,,,,,0.8205,,,,,0.9826,,,,,,,,,,,,,,,,,,-0.9998,,,,,,,,,,,,,,,,,,,,,,,,,,0.2942,,,,,,,,,,,,0.9951,,,,,,,,,,,-0.9911,0.8897,,,,,,,,,,,,,,,,,,,,,,,,,,,,,,-0.8778,,,,,,,,,,,,,,,,,,,,,0.8091,,,,,,,,,,,,,,,,,,,,,,,,,,,,,
Freethought,16,,,,,0.9993,,,,,,,,,,,,,,,,,,,,,,,,,,,,,,,,0.9976,,,,,,0.999,,,,,,,,,,,,,,,,,,,,,,,,,0.9999,,,,,,,,,,,,,,,,,,,,,,-0.9981,,,,,,,0.9999,,,,,,-0.9967,,,,,,,,,,,,,,,,,0.9999,,,,,,,,,,,,,,,-0.9938,,,,,,,,,,-0.9888,,,,,,,,,,,,,,,,,,,,,,,,,,,,,,,,,,,,,,,,,,,,,,,,,,,,,,,,,,,,,,,,,,-0.9995,,,,,,,,,,,,,,,,,,,,,,,,,,,,,,,,,,,,,,,,,,,,,,,,,,,,,,,,,,,,,,,,,,,-0.9529,,,,,,,,,,,0.9969,,,,,,,,,,,,,,-0.9318,,,,,,,,,,,,,,,,,,,,,,,,,,,,,,,,,,,,,,,,,,,,,,,,,,,,,,,,,,,,,,,,,,,,,,,,,,,0.8435,,,,,,,,,,,,,,-0.9982,,,,,,,,,,,,,,,,0.9659,,,,,,,,,,0.891,,,,,,,,,,,0.9905,,,,,,,,,,,,,,,,,,,,,,,,,,,,,
Longreads,17,,,,,,0.9998,,,,,,,,,,,,,,,,,,,,,,,,,,,,,,,,,,0.975,,,,,,0.926,-1.0,0.9969,-0.5481,-0.1984,,0.0,,,,,,,,,,,1.0,,,,,,-0.9984,,,,,,,,,,,,,,,,,,,,,,0.8178,,,,,0.5369,,,,,,-0.9756,-0.9993,,,,,-0.9796,,,,,0.7559,,0.9974,,,,,,,-0.9999,,-0.348,,,,,,,,,,,,0.9929,-0.9999,,,,0.9855,,,,0.992,-0.9834,,,-0.2577,,,,,,,,,,,,,,,,-0.9924,,,,,1.0,,,,,,,,,,,,,,-0.9995,,,,,,,-1.0,,,,,,,,,,,,,0.9997,-0.9999,,,,,,-0.9992,,,,,,,,,,,,,,,,,,,-1.0,,,,,,-0.9992,,,,-0.8129,,,,0.7691,,,,,,,,-0.9983,,,,,,,,,,,,,,,,,,,,,,,,,,,,,,,,,-0.9999,-0.9996,-0.9996,,-0.9999,,,,,,,,,,,-0.9963,,,,-0.5292,,-0.9869,,,,,,,,-0.7974,,,,,-0.9908,,,,,0.9813,,,,,,0.9971,,,,,,,-0.9999,-0.9985,,0.7479,,-0.9997,,,,-0.99,0.9979,,,,,0.9621,,,-0.998,,,,-0.9729,,-0.9999,,,-0.9774,,,,-0.66,,,,,,,,,-0.9984,0.8285,,,,,,,,,-0.9981,,-0.9963,,,-0.9996,,-0.9999,,,,,,,,,,-0.9971,,,,-0.9264,,,,,,,-0.755,,,,,0.9993,,,,,,,-1.0,,,0.765,,,,,,,,,,,,,,,,,,,,-0.9997,,,,,,0.9994,,
ConspiracyII,18,,,,,,,0.9862,,,,,,,-0.3818,,,,,,,,,,,,,,,-0.9956,,,,,,,,,,,,,,,,,,,,-0.9692,,,,,,,,,,,,,,,,-0.9967,,,,,,,,0.9313,,,,,,,0.4588,,,,,,-0.5792,,,,-0.9974,,,,,,,0.8548,,,,,-0.9924,,,,,,,,,0.9447,,-0.9951,,,,,,,,,,0.9994,0.6512,-0.9997,,,,,,-0.9696,,,,,0.9532,,,,,,,,,0.997,-0.7428,,,,,,,,,,,,,,,,,,0.34,-0.9997,,,,,,,,-0.6822,,,,,,,,,,,0.9919,,,,,,,,,,,,,,,,0.34,,,,0.7757,,,,,0.0,,-0.9984,,,,,,,,,,,,0.0,,,,,,,-0.9913,,,,,,-0.952,,,,,,,,,,,,,,,,,,,,,,-0.9962,,,,,0.7269,,,,,,,,,,,,,,,,,,,,,,,,-0.9994,,-0.9999,,,,,,,,,,,-0.9999,,,,,,,,,,,,,,,,,,,-0.9966,,,,,,,,,,,-0.9973,,0.9992,,,,,,-0.9981,,-0.9989,,0.9986,,,,,-0.9968,,,,,0.9973,0.9661,,-0.9994,,,,0.9655,,-0.9996,,,,,,,-0.9996,,,,,,,,,-1.0,-0.8453,,,,,,,,,,,0.6128,,,-0.9999,,,,,,,,,,,,0.96,,,,,,0.8688,,,,,0.7875,,,,,-1.0,,,,,,,-1.0,,,,,,,,,,-0.9664,-0.8856,,,,,,-0.9948,0.9994,,1.0,,,-0.9993,,,,,,-0.7359,-0.9916,0.9592
DemocraticDiscussions,19,,,,,,,0.6711,,,,,,,,,,,-0.9996,,,,,,,,,,,,,,,,,0.8624,,,-0.6283,,,,,,,,,,,,,,,,,,,,,,,,,,,,,,,,,,,-0.9975,,,,,,,,,,,,,,,,,-0.9963,,,,,,-0.872,,,0.765,,,,,,,,,-0.9988,,,-0.9999,,,,,,,,,,0.3192,,0.9998,,,,,,,,,,,,,0.9982,,,,,,,0.4682,,-0.9999,,,,,,,,,,,,,,,,,,,0.886,-0.9963,,,,,,,,,,,,,,,,,,,-0.9999,,,,,,,,,,-0.8364,,,,,-0.9844,,,,,,,,,,,,,,,,-0.9529,,,,,,,,,-0.9974,,,,,,-0.9983,,,,,,-0.9983,,,,-0.4215,,,,,,,,,,,,,,,,,,,,,,,,,,,,,,,,,,,,,0.9999,,,,,,,,-0.9999,0.9918,-0.9927,,-0.9996,,,-0.9788,-0.8428,,,,,,,0.988,,,,,,0.0,,,,,,,,,,,,,,,,,,,,,,,,-0.9956,,,,,0.1027,,,,,0.9998,,-0.9998,,,,,-1.0,,,,,0.8972,-0.9992,,,,,,,,,0.6908,,,,,,-0.9983,,,,,,-1.0,,0.9998,-1.0,,,,,,,,,,,,0.9732,,,,,,,,,,,,,,,-0.9999,-1.0,,,,,,,,,,-0.9965,,,,,-1.0,,,,-0.9954,,,,,,,,,,-1.0,,,,,,,,,,,,,,,,,,,,,,-0.9895,,
Fuck45,20,,,,,,,0.9947,,,,,,,,,,,,,,,,,,,,-0.9425,,,,,,,,,,,,,,,,,,,,,,0.9652,,,,,,,,,,,,,,,,,,,,,,,,-0.9988,,,,,,,,,,,,,,,,,,,,,,,,,,,,,,,,,,,,,,,,,,,,,,,,,,0.998,,,,,,,,,,,,,0.999,-0.9991,,,,,,-0.9747,,-0.9999,,,,,,,,,,,,,,,,,,,-0.9573,-0.9997,,,,,,,,,,,,,,,,,,,0.9449,,,,,,,,,,,,,,,-0.9996,,,,,,,,,,,,-0.9991,,,,,,,,,,,,,0.9955,,,,,,,,,,,,,,,,-0.6597,-0.431,,,,,,,,,,,,,,,,,,,,,-0.9873,,,,0.0,,,,,,,,,,,,,,,,,,,-1.0,,-1.0,-0.9779,,,,,,,,,,,,-1.0,,-0.7476,,,,,1.0,,,,,,,,,,,-0.9991,,,,,,,,,,-1.0,,-0.9949,,,,,,,,,,,,,,,,,-0.9993,,,,,-0.9848,-1.0,,-0.9993,,,,,,-0.9999,,,,,,,-0.9996,,,,,,,,-0.9988,-1.0,-0.9999,,,,,,,,,,,-0.9978,,,,,,,,,,,,,,,,,,,,,-0.9989,,,,,-0.9997,,,,,,,,0.964,,,,,,,,,,,-0.9994,,,,-0.9996,,,-0.9946,,,,,,,,,-0.9999,,,,,,-0.9987,,
LegalNews,21,,,,,,,-0.8582,,,,,,,,,,,,-0.1386,,,,,,,,,,,,,,,,,,,-0.8762,,,,,,,,,,,,-0.3818,,,,,,,,,,,,,,,,,,,,,,,,,,,,,0.802,,,,,,,,-0.9147,,,,,,,,,,,,,,,,,,,,,,-0.3818,,-0.9987,,,,,0.6808,,,,,-0.5859,,0.9974,,,,,,,,,,0.9945,,,0.9774,-0.9956,,,,,,,,-0.9999,,,,,,,,,,,,,,,,,,,,-0.9647,,,,,,,,,,,,,,,,,,,-0.5038,,,,,,,,,,,,,,,,,,,,-0.8081,,,,,,,-0.9982,,,,,,,,,,,,,,,,,,,,,,,,,,,,,,,,,,,,,,,,,,,,,,,,,,,,,,,,,,,,,,,,,,-0.9999,,,,,,,,-0.9999,,-0.9997,,-0.9999,,,,,,,,,,,-0.9998,,,,,,,,,,,,,,0.0,,,,,,,,,,,,,,,,-0.998,,,,,,,,,,0.9491,,-0.9979,,,,-0.9948,,,,,,0.9789,,,-0.9992,,,,,,-0.994,,,,,,,-0.9998,,,,,,,,,-0.9992,-0.9584,,,,,,,,,,,,,,-0.9995,,,,,,,,,-0.872,,,-0.8293,,,,,,-0.9895,,,,,,,,,,-0.9863,,,0.0,,,,-1.0,,,,,,,,,0.9978,-0.8885,,,,,,,,,,,,,-0.9973,,,,,,,,
sanepolitics,22,,,,,,,-0.1566,,,,,,,,,,,-0.9995,,,,,,,,,,,,,,,,,,,,-0.763,,,,,,,,0.3374,,,,,,,,,,,,,,,,,,,,,,,,,,,0.9948,,,,,,,0.0,,,,,,,,,,0.4865,,,,,,,,,,,,,,,,,,-0.9987,0.6369,,-0.9937,,,,,-0.2415,,,,,,,0.9989,,,,,,,,,,,,,,-0.9917,,,,,,-0.5423,,0.9998,,,,,,,,,,,,,,,,,,,,-0.693,,,,,,,,,,,,,,,,,,,-0.5357,,,,,,,,,,,,,,,,,,,,,,,,,,,-0.9951,,,,,,,,,,,,,-0.9984,,,,,,-0.9947,,,,,,,,-0.0,,0.0,,,,,,,,,,,,,,,,,,,,,,,,,,,,,,,,,,,-0.3182,,,,,,,,,,-1.0,-0.9975,,,-0.9149,,,,,0.9882,,,,,,-0.9995,,,,,,,,,,,,,,,,,,,,,,,,,,,,,,-0.9891,,,,,,,,,,0.9998,,-0.9994,,0.9193,,,-0.9991,,,,,-0.8477,,,,,,,,,0.9997,0.2978,,,,,,0.9795,,,,,,-0.9998,,0.9999,-0.9999,,,,,,,,,,,,,0.9976,,-0.9999,,,,,,,,,,,,-0.9423,,,,,,-0.9997,,,,,,,,,,,,,,,,,0.9988,,,0.9366,,,,,,,,-0.9973,,,,0.6705,,,,,,,,,,,,,,0.9956,,
StandAgainstTyranny,23,,,,,,,0.8989,,,,,,,,,,,,,,,,,,,,,,,,,,,,,,,0.0,,,,,,,,,,,-0.9998,,,,,,,,,,,,,,,-0.4404,,,,,-0.9985,,,,-0.867,,,,,,,,,,,,,,,,,-0.9968,,,,,,0.2263,,,,,,,,,,,,-0.9951,-0.4939,,-1.0,-0.9999,,,,0.7351,,,,,,,-0.6672,,,,,,,,,,,0.9115,,,-0.9998,,,,,,-0.9462,,0.9682,,,,,-0.9999,,,,,,,,,,,,,,,-0.9991,,,,,,,,,,,,,,,,,,,-0.9979,,,,,,,-0.9999,,,,,,,,,,,,,,,,,,,,,,,,,,,,,,,,,,,,,,,-0.9999,,,,-0.9999,-0.9999,,,,,,,,,0.296,,,,,,,,,,,-0.3736,,,,,,,,,,,,,,,,,,,,,,,,,,,,,,-0.9991,-0.8752,-0.9999,,-0.9998,,,,,,,,,,,-0.9987,,,,,,,,,,,,,,,,,,,-0.9861,,,,,,,,,,,0.935,,,,,0.9818,,,,,0.9959,,,,,,-0.8294,-0.9992,,,,,-1.0,-1.0,,,,,,,,,,,,,,,-0.7676,,,,,,,,-0.9876,-1.0,,,,,,,,,,,,-0.9976,,,-0.9986,,,,,,,,,,,,-0.987,,,,,,-0.9989,,,,,-0.9999,,,,,,,,,-0.9991,,,,,,,,,,-0.9799,,,-0.9764,-1.0,,,,,,,,,,,,,,,,,,,-0.996,
AmalaNetwork,24,,,,,,,,-0.9537,,,,,,,,,,0.8834,,,,,,,,,,,,,,,,,,,,,,,,,,,,,,,-0.9997,-0.9705,,,,,,,,-0.9928,,,,,,,,,,-0.9999,,,,,-0.956,,,,,,,0.7666,,,,,,,,,,-0.9708,,,,,,,,-0.7678,,0.8984,,-0.8307,,,,,,,,,,,,,,0.6857,,,-0.5267,,,,,,,,,,,-0.9503,,,,,,0.9954,,,,,,,0.0,,-0.9878,,,,,-0.9999,,,,,,-0.9999,,-0.9999,,,,,,,,,,,,,,,,,,,,,,,-0.9992,,,-0.9995,,,,,,,,,,,,,,,,,,-0.8522,,-0.995,-1.0,,,,-0.7003,,-0.9998,,,,,,,,,,0.0,,,,,,,-0.9952,,,,,,,,-0.9319,-0.9996,,,,,,,,,,,,,,,,,,,,,,,,,,,,,,,,,,,,-0.9802,,,,,,,,,,,,-0.9992,-0.9982,-1.0,,,,,,,,,,,,,-0.9989,,,,,,,0.9991,,,,,,,,,,,,-0.9995,,,,,,,,,,,-0.9999,,,,,,,,,,-0.999,,-0.9999,,,,,,,,,,0.9991,,,,,,,-0.9997,,0.9282,,,-0.8736,,,,,,,,,,,,,-1.0,-0.9952,,,,,,,,,-0.9997,,-0.9966,-0.9998,,-0.9993,,,,,,,,,,,,-0.9982,,,,,,,,,,,-0.9987,,,,,-1.0,,,,,,,0.9999,,-0.9994,,,,,,0.9787,,,-0.9991,,,,,,,,,,,,,-0.5142,,,-0.9993,,-0.9996,,
GamerGhazi,25,,,,,,,,0.9219,,,,,,,,,,,,,,,,,,,,,,,,,,,,,,,,,,,,,,,,,-0.9997,,,,,,,,,,,,,,,,,,,-0.9946,,,,,,,-0.9658,,,,,,-0.9998,,,,,,,,,,,,,,,,,,,0.9987,,,,,,,,,,,,,,,,0.0,-0.9734,,,,,-0.9977,0.9359,,,,,,,,,,,,,,,,,,,,,,-0.9999,,,,,,,,,,,-0.9993,,,,,,,,,,,,,,,,,,,,,,,,,,,,-0.9999,,0.9948,,,,,-0.9986,,,,,,,,,,,,,,-1.0,,,,,,,,,,,,,,,,0.0,,,,,,,-0.9947,,,,,,,,,-0.9986,,,-0.0772,,,,,,,,,,,,,,,,,,,,,,,,,,,,,,,,,,,,,,,,,,,,,,,-0.9995,,-0.9937,,,,,,,,,,,,,,,,,,,,,,,,,,,,,,,-0.4648,,,,,,,,,,-0.9998,,,,,,,,,,0.9259,,,,,,,-0.9999,,,,,0.9523,,,,,,,,,,,,,,,,,,,,,,,,,-1.0,,,,,,,-0.9966,,,-0.9996,,,,,-0.9939,,,,,,,,,,,,,,,,,,,,,,,,,,,,,,,,,,,,,0.9994,,,,,,,,,,,,,,,,,,,,,,,,,0.9931,,,,
bluecollarbillionaire,26,,,,,,,,,,0.0,0.8961,,,-0.9768,,,,,,,,,,,,,,,,,,,,,,,,,,,,,,,,-0.2733,,,,-0.1984,,0.0,,,,,,,,,,,,,-0.2951,,,,,,,0.6728,-0.9993,,,,,,,,,,,0.9518,,,-0.9962,,,,,,,,,,,,,,,,,,,,,,,,,,,,,0.3313,,,,,-0.0516,,0.9994,,,,,,,,,,,,,0.9869,-0.5928,,,,,,,,-1.0,,,,,,,,,,,,,,,,,,,-0.6486,-0.9997,-0.5621,,,,,,,,,,,,,,,,,,-0.9995,,,,,,,,,,,,,,,,,,,,-0.9846,-0.9999,,,,,,-0.9973,,,,,,,,,,,,,0.7485,,,,,,,,,,,,0.6744,,,,0.4404,,-0.9963,,,,,,,,,,,,,,,,-0.9984,,,,,,,,,,,0.7296,,,,,,,,,,,,,,,,-1.0,,-1.0,,-0.9999,,,,,0.9955,,,,,,,,,,,,,,,,,,,,,,,,-0.9847,,,,,,0.9993,,,,,-0.5994,-0.9994,,,,,,,,,,,,-0.9884,,,,,,,,,,0.9914,,,-0.9999,,,,,,-1.0,,,0.8651,,,,-0.9952,,,0.1027,,,,,,-0.9999,-0.9998,,,,,,,,,,,0.359,-0.9972,,-0.9933,,,,,,,,,,,,-0.9716,,,,,,-0.9942,,,,,,,,,,,,,0.9673,,,,-1.0,,,,,-0.9998,,,,,0.3582,,,,,,,,,,,,,-0.9999,,,,,,0.8193,-0.8562,
GQP,27,,,,,,,,,,,-0.9402,,,0.2714,,,,,,,,,,,-0.9971,,,,,,,,,,,,,,,,,,,,,,,,0.9893,,,,,,,,,,,,,,,,,,,,,,,,-0.9776,,,,,,,,,,-0.9912,,,,,,,-0.9996,,,,,,,,,,,,,,,,,,-0.9987,,,-1.0,,,,,-0.2349,,,,,,,,,-0.9999,,,,,,-0.9199,,,,,0.9909,,,,,,,0.2869,,-0.9999,,,,0.4019,,,,,,,,,,,,,,,,-0.9991,,,,,,-0.9992,,,,,,,,,,,,,,,,,,,,,,,,,,,-0.9966,-0.9999,,,,,,,,,,,,-0.4778,,,,,,,,,,,,0.5859,-0.2154,,,,,,-0.9976,,,,,,,,,,0.4588,,,,,,,,,,-0.9954,,,,,,,,,,,,-0.9392,,,,,,,,,,,,,,,0.9994,,,,,,,,-1.0,-0.9969,-0.9999,,,,,,,,,,,,,-0.9999,,0.7059,,,,,,,,,,,,,,,,,,,,,,,,,,-1.0,,-0.9999,,,-0.9209,,0.8758,,,,,,,-1.0,,,,,,,,,,,,,,,,,,,,-0.3071,,,,,,-0.9903,,,,,,,,0.9996,,,,,,,,,,,,,,,,-0.9999,,,,,,,,,,,,,,,,,,-0.9994,,,,,-0.9972,,,,,-1.0,,,,,,,,,,,,,,-0.9991,,,,-0.9998,,,,,,,,,,,,,,,,,,-0.9974,,
politicus,28,,,,,,,,,,,-0.8655,,,,,,,0.9689,,,,,,,,,,,,,,,,,,,,0.6922,,,,,,,,,,,,,,,,,,,,,,,,,,,-0.8715,,,,,,,,0.9888,,,,,,,,,,,,0.7229,,,,,-0.9966,,,,,,,,,,,,,,,,-0.9991,,,,,,,,,,-0.5968,,,,,,,,,,,,,,,,,0.8429,,,-0.9999,0.0,,,,,,-0.6249,,-0.9999,,,,,,,,,-0.5106,,,,,,,,,,-0.944,-0.9883,,,,,,,,,,,,,,,0.9623,,,,,,,,,,,,,,-0.9977,,,,,-0.9992,,,,,,,,,,,,,,,,-0.4261,,,,,,,,,0.9991,,,,,,-0.9993,,,,,-0.9964,,,0.0,,,,,,,,,,,,-0.9762,,,,,,,,,,,,,,,,,,,,,,,,,,,,,,,,,,,-1.0,0.9612,-0.9997,,-0.997,,,,,,,,,,,-1.0,,,,,,0.689,,,,,,,,,,,,,,,,,,,,,0.0,,,-0.9778,,,,,,,,,,,,,,0.9118,,,-0.9999,,,,,-0.9998,,,,,,,,,-0.9272,,,,,,,0.9887,,,,,,,,,-1.0,,-0.6597,,,,,,,,,,0.5999,-0.9991,,,,,,,,,,,,,,,,,,,,,,,,,-0.3188,,,,,,,,-0.7595,,,,,,,,,,,-1.0,,-0.9983,,-0.9962,,,,,,,,,,,,-0.8709,,,,,,-0.9961,,
infrasociology,29,,,,,,,,,,,,-0.9922,,-0.9949,,,,,,,,,,,,,,,,,,,,0.9714,,,,,,,,,,,,,,,,,-0.9981,-0.9193,,,,,,,,,,,,,,-0.9536,,,0.9074,,,,,,,,,,,,,-0.9677,,,,,,,,,,,,,,,,,,,,-0.9999,,,0.9922,,,,,,,,-0.1779,,,,,,,,,,,,,,0.128,-0.9186,,,,,-0.9996,,,0.9972,0.976,,,,,,,,,,,,-0.9993,-0.9974,0.9676,-0.9861,,,,,,,,-0.9982,,,,,,,-0.9856,,,,,,,,,,,,,,,0.7415,,,,,-0.993,,,,,-0.9923,,,-1.0,-0.9985,-1.0,,,,,,,0.9995,-1.0,,-1.0,,,,,,,-0.9997,,,,,,,-1.0,-0.993,,,,,,,,,,,,,,,,,,,,-0.7514,,-0.9981,,,,,,,,,,,,,,,,,,,,,,,,,,,,-0.9948,,0.9999,,,,,-0.9283,,,-0.786,0.9708,,,0.9872,,,,,,,,-1.0,,,,,,,,,,,,-0.9994,,,,,,,,,,,,,,,,,,,,,0.9407,,,,,,,,,0.128,,,,,,0.9978,,,,,,-0.8442,,,,,,,,,,,,,-1.0,,,0.7684,,,,,,,,-0.9996,-0.9889,,,,,,,,-0.7512,,0.9962,,,,,,,,,,,,,,,,,-0.9099,,,,,,,,,,,,,,,,,,,,,,,,,-0.9732,,,-0.9983,,,,0.9245,,,,0.9957,-0.9996,-1.0,,,,,,-0.9919,,,,0.996,,-1.0,,,-0.9955,,,,-0.9995,
Coronavirus,30,,,,,,,,,,,,,-0.6808,,,-0.9846,,,,,,,,,,,,,,,,0.9749,,,,,,,,,,,,,,,-0.9999,,,0.3612,,,,,,,,,,,,0.9935,,,,,,,,,,,,,,,,,,,,,,,,,,,,,,,,0.9842,-0.9934,,,,,,,,,,,,,,,,,,,,,,,,,,,,,,,,,,,,,,-0.9998,,,,,0.9865,,,-0.9927,-0.9978,,,-0.9996,,,,,,,,,,,,,,,,,,,,-0.9826,,,,,,,,,,,,,,,,,,,,,,,,,,,,,,,,,,,,0.9742,,,,,,,,,,,,,,,,,,,,,,,,,0.9978,-0.9954,,,,,,,,,-0.9951,,,,,,,,,,,,,,,,,,,,,,,0.9784,,,,,,,,,0.9902,,,,,,,,,,,,,,,,,,,0.9333,,,0.9911,,,,,,,,,,,,,,,,,,,,,,,,,,,,,,,,0.9996,,,,,,,,,,,,,,,,-0.9998,,0.6077,,-1.0,0.9735,,-0.9426,,,,,,,,,,,,,,,,0.9996,,,,,,0.9989,-0.9929,0.9816,,,,,,,,,,,,,,,,,,,,,,,-0.8436,,,,,,,,,,-0.9788,,,,,,,,,0.6742,,,,,,,,,,,,0.8519,,,,,,,,,,,,,,,,,,,,,,,,,,,,,,,,,,,
ConflictOfInterest,31,,,,,,,,,,,,,,-0.4754,,,,,,,,,,,,,,,,,,,,,,,,,,,,,,,,0.9595,,,,,,,,,,,,,,,,,,,-0.9654,,,,,,,,0.9889,,,,,,0.7376,,,,,,,,,,,-0.9918,,,,,,,,,,,,,,,,,,,,,,,0.9871,,,,,,,,-0.1779,,0.953,,,,,,,,,,,,,0.9992,,,,,,,,,0.9995,,,,,,,,,,,,,,,,,,,,-0.9219,0.0,,,,,,,,,,,,,,,,,,-0.9973,,,,,0.0,,-0.9996,,,,,,,,,,,,,,,,,,,,,,,,,,,,,,,,,,,,,,,0.582,,,,,,0.9778,,,,0.9604,0.9719,,,,,,,,,,0.9917,,,,,,,,,,,,,,,,,,,,,,,,,,-0.9995,,,,,-0.4765,,,-0.9999,,-0.9983,,,,,,,,,,,,,,,,,,,,,,,,,,,,,,,,,,,,,0.9995,0.9728,,,-0.9979,,0.9996,,-0.6492,,,,,,,,0.9988,0.9944,-0.9999,,,,,,,,,,0.9388,,,-0.836,,,,,,,,,,,,,-0.9967,,,-0.782,,,,,-0.6199,-0.9992,,0.0,,,,,,,,,,0.997,,,-0.9956,,,,,,,,,,,,,,,,,,-0.7862,,,,,,,,,,,,,,,,,-1.0,,,,,,,,,,0.987,,,,,0.3164,,,,,,,,0.9996,,,,,,0.9993,0.9452,
Corruption,32,,,,,,,,,,,,,,-0.5994,,,,,,,,,,,,,,,,,,,,,,,,,,,,,,,,-0.6486,,,,-0.4019,,0.0,,,,,,,,,,,,,,,,,,,,,-0.9973,,,,,,,,,,,,,,,,,-0.9998,,,,,,,,,,,,,,,,,,-0.9997,0.6494,,,,,,,0.9501,,,,,-0.296,,0.9993,,,,,,,,,,,,,0.9919,-0.9994,,,,-0.9408,-0.296,,,0.9994,,,,,,,,,,,,,,,,,,,,-0.9992,,,,,,,,,,,,,,,,,,,,,,,,,,-0.9996,,,,,,,,,,,,,,,,,,,,0.8,,,,,,,,,,,,-0.296,,,,,,,0.9992,,,,,,,,,,0.0,0.0,,,0.5514,,,,,,0.5457,,,,,,,,,,,,,,,,,,,,,,,,,,,0.9987,,,,,,,,-1.0,0.9951,-0.9538,,-0.9999,,,,,,,,,,,-0.9999,,0.8555,,,,,0.9993,,,,,,,,,,,,,,,,,-0.6467,,,,,,-0.9984,,,,,,,,,,-0.9985,,,,,,,-0.999,,,,,0.9943,,,-0.999,,,,,,-0.9986,,,,,,,-0.9938,,,0.0,,,,,-0.9997,-0.9998,0.9723,,,,,,,,,,,-0.8774,,,,,,,,,,,,,,,,,,,,,0.9413,,,,,-0.9859,,,,,-1.0,,,0.5514,,,,-1.0,,,,,,,,,-0.9955,-0.5719,,,,,,,,,,,,,-0.9937,,,,,,,-0.9739,
moderatepolitics,33,,,,,,,,,,,,,,,1.0,,,-0.9975,,,,,,,,,,,,,,,,,,,,0.8863,,,,,,,,0.9446,-0.9996,,-0.9737,,,0.0,,,0.8541,,,,,,,,,,,,,,,,,,-0.9996,,,,,,,,,0.7991,,,,,0.9924,,,,,,,,,,,,,,,,,,,0.9959,,,,,,,,,,,,,,,,,,,,,,,,,,,-0.9998,,,0.9989,,,-0.9981,,-0.9908,,,,-1.0,,,,,,,,,,,,,,,,,,,,-0.9952,0.5267,,,-0.8797,,,-0.1658,,-0.9717,1.0,,,,,,,,-0.6392,-1.0,,,,,,,,,,,,,,,,,,,1.0,,-1.0,,,,0.0,,,,,,,0.953,,,,,,,,-0.9991,,,-0.9673,,1.0,,,,,,,-0.9643,,,0.9999,,,-0.9997,,,,,,,-0.9983,0.9791,,,,,,,,,,,,,,,,,,,,,,,,,,,,,,,,-0.0854,,,,,,,,,,,,-0.9973,,,,,,,,0.296,,,,,1.0,,,,,,,,,,,,-0.9814,,,,0.5523,-0.9785,,,,-1.0,,-0.9999,,,,,,,,-0.9994,,,,-0.9998,,,,,-0.9847,,,-0.9994,,0.998,,,,1.0,,,-0.9999,,1.0,-0.9811,,0.9992,,,,-0.9993,,,,,,,,,-1.0,,,,,,,,,,-0.998,,,,,,,,,1.0,,-0.9948,,,,-0.9963,,-0.8651,,,,,0.0,,,,-0.9999,,-0.9354,,,,,,,,,,,,,,,-0.9828,,,,-0.9951,,-0.9999,,,,,,,,,,,,,,-0.9304,,,,,,0.998,,
inthenews,34,,,,,,,,,,,,,,,,,,-0.999,,,,,,,,,-0.177,-0.5635,,,,,,,,,,-0.117,,,,,,,,0.3071,0.9882,,-0.4458,-0.9661,,0.0,,,0.5647,,,,-0.981,,,,,,,,,,,,,,,,0.2362,,,,,,,,,,,,-0.9263,,,,,0.7436,,,,,,,,,,,0.5086,,,-0.9372,,,,,,,,,,,,,,,,,,,,,,,,,,,-0.9985,,,0.9995,,,,,-0.9999,,,,-1.0,,,,,-0.9999,,,,,,,,,,,0.1779,,,-0.9396,,-0.5621,,,,,,,,,,,,,,,,,,-0.9999,,,,,,,,,,,,,,-0.9996,,,,,,0.6956,,,,,0.0,,,,,,-0.9917,,,,,,,,,,,,-0.9944,,,,,,,,,,,,,,,-0.9991,,,,,,,,0.9978,,,,,,,,,-0.9957,,-0.9993,0.4329,,,,,,,,,,,,,,,,,,,,,,,,,-0.9999,,,,,,,,,,,,,,,-0.7717,,,,,1.0,,,,,,,,,,,-0.9789,,,,,,-0.9987,,,,0.9995,-0.743,-0.9996,,,,,-0.5204,,,-0.997,,,,,,,,,-1.0,,,,,0.9996,-0.9999,,,,,,,,-0.9997,,,0.8899,,,,,,,0.0,,,,,0.9974,-1.0,,,,,,,,,,,,,,,,,,,,-0.998,,,,-0.7096,-0.9737,,-0.9992,,,,,,,,,,,-0.9819,,,,,,,,,,,,,,,,,,,-0.9988,,-0.9666,,-0.9988,,,0.7902,,,-0.7348,,,,,,-0.9993,,,,,,-0.9998,,
actualconspiracies,35,,,,,,,,,,,,,,,,,,0.9981,,,,,,,,,,,,,,,,,,,,,,,,,,,,,-0.9998,,,,,,,,,,,,,,,,-0.8574,,0.9482,,,,-0.9961,,,,,,,,,,,,,,,,,,,,,-0.9933,,,,,,,,,,,,0.8245,,,,,,-0.9886,,,,,0.9913,,,,,,,,,,,-0.9042,0.5553,,,,,,,,,,,0.9886,0.9506,,,,,,,,-0.9962,-0.3612,,,,,,,,,,,,,,,,,,,0.8717,,,,,,,,,,,0.3818,,,,,,,,-0.9995,,,,,,,-0.9991,,,,,,,,,0.8823,,,,-0.6767,,,0.908,,,,-0.9905,,,,,,,,,,,,0.0258,,,,,,,0.9092,,,,,,,,,,-0.4019,,,,,,,,,,,,,,,,,,-0.9992,,,,,,,,,,,,,,,,,,,-0.9995,,,,,-0.8555,,,-1.0,0.9976,0.9031,,-0.9999,,,,,,,,,,,-0.9987,,,,,,-0.9551,0.9975,,,,0.9176,,,,,,,,,,,,,,,,-0.4883,,,0.9981,,,,,,-0.8555,,,,,,-0.9986,,,,,-1.0,0.0,,,,-0.9686,,,-0.9996,,,,-0.9996,,,,,,,,,-0.9985,,,0.0,,,-0.9983,,,-0.9999,-0.9998,,,,,,,,,,,,,,-0.9989,,,,-0.9984,,,-0.9962,,,,,-0.6966,,,,,,-0.9815,,,,,,,,,,,,,,,,,-1.0,,,,,,,,,,-0.5065,-0.9984,,,,0.5775,,,,,,,,-0.9993,,,,,,,-0.8948,
CNNauto,36,,,,,,,,,,,,,,,,,,0.9742,,,,,,,,,,,,,,,,,,,,0.9191,,,,,,,,,,,,,,,,,,,,,,,,,,,,,,,,,,,,,,,,,,,,,,,-0.9942,,,,,,,,,,,,,,,,,,,,,,,,,,,,,,,,,,,,,,,,,,,,,,,,,,,-0.9995,,,,,-0.9951,,,,,,,,,,,,,,,,,,,,,,,-0.944,-0.9971,,,,,,,,,,,,,,,,,,,,,,,,,,,,,,,,,,,,,,,,,,,,,,,,,,,,,,,,,,,,,,,,,,,,,,,,,,,,,0.959,,,,,,,,,,,,,,,,,,0.9596,,,,,,,,,,,,,,,,,,,,,,0.9826,,,,,-0.9998,,,,,,,,,,,,,,,,,,,,0.9999,,,,,,,-0.7453,,,,,,,,,,,,,,,,-0.9985,,,,,,,,,,,,-0.9986,,,,,,,,,,,,,,,,,,,-0.9954,,,-0.9915,,,,,,,0.4019,,,,,,-0.9999,,,,,,,,,,,,,,,-0.9987,,,,,,,,,,,,,,,,,,,,,,,,,,,,,,,,,,,,,,,,,,,,,,,,,,,,,,,,,,-0.9937,,,,,,0.9858,,
NPRauto,37,,,,,,,,,,,,,,,,,,-0.9995,,,,,,,,,,,,,,,,,,,,0.0,,,,,,,,0.9797,,,,,,,,,,,,,,,,,,,,,,,,,,,,,,,-0.9998,,,,,,,,,,-0.9805,,,,,,,,,,,,,,,,,,,,,,,,,,,,,,,,,,,,,,,,,,,,,,,,,,,,,,-0.9999,,,,0.9444,,,,,,,,,,,,,,,,,,,,,,,,,,,,,,,,,,,,,,,-0.3271,,,,,,,,,,,,,,,,,,,,,,,,,,,,,,,,,,,,,,,,,,,,,,-0.9995,,,,,,,,,,,,,,,,,,,,,,,,,,,,,,,,,,,,,,,,,,,,,,,,,,,,,,,,,-0.9999,,,,,,,,,,,,,,,,,,,,,,,,,,,,,,,,,,,,,,,,,,,-0.9994,,,,,,,,,,0.9951,,-0.9986,,,,,,,,,,,,,,,,,,,0.9985,-0.819,,,,,,0.8617,,,,,,,,-0.9933,-0.9981,,,,,,,,,,,,,,,-0.8694,,,,,,,,,,,,,,,,,,-0.9934,,,,,,,,,,,,,,,,,-1.0,,,,,,-0.3612,,,,,,,,,,,,,,,,,,,,,,,-0.9983,,
NYTauto,38,,,,,,,,,,,,,,,,,,-0.9956,,,,,,,,,,,,,,,,,,,,,,,,,,,,,,,,-0.9988,,0.3182,,,,,,,,,,,,,,,,,,,,,-0.733,,,,,,,,,,,,,,,,,,,,,,,,,,,,,,,,,,,,,-0.0258,-0.9995,,,,,,,,,,,,,,,,,,,,,,,,,0.9888,,,,,0.8715,,,,-0.9999,,,-0.4102,,,,,,,,,,,,,,,,,0.8594,,,,,,,,,,,,,,,,,,,-0.9997,,,,,,,,,,,,,,,,,,,,,-1.0,,,,,,-0.9962,,,,,,,,,,,,,,,,,,,,,,,,,,,,,0.0,,,,,,,,,,,,,,,,,,,,,,,,,,,,,,,,,,,,,,,,,,0.8316,,,,,-1.0,,,,,,,,,,,,,,,,,,,,,,,,,,,,,,,,,,,,,,,,,,,0.9983,,,,,,,,-0.9949,,,,-0.9997,,,,,,,,,,0.9861,,,,,,,0.9961,,-0.991,-0.9248,,,,,,-1.0,,,,,,,,,-0.9998,,,,,,,,,,-1.0,,-0.9915,,,,,,,,,,,,,,,-1.0,,,,,,-0.9881,,,,,,,,,,,,,,,,,,,,,,-0.9997,0.6792,,,,,,,,,,,,,,,,,,,,,,,-0.6882,,
politicly,39,,,,,,,,,,,,,,,,,,-0.991,,,,,,,,,,,,,,,,,-0.4939,,,-0.6844,,,,,,,,,,,,,,,,,,,0.0,,,,0.0,,,-0.8885,-0.0516,,,1.0,,,,,-0.9881,,,,,,,,,,,,-0.8578,,,,,,,,,,,,,,-0.9924,,,,,,,-0.941,,,,,,,,,,,,,,,,,,-0.806,-0.9989,,,,,,,,,,,0.9984,-0.9581,,,,,,,,-1.0,,,,,,,,,,,,,,,,,,,-0.9655,-0.9845,,,,,,,,,,,,,,,0.9796,,,,-0.9992,,,,,,,,,,0.6473,,,,,-0.9912,,,,,,,,,,,,-0.9968,,,,0.4303,,,,,,,,,0.9626,,,,,,,,,,,-0.9901,,-0.9986,,,,,,,,,,,,,-0.9992,,,,,,,,,,,,,,,,,,,,,,,,,,,,,,,,,,,-1.0,0.999,-0.9507,,-0.9998,,,-0.4926,,,,,,,,-0.9999,,,,,,,1.0,,,,,,,,,,,,,,,,,,,,,,,0.997,,0.9022,,,0.0,,,,,0.9999,,-0.9983,,,,0.4899,-0.9999,,,,,-0.9985,,,,,,,,,-0.9891,-0.938,,,,,,0.961,,,,,,-1.0,,,-1.0,,-0.836,,,,,,,,,,,-0.9998,,,,,,,,,,,,,,-0.9986,,,,,,-0.9999,,,,,,,,,,,,,,,,,,,,,,,,,,-0.9998,-0.9885,-0.9644,,,,,,,,,,,,,,,,,,-0.9981,,
RepublicansUnbiased,40,,,,,,,,,,,,,,,,,,-0.9927,,,,,,,,,,,,,,,,,,,,-0.9845,,,,,,,,,,,,,,,,,,,,,,,0.9486,,,0.9769,,,,,,,,,0.9897,,,,,,,,,,,,,,,,,0.9709,,,,,,,,,,,,,,,,,,,,,,-0.9934,,,,0.0289,,,,,,,,,,,,,,,,,,,,0.9995,-0.9292,,,,,,0.8519,,-0.9889,,,,-0.7717,,,,,,0.717,,,,,,,,,-0.944,-0.725,,,,,,,,,,,,,,,,,,,,,,,,,,,,-0.6597,-0.994,,,,,-0.9978,,,,,,,,,,,,,,,,0.9253,,,,,,,,,-0.9691,,,,,,-0.997,,,,,,,,0.0,,0.3071,,,,,,,,,,,,,,,,,,,,,,,,,,,,,,,,,,,,,-0.9999,,,,,,,,-0.9999,-0.9992,-0.9963,,-0.9998,,,,,,,,-0.9583,,,-0.9998,,,,,,,,,,,,,,,,,,,,,,,,,,,0.0,,,-0.9814,,-0.9918,,,-0.9983,,,,,,,,,0.7269,,,0.9908,,,,,0.808,,,,,-0.9352,,,,,-0.9468,-0.3463,,,,,0.8281,,,,,,,,-0.9994,-1.0,,0.0,,,,,,,,,,-0.5422,,,,,,,,,,,,,,,,,,,,,,,,,,-0.9979,,,,0.0,,,,,,,,,,,,,,,-0.9999,,-0.9998,,-0.9998,,,,,,,,,,,,,,,,,,,,
Republican_misdeeds,41,,,,,,,,,,,,,,,,,,,,-0.8591,,,,,,,,,,,,,,,,,,-0.0072,,,,,,,,,,,,,,,,,,,,,,,,,,,,,,,-0.9991,,,,0.9833,,,,,,0.9729,,,,,,,,,,,,,,,,,,,,-0.5574,,,,,,,,,,,,-1.0,,,,,,,,,,,,,,,,,,,,,,,,,0.9948,,,,,,,,,-0.9998,,,,,,,,,,0.0603,,,,,,,,,,-0.9998,,,,,,,,,,,,,,,,,,,-0.9985,,,,-0.9227,,,,,,-0.9676,,,,,-0.9997,,,,,,,,,,,,-0.9958,,,,0.3855,,,,,,,,,-0.9994,,,,,,,,,,,,,,,,,,,,,,,,,,,,,,,,,,,,,,,,,,0.9847,,,,,,,,,,,,,,,,,,,-1.0,,-0.9998,,-0.9995,,,-0.9403,,,,,0.977,,,-0.9997,,,,,,,,,,,,,,,,,,,,,,,,,,,,-0.9999,,-0.999,,,,,-0.4062,,,,,,,,,0.0,,,,,,,,-0.9999,,,,,,,,,0.9973,-0.8122,,,,,,-0.9959,,,,,,-0.9926,,,-1.0,,,,,,,,,,,,,-0.9996,,,,,,,,,,,,,,-0.9991,,,,,,,,,,,-0.9625,,,,,,,,,,,,,,,,,,,,,,,-0.9999,,,,,,,,,,,,0.998,,,,,,0.9902,,
AmericanFascism2020,42,,,,,,,,,,,,,,,,,,,,,-0.9998,,,,,,,,,,,,,,,,,,,,,,,,,,,,,,,,,,,,,,,,,,,,,,,,,,,,0.7756,,,,,,,,,,,,,,,,,,,,,,,,,,,,,,0.9977,,,,,,,,,,,,,,,,,,,,,,,,,,,,,,,,,,,,,,,,,,-0.996,,,,,,,,,,,,,,,,,,,,-1.0,,,,,,,,,,,,,,,,,,,,,,,,,,,,,,,,,-1.0,,,,,,,,,,,,,,,,,,,,,,,,,,,,,,,,,,,,,,,,,,,,,,,,,,,,,,,,,,,,,,,,,,,,,,,,,,,,,,,,,,,,,,,-0.9991,,,,-0.9996,,,,,,,,,,,,,0.0,,,,,,,,,,,,,,,,,,,,,,,,,,,,-0.9988,,,,,,,,,,-0.9455,,,,,,,,,,,,0.9389,,,,,,,,,0.9977,,,,,,,,,,,,,,,,-0.9999,,,,,,,,,,,,,,,-0.9996,,,,,,,,,,,,,,,,,,,,,,,,,,,,0.9972,,,,,,,,,,,,,,,,,,,,,,,-1.0,,,,,,,,,,,,,,,
Foxhidesinfo,43,,,,,,,,,,,,,,,,,,,,,-0.9982,,,,,,-0.9724,,,,,,,,,,,,,,,,,,,,,,0.3526,,,,-0.9999,,,,,,,,,,,,,,,,,,,,-0.415,,,,,,,,,,-0.9998,,,,,,,,,,,,,,,,,,,,,,,,,,,,,,,,,,,,,,,,,,,0.8213,,,,,,,,,,0.9974,,,,,,,-0.1027,,0.991,,,,,,,,,,,,,,,,,,,0.5622,-1.0,,,,,,,,,,,,,,,,,,,,,,,,,,,,,,,,,-0.9997,,,,,,,,,,,,,,,,,,,,,,,,,-0.5813,,,,,,,,-1.0,-0.8625,,,,,,,,,,,,-0.1027,,,,,,,,,,,,,,-0.9972,,,,,,,,,,,,,,,,,,,,,,,,,,0.6276,-1.0,,,-0.9999,-0.9999,,,,,,,,,,,-0.9995,,0.4019,,,,,0.9993,,,,,,,,,,0.7256,-0.9999,,,,,,,,,,,,0.9843,,,,,,,,,,-0.9997,,,,,,,,,,,,0.9987,,,-0.9968,,,,,,,,,,,,,-0.9966,,,,,,,,,-1.0,-1.0,,,,,,,,,,,,,,-0.9934,,,,,,,,,,,-0.993,,,,,,,,,,,,-1.0,,,,,0.966,,,,,,,,,,,,,,,,,,,,,-0.9997,0.4019,-1.0,,,,,,,-0.9994,,,,,,,,
Jan-06,44,,,,,,,,,,,,,,,,,,,,,-0.9994,,,,,,,,,,,,,,,,,,,,,,,,,,,,,,,,,,,,,,,,,,,,,,,,,,,,0.9862,,,,,,,,,,-0.9315,,,,,,,,,,,,,,,,,,,,,,,,,,,,,,,,,,,,,,,,,,,,,,,,,,,,,-0.9998,,,,,,,,,0.9899,,,,,,,,,,,,,,,,,,,,-0.9999,,,,,,,,,,,,,,,,,,,,,,,,,,,,,,,,,-0.9995,,,,,,,,,,,,,,,,,,,,,,,,,,-0.9925,,,,,,,,,,,,,,,,,,,,,,,,,,,,,,,,,,,,,,,,,,,,,,,,,,,,,,,,,,,,,-0.9999,,,,-0.9988,,,,,,,,,,,-0.9997,,,,,,,,,,,,,,,,,,,,,,,,,,,,,,,,,,,,,,,,0.9793,,,,,,,-1.0,,,,,-1.0,,,,,,,,,,,,,,,,,,,,,,,,-0.9969,-0.9999,,,,,,,,,,,,,,,-0.995,,,,,,,,,,,,,,,,,,,,,,,-0.9999,,,,,,,,,,,,,,,,,,,,,,,,,,,,-1.0,,,,,,,,,,,,,,,
DeFranco,45,,,,,,,,,,,,,,,,,,,,,,-0.6192,,,,,,,,,,,,,,,,,,,,,,,,,,,,,,,,,,,,,-1.0,,,,,,,,,,,,,,,,,,,,,,,,,,,,,,,,,,,,,,,,,,,,,,,,,,,,,,,,,,,,,,,,,,,,,,,,,,,,,,,,,,,,,,-0.9597,,,,,,,,,,,,,,,,,,,,,,,,,,,,,,,,,,,,,,,-1.0,,,,,,,,,,,,,,,,,,,,,,,,,,,,,,,,,,,0.838,,,,,,,,,,,,,,,,,,,,,,,,,,,,,,,,,,,,,,,,,,,,,,,,,,,,,,0.9313,,,,,,,,,,,,,,0.9675,,,,,,,,,,,,,,,,,,,,0.9999,,,,,,,0.5719,,,,,,,,,,,,,,,,,,,,,,,,,,,,,,,,,,,,,,,,,,,,,,,,,,,,,,,,,,,,,,,-0.9993,,,,,,,,,,,,,,,,,,,,,,,,,,,,,,,,,,,,,,,,,,,,,,,,,,,,,,,,,,,,,,,,,,,,,,,,,,,,,,,,,
ccn,46,,,,,,,,,,,,,,,,,,,,,,,-1.0,-1.0,,,,,,,,,,,,,,,,,,,,,-0.7028,,,,0.4251,-0.0772,,,,,,,,,,,,,,,,,,,,,,,,,,,,,,,,,,,,,,,,,,,,,,,,,,,,,,,,,,,,,,,,,,,,,,,,,0.9995,,,,,,,,,,,-0.9994,,,,,,,,,,,,,,,,,,,,,,,,,,,,,,,,,,,,,,,,,,,-0.9998,,,,,,,,,,,,,,-0.9997,,,,,,,,,,,,,,,,,,,,,,,,,,,,,,,,,,,,,,,-1.0,,,,,,,,,,,,,,0.0,,,,,,,,-0.9997,,,,,,,,,,,,,,,,,,,,,,,,,,,,,,,,,,,,,,,,,,,,,,,,,,,,,,,,,,,,,,,,,,,,,,,,,,,-0.7836,,,-0.9922,,,,,,,,,,,,,,,,-0.9971,,,,,,0.9458,,,,,,,,,,,,,,,,-0.9999,,,,,,,-0.6763,,-0.9955,,,,,,,,,,,-0.9989,-0.9789,,,-0.9983,,,,,-0.9981,,,,,,,,,,,,,,,,,,,,,,,,,,,,,,,,,,,,,,,,-0.5483,,,,,,,,,,,,,,,,,,,,,
CapitolConsequences,47,,,,,,,,,,,,,,,,,,,,,,,,-0.9998,,,,,,,,,,,,,,-0.2796,,,,,,,,,,,,,,,,,,,,,,,,,,,,,,,,,,,-0.9967,,,,,,,,,,,,,,,,,,,,,,,,,,,,,,,,,,,,,,,,,,,,,,,,,,0.9999,,,,,,,,,,,,,-0.9997,,,,,,,0.5661,,-0.9999,,,,,,,,,,,,,,,,,,,0.7947,-0.999,,,,,,,,,,,,,,,,,,,,-0.2006,,,,,,,,,-0.9001,,,,-0.9993,-0.9973,,,,,,,,,,,,0.6398,,,,,,,,,,,,,-0.9996,,,,,,,,,,,,,,,,,,,,,,,,,,,,,,,,,,,,,,,,,,,,,,,,,,,,,,,,,,,,,-1.0,,0.9876,,-0.9998,,,,,,,,,,,-0.9999,,0.4829,,,,,,,,,,,,,,,,,,,,,,,,,,-1.0,,-0.9857,,,,,,,,,,0.9999,,,,,,,,,,,,-0.9992,,,,,,,,,-0.997,,,,,,,,,,,,,,,,-1.0,,,,,,,,,,,,,-0.9989,,-0.9998,,,,,,,,,,,,,,,,,,,,,,,-0.9989,,,,,,,,,,,,,,,,,,,,,,,-0.9986,,,,-0.128,,,,,,,,,,,,,,-0.9985,,
BotTownAlt,48,,,,,,,,,,,,,,,,,,,,,,,,,,,,,,,,,,,,,,,,,,,,,,,,,,,,,,,,,,,,,,,,,,,,,,,,,-0.9994,,,,,,,,,,,,,,-0.9878,,,-0.9996,,,,,-0.9951,,,,,,,,,,,,,,,,,,,,,,,,,,,,,,,,,,,,,,,,,0.9922,,,,,0.9993,-0.9915,0.4215,,-1.0,,,,-0.6956,,,,,,,,,,,,,,,-0.9422,-0.9925,,,,,,,-0.9871,,,,,,,,,,,,0.9976,,,,,,,,,,,,,,,,,,,,,,,,,,,-0.9911,,,,,,,,,,,,0.9252,-0.798,,0.9957,-0.9905,,,0.9753,,,,,,-0.9983,,,,,,,,0.6553,,,,,,,,,,,,,,,0.8806,,,-0.9887,,,,,,,,,,,,,,,,,,,,,,,-1.0,,-0.9997,,-1.0,0.9924,,,,,,,,,,-1.0,,,,,,,,,,,,,,,,,,0.9436,,,,0.9975,,,,,,,,-0.9996,,,,,,,,-0.93,,-1.0,,-0.9994,,,,,,,,,,0.99,,,-0.9951,,,,,,-1.0,,,,1.0,,,,,,,,,,,0.9978,-0.9983,-1.0,,,,,,,,,,,-0.9692,,,-0.9861,,,,,,,,,,-0.9975,,,,,,,,,,,,,,,,,,,,,0.8708,,,,,,,,,,,,,-0.9988,0.4453,,,,,,,,,,,,,,,,,,,-0.9916,,
indepthstories,49,,,,,,,,,,,,,,,,,,,,,,,,,,,,,,,,,,-0.2733,,0.8884,,,,,,,,,,0.9146,-0.9949,-0.9968,,-0.1984,,,,,,,,,,,,,0.9998,,-0.3182,,,-0.992,-0.8439,,,,,,,,,0.9994,,,,,,,,,,,1.0,0.9981,0.9478,,,,,0.6369,-0.5182,,,,,-0.9751,-0.9999,,,,,-0.9995,,,,,,,0.9995,,,,,,0.3818,,,0.4862,,,,,,,,,,,,0.9923,0.9189,,,,,,,,-0.887,0.9977,,,,,,,,,,,,,,,,,,,,,,,,,,,,,,,,0.9628,,,,,,-0.9998,,,,,0.0,,,,,,,,,,,,,,,-0.9741,-0.9999,,,,-0.5563,,-0.9627,,,,,,,,,,,0.7171,,,0.9988,,,,,-0.9999,,,-0.7033,,,0.995,,,,,,,,,,,,,,,,-0.9919,,,,,,,,,,,0.2732,,-0.9997,,,,,,,,,,,,,,,,,,,,-0.9997,0.9998,-0.9999,,-0.9908,,,,,-0.9899,,,,0.9993,,-0.9906,,,,-0.9583,,-0.128,,,,,0.9979,,,-0.5423,,,,,,,,,,-0.9882,,,,,,0.9891,,,,,,,-0.9886,,,,,0.9993,,,,-0.93,,,,,,-0.5572,,,-0.8566,,,,-0.9999,,,,-0.9551,-0.9453,,,,-0.8464,,,,,,,,,-0.9643,-0.9932,,,,,,,,,-0.9956,,0.9379,,0.8856,-0.9994,,-0.9999,,,,,0.998,,,,,-0.992,,,,-0.9158,,,,0.9999,,,,,,,,-1.0,,,,,,,,,,,,,,,,,,,,,,,,,,,,,,-0.9998,,0.7575,,,,0.9999,0.7923,
AmericanPolitics,50,,,,,,,,,,,,,,,,,,,,,,,,,,,,,,,,,,,-0.1406,,,-0.4639,,,,,,,,0.9217,,,0.9182,-0.9754,,0.0,,,,,,,,,,,,,-0.9784,,,,,,,,0.9974,,,,,,,,,,,,,,,,,,,,,,,,,,,,,,,,,,,,,,,,,,,,,,,,,,,,-0.9932,,,,,,,,,,,0.999,,,,,-0.9986,,-0.4478,,0.965,,,,,,,,,,,,,,,,,-0.2103,,0.34,-0.9998,,,,,,0.9806,,,,,,,,,,,,,-0.9996,,,,,,,,,,,,,,,,,,,,,,,,,0.0,,,,,,0.883,,,,,,,,,,,,,,,,,,,,,-0.9969,,,,,,,,,,,,,,0.997,,,,,,,,,,,,-0.8191,,,,-0.4696,,,,,,,,,,-0.5106,,,,,,,,,,,0.9998,-0.9763,,,,,,,,,,,,,-0.6734,-0.3612,,,,,-0.9663,,,,,,,,,,,-0.9509,,,,,,0.9996,,,,,-0.6187,-0.9998,,,,,,,,-0.9993,,,,,,,,,-0.9999,,,,,0.9758,-0.9997,,,,,,,,0.9992,-0.7925,,,,,,-0.5202,,,0.4019,,,,,,-1.0,,,,,,,,,,,,,-0.9996,,,,,,,,,,,,,,-0.985,,,,,,,,,,,-0.9959,,,,,-0.9964,,,,,,0.0,,,,,,,,,,-0.998,,,,,0.7164,,,-0.9718,,,,,,0.8025,,,,,,-0.9998,,
Sandovals,51,,,,,,,,,,,,,,,,,,,,,,,,,,,,,,,,,,,,,,0.5362,,,,,,,,,,,,,,,,,,,,,,,,,,,,,,,,,,,,,,,,,,,,,,,,,,,,,,,,,,,,,,,,,,,,,,-0.9839,,,,,,,,,,,,,,,,,,,,,,,,,,,,,,,,,,,0.0,,-0.9881,,,,,,,,,,,,,,,,,,,,-0.9028,,,,,,,,,,,,,,,,,,,,,,,,,,,,,,,,,,,,,,,,,,,,,,,,,,,,,,,,,,,,,,,,,,,,,,,,,,,,,,,,,,,,,,,,,,,,,,,,,,,,,,,,,,,,,,,,,,,,,,,,-0.9997,-0.9923,-0.9947,,-0.9902,,,,,,,,,,,-0.996,,,,,,,,,,,,,,,,,,,,,,,,,,,-0.4019,,,,,,,,,,,,,-0.6273,,,,,,,,,,,,,,,,,,,,,,,,,,,,,,,,,,,,,-0.9991,-0.9992,,,,,,,,,,,-0.9628,,,-0.9833,,,,,,,,,,,,,,,,,,,,,,,,,,,,,,,,,,,,,,,,,,,,,,,,,,-0.9698,,,,,,,,,,,,,,,,
2020elections,52,,,,,,,,,,,,,,,,,,,,,,,,,,,,,,,,,,,,,,,1.0,,,,,,,,,,,,,,,,,,,,,,,,,,,,,,-0.7195,,,,,,,,,,,,,,,,,,,,,,,,,,,,,,,,,,,,,,,0.9997,,,,,,,,0.9136,,,,,,,,,,,,,,,,,,,,,,,,,,,,,0.9997,,,,,,,,,,-0.8033,,,,,,,,,,,,,,,,,,,,,,,,,,,,,0.9998,,,,,,,0.9991,,,,,,,,,,,,,,,,,,,,,,,,,,,0.9999,,,,,,,,,,,,,,,,,,,,,,,,,,,,,,0.9998,,,,,,,,,,,,,,,,,,,,,,,,,,,,,0.9999,,,,,,,,,,1.0,,0.5423,,,,,,,,,,,,,,,,,,,,,,,,,,,,,,,,0.9995,,,0.9995,,,,,,0.9923,,,,,,,,,,,,,,,,,,,,,,,,,,,,,,,1.0,,,-0.9465,,,,,,,,,,,,,,,,,,,,,,,,,,,,0.9966,,,,,,,,,,,,,,,,,,,,,,,,,,,,,,,,,,,,,,,,,,,,,,,,,,0.0,,,,,,,,,,,,,,,,
Democrats2020,53,,,,,,,,,,,,,,,,,,,,,,,,,,,,,,,,,,,,,,,1.0,,,,,,,,,,,0.5739,,,,,,,,,,,,,,,,,,,-0.8947,,,,,,,,,,,,,,,,,,,,,,,,,,,,,,,,,,,,,,,-0.9532,,,,,,,,,,,,,,,-0.0077,,,,,,,,,,,,,,,,1.0,,,,,,,,,,,,,,0.8908,,0.8126,,,,,,,,,,,,,,,,,,,,,,,,,,,,,0.9997,,,,,,,-0.906,,,,,,,,,,,,,,,,,,,,0.9959,,,,,,,0.9961,,,,,,,,,,,,,,,,,,,,,,0.0,,,,0.2023,,0.9827,,1.0,,0.9963,,,,,,,,,,,,,,,,,,,,,,,,,,,,,,,,,,,-0.9994,0.9876,1.0,,-0.9979,,,,,,,,,,,-0.998,,,,,,,1.0,,,,,,,,,,,,,,,,,0.9999,,,,,,-0.5892,,,,,,,,,,,,,,,,,,,,,,,,,-0.996,0.9999,,,,,1.0,,,0.9998,,,,,,,,,,,,1.0,0.9845,-0.9997,,,,,,,,,,,,,,-0.985,,,0.9622,,,,-0.9897,,,,,,,,,,,,,,,,,,,,,,,,-0.4767,,,,,,,0.9731,,,,,,0.9998,,,,,,0.0,,,,,,,,-0.9213,,,,,,,,
law,54,,,,,,,,,,,,,,,,,,,,,,,,,,,,,,,,,,,,,,,,,0.9205,,,,,,,,,-0.2677,,,,,,,,,,,,,,,,,-0.9919,,,,,,0.987,,,,,,,,,,,,,,,,,,,,,,,,,,,,,,,,,,,,,,,,,,,,,,,,,,1.0,,,,,,,,,,-0.9991,,,-0.9991,,,,,,,,,-0.9989,,,,,,,,,,,,,,,,,,,0.4497,-0.9984,,,,,,,,,,,,,,,,,,,-0.9998,,,,,,,,,,,,,,,,,,,,,,,,,,,,,,,,,,,,,,,,0.8981,,,,,,,,,,,,,,,,,,,,,,,,,,,,,,,,,,,,,,0.8701,,,,,,,,,,,,,,,,,,,,,,,-1.0,,-0.9998,,,,,,,,,,,,,,,0.0,,,,,,,,,,,,,,,,,,,,,,,,,,-1.0,,-0.9999,,,,,,,,,,,,-0.9998,,,,,-0.9997,,,,,-0.9993,,,-0.9985,,,,,,-0.9998,,,,,,,-0.9914,,,,,,,,0.953,-0.9996,-0.9999,,,,,,,,,,,-0.9149,,,,,,,,,,,,,,,-0.9994,,,,,,,,,,,-0.9943,,,,,,,,,,,,,,,,,,,,,-0.9976,,,,,,,,,,,,,,,,,,,,,,
FoxFiction,55,,,,,,,,,,,,,,,,,,,,,,,,,,,,,,,,,,,,,,,,,,0.0,,,,,,,,,,,,,,-0.8832,,,,,,,,,,,,,,,,,,,,,,,,,,,,,,,,,,,,,,,,,,,,,,,,,,,,,,,,,,,,,,,,,,,,,,,,,,,,,,,,,,,,,,,,,-0.9999,,,,,,,,,,,,,,,,,,,,,,,,,,,,,,,,,,,,,,,,,,,,,,,,,,,,,,,,,,,,,,,,0.0,,,,,,,,,,,,,,,,,,,,,,,,,,,,,,,0.0,,,,0.0875,,,,,,,,,,,,,,,,,,,,,,,,,,,,,,,,,,,,,,,,,-1.0,,0.9949,,-0.9998,,,,,,,,0.4681,,,-0.9998,,0.7366,,,,,,,,,0.9604,,,,,,,,,,,,,,,,,,,-0.9995,,,,,,,,,,,,,,,,,,,,,,-0.9997,,,-0.9672,,,,,,-0.9997,,,,,,,-0.9995,,,0.0,,,,,,-0.9997,-0.9942,,,,,,,,,,,,,,-0.9986,,,,,,,,,,,,,,,,,,,,,,,,,,,,,,,,,,,,,,,,,,,,,,,,,,,,,,,,,,,,,,,,,,
NewsWhatever,56,,,,,,,,,,,,,,,,,,,,,,,,,,,,,,,,,,,,,,,,,,,,,,-0.128,,,,-0.1984,,,,,,,,,,,,,,,0.9438,,,-0.9896,,,,,,,,,,,,,,,,,,,,,,,,,,,,-0.768,,,,,,,,,,,,,,,,,,,,,,,,,,,,,,,,,,,,,,,,0.9974,,,,,,,,,-0.9999,,,,,,,,,,,,,,,,,,,,-0.9982,,,,,,,,,,,,,,,,,,,-0.9995,,,,,,,,,,,,,,,,,,,,,,,,,-0.0258,,,,,,,,,,,,,,,,,,,,,,,,,,,,,,,,,-0.9328,,,,,,,,,,,,,,,,,,,,,,,,,,,,,,,,,,,,,,,,,,,,,-0.9996,,,,,,,0.982,,,,,,,,0.0,,,,,,,,,,,,,,,,,,,,,,,,,,,0.8834,,,,,,,,,,,,,,,,,,,,,,,0.9074,,,,,,,,,-0.9999,,,-0.9964,,,,,,,,,,,,,-0.9999,-0.9999,,,,,,,,,,,,,,-0.9997,,,,,,,,,,,,-0.9878,,,,,,,,,,,,,,,,,,,,,,,-0.9999,,,,,0.9996,,,,,,-0.9883,,,,,,,,,,,,-0.9999,,,,,,0.9898,,
nofeenews,57,,,,,,,,,,,,,,,,,,,,,,,,,,,,,,,,,,,,,,,,,,,,,,-0.6249,,,,,,,,,,,,,,,,,,,,,,,,,,,,,,,,,,,,,,,,,,,,,,,,,,,,,,,,,,,,,,,,,,,,,,,,,,,,,,,,,,,,,,,,,,0.9938,,,,,,,,,-0.9994,,,,,,,,,,,,,,,,,,,0.3237,0.9577,,,,,,,,,,,,,,,,,,,0.9974,,,,,,,,,,,,,,,,,,,,,,,,,,,,,,,,,,,,,,,,,,,,,,,,,,,,-0.9858,,,,,,,,,,,,,,,,,,,,,,,,,,0.9397,,,,,,,,,,,,,,,,,,,,,,,,,,,,,,,,,,,,,,,,0.0,,,,,,,,,,,,,,,,,,,,,,,,,,,,,,,,,,,,,,,,,,,,,-0.9982,,,,,-0.7547,-0.9988,,,,,,,,0.9956,,,,,,,,,,,,,,,,-1.0,-0.9998,,,,,,,,,,,,,,-0.9994,,,,,,,,,,,,-0.994,,,,,,-0.4404,,,,,-0.9948,,,,,,,,,,,,,,,,,,,,,,,,,,,,,,,,,,,-0.884,,,,,,,,
qualitynews,58,,,,,,,,,,,,,,,,,,,,,,,,,,,,,,,,,,,,,,,,,,,,,,0.0,,,-0.9791,-0.6991,,,,,0.2194,,,,,,,,,,-0.9991,,,-0.9981,,,,,0.9522,,,,,,,,,,,,,,,,,-0.9973,,,,,,,,,,,,,,,,,,,,,,,,,,,,,,,,,0.9998,,,,,,,,,,,,,0.9841,,,,,,,,,-0.9993,,,,-0.3612,,,,,,,,,,,,,,,,0.3818,,,,,,,,,,,,,,,,,,,0.9408,,,,,,,,,,,,,,,,,,,,,,,,,,,-0.9922,,,,,,,,,,,,,,,,,,,,,,,,,-0.9885,,,,,0.3182,,,,,,,,,,,,,,,,,,,,,,,,,,,,,,,,,,,,,,,,,,,,-0.9999,,-0.9998,,,,,,,,,,,,,-0.9997,,,,,,,,,,,,,,,,,,,,,,,,-0.9969,,,,,,-0.9989,,,,,,-0.7974,,-0.9841,,0.94,,-0.9999,,,,,,,,,,,,,,,,,-0.9834,,0.9819,,,0.743,,,,-0.9997,,,,,,,,,-0.9998,-0.9999,,,,,,,,,,,0.6985,,,0.9708,,,,,,,-0.9381,,,,,,,,,,,,,,,,-0.9234,,,,,-0.9998,,,,,,,-1.0,,,,,,,,,,,,,,,,,,,,,,,-1.0,,,,,,0.4921,,
skeptic,59,,,,,,,,,,,,,,,,,,,,,,,,,,,,,,,,,,,,,,,,,,,,,,,-0.9944,,,,,,,,,,,,,,,,,,,,,-0.9973,,,,,,,,,,,,,,,,,,,,,,,,,,,,,,,,,,,-0.9963,,,,,,,,,,,,,,,,,,,,,,,,,,,,,,,,,0.9812,,,,,,,,,0.9948,,,,,,,,,,,,,,,,,,,,-0.9996,,,,,,,,,,,,,,,,,,,-0.9934,,,,,,,,,,,,,,,,,,,,,-0.9939,,,,,-0.7189,-0.9996,,,,,,,,,,,,,,,,,,,,,,,,,,,,,,,,,,,,,,,,,,,,,,0.9954,,-0.9984,,,,,,,,,,,,,,,,,,,,,,,,,,,,0.9996,,-0.9999,,,,,,,,,,,-0.999,,,,,,,,,,,,,-0.9997,,,,,,,,,,,,,,,,,-0.9998,,,,,,,,,,-0.36,,,,,,,-0.8796,,,,,-0.9823,,,,,,,-0.9996,,,,,,,,,-0.9992,,,,,,,,,,-0.9994,,,,,,-0.9965,,,,,-0.9963,,,-0.9979,,,,,,,0.999,,,,,0.9389,,,,0.8999,,,,,,,-0.9904,,,,,,,,,,,,,,,,,,,,,,,,,,,,,,,,,,,,,,,,,,,
ParlerWatch,60,,,,,,,,,,,,,,,,,,,,,,,,,,,,,,,,,,,,,,,,,,,,,,,,,-0.978,,,,,,,,,,,,,,,,,,,,,,,,0.9505,,,,,,,,,,,,,,,,,-0.9921,,,,,,,,,,,,,,,,,,,,,,,,,,,,,,,,,,,,,,,,,,,,,,,,,,,,,0.0,,-0.9949,,,,,,,,,,,,,,,,,,,,-0.9987,,,,,,,,,,,,,,,,,,,,,,,,,,,,,,,,,-0.9938,,,,,,,,,,-0.9952,,,,,,,,,,,,,,,,,,,,,,,,,,,,,,,,,,,,,,,,,,,,,,,,,,,,,,,,,,,,,,,,,,,,,,,,,,,,,-0.9989,,-0.9995,,-0.9998,,,,,,,,,,,-0.9988,,,,,,,,,,,,,,,,,,,,,,,,,,,,,,-0.9985,,,,,,,,,,-0.9885,,,,,,,,,,,,,,,,,,,,,,,,,,,,,,,,,,,,,-0.9991,,,,,,,,,,,,,,,-0.9936,,,,,,,,,,,,,,,,,,-0.9717,,,,,-0.9977,,,,,,,,,,,,,,,,,,,,,,,,,,,,,,,,,,,,,,,,,,,
racism,61,,,,,,,,,,,,,,,,,,,,,,,,,,,,,,,,,,,,,,,,,,,,,,,,,-0.9137,,,,,,,,,,,,,,,,,,,,,,,,,,,,,,,,,,,,,,,,,,,,,,,,,,,,,,,,,,,-0.6004,,,,,,,,-0.8693,,,,,,-0.9999,,,,,,,,,,,,,,,,,,,,,,,-0.9989,,,,,-0.9965,,,,,,,,,,,0.0,,,,,,,,,,,,,,,,,,,,,,,-0.9993,,,,,,,,,,,,,,,,,,,,,,,,,,,-0.9997,,,,,,,,,,,,,,,,,,,-1.0,,,,,,,,,,,,,,-0.8693,,,,,,,,,,,,,,,,,,,,,,,,,,,,,,,,,,,,,,,,,-0.9936,,-0.9997,,-0.9897,,,,,,,,,,,-0.997,,,,,,,,,,,,,,,,,,,,,,,,,,,,,,0.988,,,,,,,,,,-0.9517,,,,,,,,,,,,0.9925,,,,,,,,,,,,,,,,-0.9721,,,,,,,,,-0.9998,0.9941,,-0.9612,,,,,,,-0.9997,,-0.9638,,,-0.9857,,,,,,,,,,,,,,,,,,,,,0.6743,,,,,,,,,,,,,,-1.0,,,,,,,,,,,0.9821,,,,0.0,,,,,,,,,,,,,,,,
SocialistRA,62,,,,,,,,,,,,,,,,,,,,,,,,,,,,,,,,,,,,,,,,,,,,,,,,,-1.0,,,,,,,,,,,,,,,0.0,,,,,,,,,,,,,,,,,,,,,,,,,,,,,,,,,,,,,,,,,,,,,,,,,,,,,,,,,,,,,,,,,,,,,,,,,,,,,,,,,-0.9996,,,,,,,,,,,,,,,,,,,,,,,,,,,,,,,,,,,,,,,,,,,,,,,,,,,,,,,,,,,,,,,,,,,,,,,,,,,,,,,,,,,,,,,,,,,,,,,,,,,-0.5994,,,,,,,,,,,,,,,,,,,,,,,,,,,,,,,,,,,,,,,,,,,,,,,,,,,,,,,,,,,,,,,,,,,,,,,,,,,,,,,,,,,,,,,,,,,,,,,,,,,,,,,,,,,,-0.9863,,,,,,,,,,,,,,,,,,,,,,,,,-1.0,,,,,,,,,,,,,,,-0.9995,,,,,,,,,,,,,,,,,,,,,,,,,,,,,,,,,,,,,,,,,,,,,,-0.9986,,,,,,,,,,,,,,,,,,,,
thedavidpakmanshow,63,,,,,,,,,,,,,,,,,,,,,,,,,,,,,,,,,,,,,,,,,,,,,,,,,,0.128,,,,,,,,,,,,,,,,,,,,,,,,,,,,,,,,,,,,,,,,,,,,,,,,,,,,,,,,,,,,,,,,,,,,,,,,,0.9972,,,,,,,,,,,,,,,,,,,,-0.4696,,-0.9984,,,,,,,,,,,,,,,,,,,,-0.9999,,,,,,,,,,,,,,,,,,,-1.0,,,,,,,,,,,,,,,,,,,,,,,,,,,,,,,,,,,,,,,,,,,,0.9974,,,,,,,,,,,,,,,,,,,,,,,,,,,,,,,,,,,,,,,,,,,,,,,,,,,,,,,,,,,0.9999,,,,,,,,,,,,,,,,,,,,,,,,,,,,,,,,,,,,,,,,,,,,,,,,,,,,,,,,,,,,-0.9981,,,,,0.9537,,,,,,,,,,,,,,,,,,,,,,,,-0.9938,-0.999,,,,,,,-0.9954,,,,,,,,,,,,,,,,,,,,-0.9999,,,,,,,,,,,,,,,,1.0,,,,,,,,,,,,,,,,,,,,,,,,,,,,,,,,,,,0.9974,,,
DemocratsUnbiased,64,,,,,,,,,,,,,,,,,,,,,,,,,,,,,,,,,,,,,,,,,,,,,,,,,,,,,,,,,,,,,,,,,,,,,0.9803,,,,,,,,,,,,,,,,,,,,,-0.9748,,,,,,,,,,,,,,,,,,,,,,,,,,,,,,,-0.901,,,,,,,,,,,,,,,,,,,,,,,,0.9998,,,,,,,,,,,,,,,,,,,,,,,,,,,,,,,,,,,,,,,,,,,,,,0.9917,,,,,,,,,,,,,,,,,,,,0.996,,,,,,,,,,,,,,,,,,,,,,,,,,,,,,,,,0.0,,,,,,,,,,,,,,,,,,,,,,,,,,0.9908,,,,,,,,,,,0.9572,,,,,-0.9529,0.9996,,0.999,,,,,,,,,,,-0.6114,,0.3094,,,,,,,,,,,,,,,,,,,,,,,,,,,,0.9861,0.0,,,,,,,,,,,,,,,,,,,,,,,,,,,,,,0.9996,,,,,,,,,,,,,,,0.9875,,-0.999,,,,,,,,,,,,,,-0.9756,,,,,,,,,,,,,,,,,,,,,,,,,,,,-0.9999,,,0.9845,,,,,,,,,,,,,,,,,,,,,,,,,,,,,,,,,,,
Impeach_Trump,65,,,,,,,,,,,,,,,,,,,,,,,,,,,,,,,,,,,,,,,,,,,,,,,,,,-0.3802,,,,,,,,,,,,,,,,,,,,,,,,,,,,,,,,,,,,,,,,,,,,,,-0.5423,,,,,-0.6652,,,,,,,-0.6514,,,,,,,,,,,,,,,,,,,,,,,,,,,,0.9999,,,,,,,,,,,,,,,,,,,,,,,,,,,,,,,,,,,,,,,,,,,,,,,,,,,,,,,,,,,,,,,,,,,,,,,,,,,,,,,,,,,,,,,,,,,,,,,,,,,-0.9945,,,,,,,-0.9998,,,,,,,,,,,,,,,,,,0.3736,,,,0.9311,,,,,,,,,0.0,,,,,,,0.1901,,0.8343,,,,,,,,,,,,,,,,,,,,,,,,-0.8022,,,,,-0.9927,,,,,,,,,,,,,,,,,,,,0.0,,,,,,,,,,,,,,,,,,,,,,,,,,,,,,,,,,,,,,,,0.8689,,,,,,,,,,,,,,,,,,,,,0.771,,,,,,,,,,,,,,,0.0516,,,,,,,,,,,,,,0.9982,,,,,,,,,,,,,,,,,,,,,,,,,,,,,-1.0,,,,,,,,
Journalism,66,,,,,,,,,,,,,,,,,,,,,,,,,,,,,,,,,,,,,,,,,,,,,,,,,,,,,,,,,,,,,,,,,,,,,,,,,,,,,0.9999,,,,,,,,,,,,,,,,,,,,,,,,,,,,,,,,,,,,,,-0.9999,0.8566,,,,,,,,,,,,,,,,,,,,,,,,,,,,,-0.9991,,,,,,,,,,,,,,,,,,,,,,,,,,,,,,,,,,,,,,,-0.9803,,,,,,,,,,,,,,,,,,,,,,,,,,,,,,,,,,,,,,,,,,,,,,-0.998,,,,,,0.9893,,,,,,,,-0.868,,,,,,,,,,,,,,,,,,,,,,,,,,,,,,,,,,,,,,0.9978,,,-0.9992,-0.9917,-0.9998,,,,,,,,,,,,,-0.9996,,,,,,,,,,,0.1955,,,0.9929,,,,,,,,,,,,,,,,-0.9996,,,,,,,,,,,,,,,,-0.6357,,,,,,0.9515,,,,,,,-0.9993,,-0.9941,,,,,,,,,,,,,,,,-0.9999,0.9458,,,,,,,,,,,,,,0.9813,0.9909,,,,,,,,,,,,,,,,,,,,,,-0.9987,,,,,,,,0.9965,,,,,,,,,,,,,,,,,,,0.9977,,,,,,,,,,,,,,,,
Liberal,67,,,,,,,,,,,,,,,,,,,,,,,,,,,,,,,,,,,,,,,,,,,,,,,,,,-0.4514,,,,,,,,,,,,,,,-0.9763,,,,,,,,-0.9991,,,,,,,,,-0.8105,,,,,,,,,,,,,,,,,,,,,,,,,,,,,,,,,,,,,,,,,,,,,,,,,,,,,,0.9996,,,,,,,-0.9356,,,,,,,,,,,,,,,,,,,,,-0.7003,-0.9986,,,,,,,,,,,,,,,,,,,-0.9995,,,,,,,,,,,,,,,,,,,,,,,,,-0.7906,,-1.0,,,,,,,,,,,,,-0.9596,,,,,,,,,,,,,,,,,,-0.9967,,,,,,,,,,,,,,,,,,,,,,0.0,,,,,,,,,,,,,,,,,,,,,,,,,,,,,,,,,,,,,,-0.9969,,,,,0.9992,,,,-0.9998,,,,,,,-0.952,,,,,,,,,,-0.9999,,,,,,,,,,,,,,,,,,,,,,,,0.9696,,,,,,,,,-1.0,,,0.9614,,,,0.8779,,,0.0,,,,,-0.9156,-1.0,,,,,,,,,,,,-0.9919,-0.9999,,,,,,,,,,,,,,,,,,,,,,,,,-0.9711,,,,,,,,,,,,,,,,,,,,,,,,,,,,,,,,,,,-0.9997,,,,,,,-0.997,
libs,68,,,,,,,,,,,,,,,,,,,,,,,,,,,,,,,,,,,,,,,,,,,,,,,,,,0.0,,,,,,,,,,,,,,,,,,,,,,,,,,,,,,,,,,,,,,,,-0.9999,,,,,,,,,,,,,-0.9994,,,,,0.9971,,,,,,,,,,,,,,,,,,,,,,,,,,,,,,,,,,,,,0.9972,,,,0.8582,,,,,,,,,,,,,,,,,,,,,,,,,,,,,,,,,,,,,,,,,,-0.9971,,,,,,,,,,,,,,,,,,,,,,,,,,,,,,,,,,,,,,,,,,,,,,,,,,,,,,,,,,,,,,,,,,,,,,,,,,,,,,,,,,,,,,,,,,,,,,,,,,-0.8969,,0.34,,,,,,,,,0.9976,,,,,,,,,,,,,,,,,,,,,,,,,,,,,,,,,,,,,,,,,,,,,,,,,,,,,,,-0.9893,,,,0.9885,,,,,,,,,,,,,,,,,,,-0.9999,,,,,,,,,,,,,,0.6156,,,,,,,-0.9765,,,,,,,,,-0.7211,,,,,,,,,,,,-0.9999,0.9753,,,,,,,,,,,,,,,,,,,,,,,,,,,,,,,,,,,,,
pancakepalpatine,69,,,,,,,,,,,,,,,,,,,,,,,,,,,,,,,,,,,,,,,,,,,,,,,,,,-0.7639,,,,,,,,,,,,,,,,,,,-0.9489,,,,,,,,,,,,,,,,,,,,,-0.9596,,,,,,,,,,,,,,,,,,0.9809,0.8225,,,,0.9959,,,,,,,,,,,,,,,,,,,0.8534,,,,0.9958,0.9946,,,,,,,,-0.9996,,,,0.5221,,,,,,,,,,,,,,,,-0.9223,,,,,,,,,,,0.9797,,,,,,,,-0.9984,,,,,,,-0.9997,,,,,,,,,0.9245,,,,,0.9919,,,,0.9711,,0.9599,,,,,,,,,,,,,,,,,,,-0.9999,,,,,,-0.9766,,,,,,-0.9986,,,,,,,,,,,,,,,,,,,,,,,,,0.9938,,,,,,,,,,,,,,,0.0772,,,-1.0,-0.993,-0.999,,-0.9999,,,,,,,,,,,-0.9997,,,,,,-0.7397,,,,,,,,0.0,,,,,,,,,,-0.9945,,,,,,-0.9962,,,,,,,,,,-0.9979,,-0.9999,,,,,,,,,,,,,-0.9987,,,,-0.9921,,-0.9997,,,,,,,-0.9995,,,,,,,,,-0.9925,-0.9999,,,,,,,0.0,,,,-0.7346,,,-0.938,,,,,,,,,,,,,,,,,,,,,,,,,,,,,0.9527,,,,,,-0.9999,,,,0.9797,,,,,,-0.9862,,,,,,,,,,,,,-0.9972,,,,,,,,
RepublicanValues,70,,,,,,,,,,,,,,,,,,,,,,,,,,,,,,,,,,,,,,,,,,,,,,,,,,0.4404,,,,,,-0.5722,,,,,,,,,,,,-0.994,-0.9995,,,,,,,,,,,,,,,,,,,,,,,,,,,,,,,,,,-0.9663,,,,,,,,,,-0.8674,,,,,,,,,,,,,,,,,,,,,,,-0.7744,,,,,,,,,,,,,,,,,,,,,,,,,,,,,-0.9946,-0.3182,,,,,,,,,,,,,,,,,,,,,,,,,,,,,,,,,,,,,,,,,,,,,,,,,,,,,,,,,,,,,,,,,,,,,,-0.9949,,,,,,,,,,,,,,,,,,,,,,,,,,,,,,,,,,,,,,,,,,,,,,,,,,,-0.9999,,,,,,,,,,,,,,,-0.7661,,,,,0.9911,,,,0.9963,,,,,,,-0.985,,,,,,,-0.9949,,,,,,,,,,,,,,,,-0.9923,,,,,,,,,,,-1.0,,,,,,,,,-1.0,,,,,,,-0.9988,,,0.0,,,,,,-1.0,-0.9999,,,,,,,,,,,,-0.9569,,-0.9998,,,,,,,,,,,,,,,,,,,,,,,,,,,,,,,,0.703,,,,,,,,,,,,,,,,,,,,,,,,,,-0.9998,,,,,,-0.9978,,
Destiny,71,,,,,,,,,,,,,,,,,,,,,,,,,,,,,,,,,,,,,,,,,,,,,,,,,,,,,,-0.7903,,,,,,,,,,,,,,,,,,,,,,,,,,,,,,,,,,,,,,,,,,,,,,,,,,,,,,,,,,,,,,,,,,,,,,,,,,,,,,,,,,,,,,,,,,,,,,,,,,,,,,,,,,,,,,,,,,,,,,,,,,,,,,,,,,,,,,,,,,,,,,,,,,,,,,,,,,,,,,,,,,,,,,,,,,,,,,,,,,,,,,,,,,,,,,,,,,,,,,,,,,,,,,,,,,,,,,,,,,,,,,,,,,,,,,,,,,,,,,,,,0.9968,,,,,,,,,,,,,,,,,,,,,,,,,,,,,,,,,,,,,,,,,,,,,,,,,,,,,,,,,,,,,,,,,,,,,,,,,,,,,,,,,,,,,,,,,,,,,,,,,,,,,,,,,,,,,-1.0,,,,,,,,,,,,,,,,,,,,,,,,,,,,,,,,,,,,,,,,,,,,,,,,,,,,,,
BreakingNews24hr,72,,,,,,,,,,,,,,,,,,,,,,,,,,,,,,,,,,,,,,,,,,,,,,,,,,,,,,,,,,,,,,,,,0.8661,,,,0.9086,,,0.897,,,,,,,,,,,,,,,,,,,,,,,,,,,,,,,,,,,,-0.7558,,,,,,,,,,,,,,,,,,,,,,,,,,,,0.9939,,,,,,,,,-0.9871,,,,0.4019,,,,,,,,,,,,,,,,,,,,,,,,,,,,,,,,,,,,,,,,,,-0.9781,,,,,,,,,,,,,,,,,,,,,,,,,,,,,,,,-0.5106,,,,,,,,,,,,,,,,,,,,,,,,,,,,,,,,,,,,,-0.9058,,,,,,,,,,,,,,,,,0.9972,,,,,0.9914,,,-0.998,,,,,,,,,,,,,,,,,,,,,,,,,,-0.77,,,,,,,,,,,,,,,,,,,-0.9962,,,,,,,,,,,,,,,,,,,,,,,,,,,,,,,,,,,,,,-0.9366,,,,,,,,,0.9467,,,,,,,,,,,,,,,-0.2662,,,,,,,,,,,,,,,,,,,,,,,,,,,,,,,,,,,,,,,,,,,,,,,,,,,,,,,,,,-0.9993,,,,,,,,
NeverTrump,73,,,,,,,,,,,,,,,,,,,,,,,,,,,,,,,,,,,,,,,,,,,,,,,,,,,,,,,,,,,,,,,,,,,,,0.8701,,,,0.9734,,,,,,,,,,,,,,,,,-0.9999,,,,,,,,,,,,,,,,,,,,,,,,,,,,,,,,,0.9931,,,,,,,,,,,,,0.9997,,,,-0.9955,,,,,-0.9978,,,,,,,,,,,,,,,,,,,,-0.9831,,,,,,,,,,,,,,,,,,,,,,,,,,,,,,,,,,,,,,,,,,,,,,0.8837,,,,,,,,,,,,0.9312,,,,,,,,,,,,,,,,,,,,,0.0,,,,,,,,,,,,,,,,,,,,,,,,,,,,,,,,,1.0,,,0.9287,,0.5106,,,-0.9999,,0.997,0.9708,,,,,,0.9936,,,,,,,,,,,,,1.0,,,,,,,,,,,,,,,,,,,,,,,-0.9955,,,,,,0.34,,,,-0.9602,,,,,,,-0.9289,,,,,-0.9978,,,,,,,-0.9992,,-0.9511,,,,,,,-0.9988,,,,,,,,,-0.9993,,,,,,-0.9852,,,,,,,,,0.9463,,,,,,,,,,,,,,,,,,,,,,,,,,,,,,,0.9669,,,,,,,,,,,,,,,,,,,,,,,,,,,-0.9991,,,,,,,,
PoliticalSparring,74,,,,,,,,,,,,,,,,,,,,,,,,,,,,,,,,,,,,,,,,,,,,,,,,,,,,,,,,,,,,,,,,,,,,,,,,,,,,,,,,0.0,,,,,,,,,,0.9987,,,,,,,,,,,,,,,,,,-0.9997,,,,,,,,0.9169,,,,,,,,,,,,,,,,,,,,,,,,,,,,,-0.9995,,,,,,,,,,,,,,,,,,,,0.8885,,,,,,,,,,,,,,,,,,,0.9531,,,,,,,,,,,,,,,,,,,,,,,,,,,,,,,,,,,,,,,,0.9688,,,,,,-0.9731,,,,,,,,,,,,,,,,,,,-0.9732,,,,,,,,,,,,,,,,,,,,,,,,,,,,,,,,,,,,-0.9998,0.9961,-0.9999,,-0.998,,,,,,,,,,,-0.9952,,,,,,,,,,,,,,,,,,,,,,,,,,,,,,,,,,,,,,,,0.972,,,,,,,0.9978,,,,,,,,,,,,,,0.9986,-0.8062,,,,,,-0.9933,,,,,,,,-0.9997,-0.9991,,,,,,,,,,,,,-0.9998,,-0.996,,,,,,,,,,,,,,,,,,,,,,,,,,,,,,,,,,,,,,,,,,,,,,,,,,,,,,,,,,,,,,,,-0.9993,,
hillaryclinton,75,,,,,,,,,,,,,,,,,,,,,,,,,,,,,,,,,,,,,,,,,,,,,,,,,,,,,,,,,,,,,,,,,,,,,,,,,,,,,,,,,,,,,,,,,,0.9995,,,,,,,,,,,,,,,,,,0.9769,,,,,,,,,,,,,,,,,,,,,,,,,,,,,,,,,,,,,0.9998,,,,,,,,,,,,,,,,,,,,,,,,,,,,,,,,,,0.0,,,,,,,,,,,,,,,,,,,,,,,,,,,,,,,,,,,,,,,,,,,,,,,,,,,,,,,,,,,,,,,,,,,,,,,,,,,,,,,,,,,,,,,,,,,,,,,,,,,,,,,,,,,,,,,,,,,,,,,,,,,,,,,,,,,,,,,,,,,,,,,,,,,,,,,,,,,,,,,,,,,,,,,,,,,,,,,,,,,,,,,,,,,,,,,,,,,,,,,,,,,,,,,,,,,,,,,,,,,,,,,,,,,,,,,,,,,,,,,,,,,,,,,,,,,,,,,,,,,,,,,,,,,,,,,,,,,,,,,
HillaryForAmerica,76,,,,,,,,,,,,,,,,,,,,,,,,,,,,,,,,,,,,,,,,,,,,,,,,,,,,,,,,,,,,,,,,,,,,,,,,,,,,,,,,,,,,,,,,,,-0.9999,,,,,,,,,,,,,,,,,,-0.967,,,,,,,,,,,,,,,,,,,,,,,,,,,,,,,,-0.9734,,,,,-0.9996,,,,,,,,,,,,,,,,,,,,,,,,,,,,,,,,,,,,,,,,,,,,,,0.9611,,,,,,,,,,,,,,,,,,,,-0.9998,,,,,,,,,,,,,,,,,,,,,,,,,,,,,,,,,,,,,,,,,,,,,,,,,,,,,,,,,,,,,,,,,,,,,,,,,,,,,,,,,,,,,,,,,,,,,,,,,,,,,,,,,,,,,,,,,,,,,,,,,,,,,,,,,,,,,,,,,,,,,,,,,,,,-0.994,,,,,,,,,,,,,,,,,,,,,,,,,,,,,,,,,-0.9937,,,,,,,,,,,,,,,,,,,,,,,,,,,,,,,,,,,,,-0.9997,,,,,,,,,,,,,,,,,,,,,,,,,,,,,
StopVoterSuppression,77,,,,,,,,,,,,,,,,,,,,,,,,,,,,,,,,,,,,,,,,,,,,,,,,,,,,,,,,,,,,,,,,,,,,,,,,,,,,,,,,,,,,,,,,,,-0.9995,,,,,,,,,,,,,,,,,,,,,,,,,,,,-0.9969,,,,,,,,,,,,,,,,,,,,,,,,,,,,,,,,,,,,,,,,,,,,,,,,,,,,,,,,,,,,,,,,,,,,,,,,,,,,,,,,,,,,,,,,,,,,,0.9987,,,,,,,,,,,,,,,,,,,,,,,,,,,,,,,,,,,,,,,,,,,,,,,,,,,,,,,,,,,,,,,,,,,,,,,,,,,-0.9668,,,,,,,,,,,,,,,,,,,,,,,,,,,,,,,,,,,,,,,,,,,,,,,,,,,,,,,,,,,,,,,,,,,,,,,,,,,,,,,,,,,,,,,,,,0.998,,,,,,,,,,,,,,,,,,,,,,,,,,,,,,,,,,,,,,,,,,,,,,,,,,,,,,,,,,,,,,,,,,,,,,,,,,,,,,,,,,
AnythingGoesNews,78,,,,,,,,,,,,,,,,,,,,,,,,,,,,,,,,,,,,,,,,,,,,,,,,,,,,,,,,,,,,,,,,,,,,,,,,,,,,,,,,,,,,,,,,,,,,,,,,,,,,,,,,,,,,-0.9999,,,,,,,,,,,,,,,,,,,,,,,,,-0.9998,,,,,,,,,,,,,,,,,,,,,,,,,,,,,,,,,,,-1.0,,,,,,,,,,,,,,,,,,,,,,,-0.9998,,,,,,,,,,,,,,,,,,,,,,,,,,,,,,,,,,,,,,,,,,,,,,,,,,,,,,,,,,,,,,,,,,,,,,,,,,,,,,,,,,,,,,0.9991,,,,,,,,,,,,,,,,,,,,,,,,,,,,,,1.0,,,,,,,,,,,,,,,,,,,,,,,,,,,,,,,,,,,,,,,,,,,,,-0.9798,,,,,,,,,,,,,,,,,,,,,,,,,,,,,,,,,,,,,,,,,,,,,,,,,,,,,,,,,,,,,,,,,,,,,,,,,,,,,,,,,,,,,,,,,,,,,,,,,,,,,,,,,,
democrats,79,,,,,,,,,,,,,,,,,,,,,,,,,,,,,,,,,,,,,,,,,,,,,,,,,,,,,,,,,,,,,,,,,,,,,,,,,,,,,,,,,,,,,,,,,,,,,,,,,,,,,,,,,,,,-0.408,,,,,,,,,,,,,,,,,,,,,,,,,,,,0.9844,,,,,,,,,,,,,,,,,,,,,,,,,,,,,,,,,,,,,,,,,,,,,,,,,,,,,,,,,,,,,,,,,,,,,,,,,,,0.9844,,,,,,,,,,,,,,,,,,,,,,,,,,,,,,,,,,,,,,,,,,,,,,,,,,,,,,,,,,,,,,,,,,,,,,,,,,,,,,-0.9985,,,,,,,,,,,,,,,,,,0.955,,,,,,,,,,,,,,,,,,,,,,,,,,,,,,,,,,,,,,,,,,,,,,,,,,,,,,0.9996,,,,,,,,,,,,,,,,,,,,,,,,,,,,,,,,,,,,,,,,,,,,,,,,,,,,,,,,,,,,,,,,,,,,,,,,,,,,,,,,,,,,,,,,,,,,,,,,,
LincolnProject,80,,,,,,,,,,,,,,,,,,,,,,,,,,,,,,,,,,,,,,,,,,,,,,,,,,,,,,,,,,,,,,,,,,,,,,,,,,,,,,,,,,,,,,,,,,,,,,,,,,,,,,,,,,,,,,,,,,,,,,,,,,,0.9875,,,,,,,,,,,,,0.9952,,,,,,,,,-0.9999,,,,,,,,,,,,,,,,,,,,-0.9961,,,,,,,,,,,,,,,,,,,,,,,,,,,,,,,,,,,,,,,,,,,,,,,,,,,,,,,,,,,,,,,,,,,,,,,,,,,,,,,,,,,,,,,,,,,,,,,,,,,,,,,,,,,,,,,,,,,,,,,,-0.9998,,-0.9998,,-0.9996,,,,,,,,,,,-0.9999,,,,,,,,,,,,,,,,,,,,,,,,,,,,,,-0.9993,,,,,,,,,,,,,,,,,,,,,,-0.9994,,,,,,,,,1.0,,,,,,,,,,,,,,,,-0.9998,,,,,,,,,,,,,,,-0.9918,,,,,,,,,,,,,,,,,,,,,,,,,,,,,,,,,,,,,,,,,,,,,,,,,,,,,,,,,,,,,,,,,,
neoliberal,81,,,,,,,,,,,,,,,,,,,,,,,,,,,,,,,,,,,,,,,,,,,,,,,,,,,,,,,,,,,,,,,,,,,,,,,,,,,,,,,,,,,,,,,,,,,,,,,,,,,,,,,,,,,,,,,,,,,,,,,,,,,,,,,,,,,,,,,,0.9785,,,,,,,,,0.9994,,,,,,,,,,,,,,,,,,,,,,,,,,,,,,,,,,,,,,,-0.9999,,,,,,,,,,,,,,,,,,,,,,,,,,,,,,,,,,,,,,,,,,,,,,,,,,,,,,,,,,,,,,,,,,,,,,,,,,,,,,,,,,,,,,,,,,,,,1.0,,,,,,,,,,,,,,,,,,,,,,,,,,,,,,,,,,,,,,,,,,,,,,,,,,,,,,,,,,,,,,,,,,,,,,,,,,,,,,,,,,,,1.0,,,0.9969,,,,,,,,,,,,,,,,,,,,,,,,,,,,0.7535,,,,,,,,,,,,,,,,,,,,,,,,,,,,,,,,,,,,,,,,,,,,,,,,,,,,,,,,,,,,,,,,,,
Fuckthealtright,82,,,,,,,,,,,,,,,,,,,,,,,,,,,,,,,,,,,,,,,,,,,,,,,,,,,,,,,,,,,,,,,,,,,,,,,,,,,,,,,,,,,,,,,,,,,,,,,,,,,,,,,,,,,,,,,,,,,,,,,,,,,,,,,,,,,,,,,,0.9945,,,,,,,,,,,,,,,,,,,,,,-1.0,,,,,,,,,,,,,,,,,,,,,,,,,,0.9721,,,,,,,,,,,,,,,,,,,,,,,,,,,,,,,,,,,,,,,,,,,,,,,,,,,-0.9986,,,,,,,,,,,,,,,,,,,,,,,,,,,,,,,,,,,,,,,,,,,,,,,,,,,,,,-1.0,,,,,,,,,,,,,,,,,,,,,,,,,,,,,,,,,,,,,,,,,,,,,,,,,,,,,,,,,,,,,,,-0.9999,,,,,,,,,,,,,,,,,,,,,,,,,,,,,,,-0.9996,,,,,,,,,,,,,,,,,,,,,,,,,,,,,,,,,,,,,,,,,,,,,,,,,,,,,,,,,,,,,,,,,,,,,,,,,,,
Qult_Headquarters,83,,,,,,,,,,,,,,,,,,,,,,,,,,,,,,,,,,,,,,,,,,,,,,,,,,,,,,,,,,,,,,,,,,,,,,,,,,,,,,,,,,,,,,,,,,,,,,,,,,,,,,,,,,,,,,,,,,,,,,,,,,,,,,,,,,,,,,,,,,,,,,,,,,,,,,,,,,,,,,,,,,,,,-0.9872,,,,,,,,,,,,,,,,,,,,,,,,,,,,,,,,,,,,,,,,,,,,,,,,,,,,,,,,,,,,,,,,,,,,,,,,,,,,,,,,,,,,,,,,,,,,,,,,,,,,,,,,,,,,,,,,,,,,,,,,-0.9986,,,,-0.995,,,,,,,,,,,,,,,,,,,,,,,,,,,,,,,,,,,,,,,,,,,,,,,,,,,0.9937,,,,,,,,,,,,,,,,,,,,,,,,,,,,,,,,,,,,,-0.9999,,,,,,,,,,,,,,,-0.9803,,,,,,,,,,,,,,,,,,,,,,,,,,,,,,,,,,,,,,,,,,,,,,,,,,,,,,,,,,,,,,,,,,
centrist,84,,,,,,,,,,,,,,,,,,,,,,,,,,,,,,,,,,,,,,,,,,,,,,,,,,,,,,,,,,,,,,,,,,,,,,,,,,,,,,,,,,,,,,,,,,,,,,,,,,,,,,,,,,,,,,,,,,,,,,,,,,,,,,,,,,,,,,,,,,,,,,,,,,,,,,,,,,,,,,,,,,,,,,,,,,,,,,,,,,,,,,,,,,,,,,,,,,,,,,,,,,,,,,,,,,,,,,,,,,,,,,,,,,,,,,,,,,,,,,,,,,,,,,,,,,,,,,,,,,,,,,,,,,,,,,,,,,,,,,,,,,,,,,,,,-0.9967,,,,,,,,,,,,,,,,,,,,,,,,,,,,,,,,,,,,,,,,,,,,,,,,,,,,,,,,,,,,,,,,,,,,,,,,,,,,,,,0.6368,,,,,,,,,,,,,,,,,,,,,,,,0.0742,,,,,,,,,,,,,,,,,,,,,,,,,,,,,,,,,,,,,,,,,,,,,,,,,,,,,,,,,,,,,,,,,,
AntifascistsofReddit,85,,,,,,,,,,,,,,,,,,,,,,,,,,,,,,,,,,,,,,,,,,,,,,,,,,,,,,,,,,,,,,,,,,,,,,,,,,,,,,,,,,,,,,,,,,,,,,,,,,,,,,,,,,,,,,,,,,,,,,,,,,,,,,,,,,,,,,,,,,,,,,,,,,,,,,,,,,,,,,,,,,,,,,,,,,,,,,,,,,,,,,,,,,,,,,,,,,,,,,,,,,,,,,,,,,,,,,,,,,,,,,,,,,,,,,,,,,,,,,,,,,,,,,,,,,,,,,,,,,,,,,,,,,,,,,,,,,,,,,,,,,,,,,,,,,,,,,,,,,,,,,,,,,,,,,,,,,,,,,,,,,,,,,,,,,-0.9981,,,,,,,,,,,,,,,,,,,,,,-0.9999,,,,,,,,,,,,,,,,,,,,,,,,,-0.9999,,,,,,,,,,,,,,,,,,,,,,,,,,,,,,,,,,,,,,,,,,,,,,,,,,,,,,,,,,,,,,,,,,,,,,,,,,,,,,,,,
internettoday,86,,,,,,,,,,,,,,,,,,,,,,,,,,,,,,,,,,,,,,,,,,,,,,,,,,,,,,,,,,,,,,,,,,,,,,,,,,,,,,,,,,,,,,,,,,,,,,,,,,,,,,,,,,,,,,,,,,,,,,,,,,,,,,,,,,,,,,,,,,,,,,,,,,,,,,,,,,,,,,,,,,,,,,,,,,,,,,,,,,,,,,,,,,,,,,,,,,,,,,,,,,,,,,,,,,,,,,,,,,,,,,,,,,,,,,,,,,,,,,,,,,,,,,,,,,,,,,,,,,,,,,,,,,,,,,,,,,,,,0.675,,,,,,,,-0.9897,,0.9939,,,,,,,,,,,,,0.8131,,,,,,,0.9999,,,,,,,,,,,,,,,,,,,,,,,-0.9653,,,,,,,,,,-0.963,,,,,,,,,,,,,,,,,,,,,,,,,,,,0.9975,,,,,,,,,-0.9995,,,,,,,,,,,,,,,0.8665,,,,,,,,,,,,,,,,,,,,,,,,,,,,,,,,,,,,,,,,,,,,,,,,,,,,,,,,,,,,,,,,,,
