Index,Unnamed: 0,Cleveland,lakers,minnesotaforsanders,OklahomaForSanders,SCForBernie,MinnesotaForBernie,Wisconsin4Sanders,ImagesOfOhio,Nebraska4Sanders,NewMexicoForSanders,democraticparty,democraticsocialists,voteforbernie,justicedemocrats,FakeProgressives,Kansas4Sanders,GAForSanders,tytsucks,zephyrteachout,BernieFor2020,PoliticalVideo,WVForSanders,FLForSanders,NewYorkForBernie,NewHampshire4Sanders,Massachusetts4Sanders,Columbus,CommunistMemes,CTForSanders,PhillyForSanders,AlexandriaOcasio,Minnesota4Sanders,Georgia4Sanders,IDForSanders,LouisianaForSanders,PortlandForSanders,MAForSanders,VAForSanders,GeoducksForSanders,CAForSanders,AlabamaForBernie,PoliticalRevolutionOH,PortlandiaForSanders,CanadiansforBernie,Enough_Sanders_Spam,PRForSanders,ClimateOffensive,NorthDakotaForSanders,TheHumanistReport,phish,NewsVidFeed,MississippiForSanders,California,TXForSanders,PuertoRicoforSanders,MEForSanders,HawaiiForSanders,DemocraticSocialism,MedicareForAll,NJForSanders,NorthDakota4Sanders,DEForSanders,Montana4Sanders,RIForSanders,MTForSanders,Colorado4Sanders,bernie2020,ArkansasForSanders,ColoradoForSanders,WayOfTheBern,IAForSanders,AOC,dc4sanders,ArizonaForSanders,RhodeIsland4Sanders,PoliticalCoverage,Charlotte,dayton,LibertyForTheMasses,WayOfTheAloha,OregonForSanders,SDForSanders,alaskaforsanders,LosAngelesforSanders,SanFranForSanders,enoughsandersspam,TheMajorityReport,TexasForSanders,Ohio,INForSanders,NCForBernie,WolfPAChq,GetYourNewsOnWithRon,Utah4Sanders,ncpolitics,Tulsi2020,PhoenixForSanders,DCForBernie,WyomingForSanders,SandersForPresident,SouthDakotaForSanders,KentuckyForSanders,raleigh,RealBlueMidterm,WVForBernie,demsocialists,Idaho4Sanders,triangle,bullcity,SFBayAreaForSanders,ProgressiveVoice,SeattleUnmoderated,AKForSanders,SeattleForSanders,TNForSanders,MDForSanders,bernie,freebies,VirginiaForSanders,NVForSanders,NewOrleansForSanders,indianaforsanders,dsa,YangForPresidentHQ,KYForSanders,BostonForSanders,WAForSanders,ILForSanders,WashingtonForSanders,PoliticalRevolutionNC,CANCEL_STUDENT_DEBT,Wilmington,BernieSanders,Missouri4Sanders,TweetArchiver,FloridaForSanders,MyRssFeeds,AlabamaForSanders,Enough_AOC_Spam,IowaForSanders,OurPresident,Political_Revolution,HIForSanders,Michigan4Sanders,VermontForBernie,DallasForSanders,TYTnetwork,OHForSanders,tulsi,NashvilleForSanders,tytonreddit,NMForSanders,NevadaForSanders,NHForSanders,Maine4Sanders,WYForSanders,cincinnati,ARForSanders,NebraskaForSanders,CaliforniaForSanders,YangGang,chapelhill,NewEngland4Sanders,Washington,Delaware4Sanders,ElectionPolls,MIForSanders,LAForSanders,NewYorkForSanders,gso,MSForSanders,AZForSanders,The_Alexandria,asheville,SanJoseForSanders,OurRevolutions,OregonForBernie,seculartalk,PoliticalVideos,longisland,SouthCarolina4Sanders,Maryland4Sanders,Oahu,StillSandersForPres,PAForBernie,gravelforpresident,BernieSandersNews,OKForSanders,MissouriForSanders,PAForSanders,winstonsalem,NorthCarolina,RepublicansForSanders,Vermont4Sanders,TennesseeForSanders,Connecticut4Sanders,SunriseMovement,WIsconsinForSanders,NewJerseyforSanders,clevelandcavs,MurderedByAOC,WeAreNotAsking,StudentsforSanders,olympia
ohioforsanders,0,0.9982,0.9997,,-0.4073,,0.5319,0.9489,0.0,-0.2003,0.9423,,,0.9847,0.9992,,0.9901,,,,,,0.9959,,,0.8496,0.5719,0.9977,,,,,-0.8444,0.2732,,0.9901,,,,,,,0.0,,0.2732,-0.9977,0.8286,0.9983,,,,,0.9852,,,,,0.3009,0.9973,,,0.9565,,0.7539,,,0.979,,0.9811,,0.9999,,0.9978,0.8316,0.8905,0.2732,,,0.9933,,,0.9937,,0.8172,,,0.9947,,0.9977,0.9997,,,0.782,,0.9392,,,,,0.8943,,0.9336,0.9725,,,,0.9998,-0.7426,,,,,,,,,,0.0,,0.9978,,,0.9912,-0.2908,0.9995,,,,,,,,,1.0,0.587,-0.7698,,,0.9797,,0.7021,0.999,0.9998,,0.9967,,,,,,,,,0.9979,,-0.128,,0.9798,,,,,,0.9928,,0.9935,,,,,,,,,,,,,,,,0.995,0.9973,,,,,,,,0.9989,,,0.9839,0.2732,0.9916,0.7777,0.6049,,0.9792,0.9996,,0.9945,,
NHForSanders,1,,,0.9902,,0.9832,,,,,,,,,,,,0.985,,,,,,0.982,0.9821,,,,,0.9715,,,,,0.9956,,,0.995,0.9935,-0.999,-0.6571,0.9851,,,,0.9994,,,0.9861,,,,,,0.9789,0.9871,0.9878,,0.9908,,0.9837,,,,0.9794,0.9962,,,,0.989,1.0,0.9835,,,,,,,,0.1406,,,0.9931,,,,,,,,0.9933,0.9866,,,,,,,,,1.0,,,,,0.966,,,,,,,,0.971,-0.9989,0.979,0.9913,,,,0.977,,,0.9952,,0.9798,0.9887,,0.9846,,,,,,,,,,,,,0.9988,0.9944,0.9891,,,,,0.9927,,,,0.9434,,,,0.992,,0.9899,0.9579,,,,,,,,0.999,0.982,,,0.9965,0.9841,,,,,0.9912,,,,,,,0.998,0.9903,,,0.9876,0.9939,,,,,,,,,0.9711,,,,,,
OKForSanders,2,,,0.9584,,,,,,,,,,,,,,,,,,,,-0.9985,,,,,,,,,,,,,,,-0.9983,,,,,,,0.9995,,,,,,,,,,,,,,,,,,,,,,,,0.9706,0.9999,,,,,,,,,,,,,,,,0.9371,,,,,,,,,,,,,,1.0,,,,,-0.9976,,,,,,,,,,,,,,,-0.9982,,,0.9972,,,,-0.9969,,,,,,,,,,,,,,,0.9976,-0.9809,,-0.9984,,,-0.9982,,,,,,,,-0.9973,,,,,,,,,,,,,,,-0.998,,,,,,,,,,,,,,,,,,,,,,,,,,,,,,,,,
OregonForBernie,3,,,-0.9114,,,,,,,,,,,,,,,,,,,,-0.9967,,,,,,,,,,,,,,,-0.9973,,,,,,,0.9998,,,,,,,,,,,,,,,,,,,,,,,,0.9604,1.0,,,,,,,,,0.1406,,,,,,,0.9814,,,,,,,,,,,,,,1.0,,,,,-0.9951,,,,,,,,,,,,,,,-0.9974,,,0.9976,,,,-0.9979,,,,,,,,,,,,,,0.9943,0.9932,-0.7323,,-0.9652,,,-0.9983,,,,,,,,-0.9952,,,,,,,,,,,,,,,-0.9949,,,,,,,,,,,,,,,,,,,,,,,,,,,,,,,,,
UtahForSanders,4,,,0.9327,,-0.9927,,,,,,,,,,,,-0.9218,,,,,,-0.9874,-0.6857,,,,,0.872,,,,,-0.7654,,,-0.989,-0.9894,-0.8581,0.9296,-0.9785,,,,0.9998,,,-0.95,,,,,,-0.9944,0.9558,-0.9867,,0.9903,,-0.9899,,,,-0.9927,-0.9899,,0.9985,,0.993,1.0,-0.9653,,,,,,,,0.1406,,,-0.9897,,,,0.9703,,,,-0.9895,-0.9843,,,,,,,,,1.0,,,,,-0.9909,,,,,,,,-0.9823,-0.9378,-0.9924,-0.9871,-0.6534,,,-0.9927,,,0.9979,,-0.9838,0.899,,-0.9208,,,,,,,-0.9932,,,,,,0.9996,-0.9965,-0.9859,,,,,-0.9928,,,,-0.9866,,,,-0.9897,,0.9522,-0.986,,,,,,,,-0.989,-0.9927,,,-0.9915,-0.5036,,,,,-0.9461,,,,,,,,-0.9919,,,-0.9918,-0.9837,,,,,,,,,0.9334,,,,,,
VermontForBernie,5,,,0.9818,,,,,,,,,,,,,,0.9725,,,,,,0.8601,0.9446,,,,,0.9908,0.9604,,,,0.9812,,0.7398,,,0.9779,0.9926,,,0.985,,,,,,,,,,,,0.9864,,,0.999,,,,,,,,,,,0.9521,0.9998,0.9522,,,,,,,,0.1406,,,,,,0.9438,0.9761,,,,,,,,,,,0.9604,,,1.0,,,,,,,,,,,,,0.9688,0.9307,,,,,,,0.9782,,0.9987,,,0.9536,,0.9873,,,,,,,0.9967,,,,,,,0.9932,0.9796,,,,,,,0.8883,,,,,,,,0.994,,,,,,,,,,,,,,0.9887,,,0.83,,,,,,,,,0.9975,,,,,,,,,,,,,,0.9571,,,,,,
WAForSanders,6,,,0.9607,,,,,,,,,,,,,,,,,,,,-0.8527,0.9948,,,,,-0.8527,0.9843,,,,,,0.9916,,,0.9904,-0.8652,,,0.9967,,0.9993,,,,,,,,,,0.9947,,,0.993,,,,,,,,,,,0.9754,0.9999,-0.8921,,,,,,,,0.1406,,,,,,0.9922,0.9814,,,,,,,,,,,0.9946,,,1.0,,,,,,,,,,,,,0.9873,0.9935,,,,,,,0.9922,,-0.7875,,,0.9788,,,,,,,,,,,,,,,0.9881,0.9917,,,,,,,,0.9915,,,,,,,,0.99,,,,,,,,,,,,,,0.9417,,,0.996,,,,,,,,,0.999,,,,,,,,,,,,,,0.9871,,,,,,
WeAreNotAsking,7,,,,,,,,,,,,0.0,,,,,,,,,,,,0.4215,,,,,,,,,,,,,,,,,,,,,0.9899,,,,,,,,,,,,,-0.9998,0.9922,,,,,,,,,,,-1.0,,0.996,,,,-0.993,,,,,,,,,,0.9728,-0.9994,,,,,,0.0,,,,,,,1.0,,,,,,,,,,,,,,,,,,,,0.4215,,,,0.9994,,,,,,,,,0.9997,,,,,,,,-0.9985,,,,,,,0.4215,,,,,,0.4215,,,,,0.4215,,,,,,,,,,,,,,-0.8126,,,,0.4215,-0.9989,-0.1451,,,,,,,,,0.4215,,,,,,,,,,,,,,,,
NorthCarolina4Sanders,8,,,,0.9907,,0.9778,0.9553,,0.7754,0.9984,,,0.9917,,,0.9982,,,,,,0.9948,,,0.8966,0.836,,,,,,0.9961,0.9088,,0.9964,,,,,,,,,0.743,-0.9997,0.7876,0.9983,,,,,0.9953,,,,,0.3009,0.9969,,,0.9732,,0.7835,,,0.9956,,0.9927,,0.9999,,0.9986,0.6542,0.6882,0.743,,0.9986,,,,0.9733,,0.8268,0.3818,,0.9969,,0.9995,,,,,,0.9975,0.9952,,,,0.9525,,0.8402,0.9966,0.9994,,,0.9997,0.9505,0.996,0.9216,0.9829,,,,,,,0.6767,,0.9921,,,0.9669,0.9331,,,,,,,-0.2481,,0.9994,1.0,0.9879,-0.98,,,0.9509,,0.7041,0.9993,0.8529,,0.9972,,,,,,,,,0.9982,,0.1154,,,,,,,0.9013,0.9558,,0.8977,,,,,0.9965,,,,0.9971,,,,,,,0.9985,0.996,,,,,,,,0.899,0.978,0.9992,,0.743,0.9976,0.8772,0.6049,,0.9952,,,,,
WashingtonForSanders,9,,,,0.9903,,0.6638,0.9767,,0.4508,0.9604,,,0.9728,,,0.9978,,,,,,0.9548,,,0.7622,0.2732,,,,,,0.9849,-0.3252,,0.9967,,,,,,,,,0.2732,0.9986,0.2732,,,,,,0.9803,,,,,-0.3707,0.993,,,0.9617,,0.7539,,,0.9933,,0.974,,-0.7228,,0.9989,0.296,0.6979,0.2732,,,,,,0.9713,,0.6114,,,0.9909,,0.9994,,,,,,0.9963,,,,,0.8677,,0.807,0.9701,,,,0.9997,-0.8951,,,,,0.0,,,,,0.4515,,0.9987,,,0.9881,0.9591,,,,,,,,-0.9247,,0.9999,0.9533,,,,0.9547,,0.752,0.9991,0.9991,,0.9967,,,,,,,,,0.9994,,-0.5187,,,,,,,,0.9813,0.9785,0.9771,,,,,,,,,,,,,,,,0.9874,0.9924,,,,,,,,0.9956,,,0.9606,0.2732,0.9971,0.636,,,0.9949,,,,,0.9951
RealBlueMidterm,10,,,,,-0.7518,,,,,,,,,,,,,,,,,,,,,,,,,,0.9994,,,,,,,-0.7518,,,,,,,0.9994,,,,,,,,,-0.7518,,,,,0.5639,,,,,-0.7518,,,,,,1.0,,0.9999,,,,0.8401,,,,,,,,,,-0.7976,-0.9822,,,,,,0.9493,,,,,,,,,,,,,,,,,,,,,,,,,,,,,,,0.9997,,,,,,,,,1.0,,-0.9625,,,,-0.9874,,,,,,,,,,-0.496,,,,,,,,,,,,,,,,,,,,,,,,0.9531,,,,,,,,,,,,,,,,,,,,,,,,,,,,,,,
SanFranForSanders,11,,,,,0.907,,,,,,,,,,,,,,,,,,,0.998,,,,,,,,,,,,,-0.4273,0.9769,0.9936,,,,,,0.9989,,,0.9787,,,,,,0.9364,,,,0.9981,,0.8496,,,,-0.9993,0.9919,,,,,1.0,,0.9992,,,,,,,,,,-0.7802,,,,0.9842,,,,,0.8067,,,,,,,0.9822,,1.0,,,,,-0.36,,,,,,,,,0.984,0.8654,0.8907,,,,0.9512,,,,,,,,,,,,,,,0.9999,,,,-0.9434,,0.9937,,,,,,,0.905,,,,0.9507,,,,0.8552,,,0.9324,,,,,,,,0.9324,,,,0.9696,,,,,,-0.9499,,,,,,,,0.9814,,,0.9866,0.9435,,,,,,,,,,,,,,,
tytonreddit,12,,,,,,,,,,,0.9943,,,,,,,0.9649,,,,,,,,,,,,,0.8202,,,,,,,,,,,,,,-0.9965,,,,0.7623,,-0.7531,,,,,,,0.9941,,,,,,,,,,,,,,0.998,,,,,,,,,,,,,,,0.9961,,,,,,,,,,,,,1.0,,,,,,,,,,,0.9522,,,,,,,,,,,,,,,,,,,,,,0.9963,,,,,,-0.1171,,0.9998,,,,,,,,,,,,,,,,,,,0.902,,,,,,,,,,,,,,,,,,0.7191,-0.9944,,,,,,,,,,,,,,,,,,,,,,,,,
WayOfTheAloha,13,,,,,,,,,,,0.9028,,,,-0.9807,,,,,,-0.9967,,,,,,,,,,,,,,,,,,,,,,,,0.999,,,,,,,,,,,,,,,,,,,,,,,,,1.0,,,,,,,,,,,,,,,,,,,,,,,-0.128,,,0.9988,,,,0.9972,,,,,,0.999,,,,,,,,,,,,,,,,,,1.0,,,,,,,,,,,,,,,,,,0.6495,0.4877,,,,,,,,,,,,,,,,,,-0.8017,,,,,,,,,,,,,,,,,,0.3612,,,,,,,0.9925,,,,,,,,,,,,,,,,0.9494,,
PheelTheBern,14,,,,,,,,,,,,,,,-0.5955,,,,,0.6486,,,,,,,,,,,,,,,,,,,,,,,,,,0.5579,,,,0.9994,,,0.9939,,,,,0.9992,,,,,,,,,,,,0.9999,,,,,,,,,,,,,,,,0.9764,,,,,,0.9928,,,,,,,,,,,,0.8102,,0.9995,,,,,,,,,,,,0.9999,-0.5514,,,,0.9969,,,,,,0.9346,,,,0.9996,,,,,,,0.8371,0.9585,0.9916,,,,,,,,,0.7702,,,,,,,,,0.9857,,,0.9778,,,,,,0.9852,,,,,,,,,,,,,0.9854,,,,,,,,,,,,,,,,,,,,0.9709,,
RedactedTonight,15,,,,,,,,,,,,,,,-0.9616,,,,,,,,,,,,,,,,,,,,,,,,,,,,,,,,,,,,,,,,,,,,,,,,,,,,,,,-0.9988,,,,,,,,,,,,,,,,,,,,,,,,,,,,,,1.0,,,,,,,,,,,,,,,,,,,,,,,-0.5216,,,,,,,,,,,,,,,,,,,-0.9618,,,,,,,,,,,,,,,,,,,,,,,,,,,,,,,,,,,,,,,,,,,,,,,,,,,,,,,,,,,,0.9671,,
NewYorkForSanders,16,,,,,,,,,,,,,,,,,,,0.0,,,,,,,,,,,,,-0.6805,,,,,,,,,,,,0.7506,,0.743,0.9983,,,,,,,,,,,,,,,,,,,,,,,,,,0.5859,,,,,,,,,,,,,,,,,,,,,,,,,,,,0.9117,,,,,,0.9543,,,0.9761,,,,,,,,,,,,,0.9852,,,,,,,,,,,,-0.7835,,,,,,,,,,,,,,,,,,,,,,,,,,,,0.9521,,,,,,,,,,,,,,,,,0.9781,,,,,,,,,,,,,0.9606,,,0.8687,0.6049,,,,,,0.5859,
PhoenixForSanders,17,,,,,,,,,,,,,,,,,,,,,,,,0.9886,,,,,,0.9438,,,,,,,,,,,,,-0.9915,,0.9986,,,,,,,,,,,,,0.9987,,,,,,,,,,,,1.0,,-0.9462,,,,,,,,,,,,,-0.9083,-0.4826,,,,,,,,,,,,,,0.9999,,,,,,,,,,,,,,,,,,,,,-0.9728,,,,,,,,,,,,,,0.9984,,,,,,0.98,,,,,,,,,,,,,,,,,,,,,,,,,,,,,,,,,,,,,,,,,,,0.999,,,,,,,,,,,,,,,,,,,,
SanJoseForSanders,18,,,,,,,,,,,,,,,,,,,,,,,,0.9995,,,,,,0.9989,,,,,,,,,0.9771,,,,,,0.9995,,,,,,,,,,,,,0.9983,,,,,,,,,,,,1.0,,0.998,,,,,,,0.1406,,,,,,0.9985,0.8749,,,,,,,,,,,,,,1.0,,,,,,,,,,,,,,0.9955,,,,,,,0.9988,,,,,,,,,,,,,,,,,,,,0.998,,,,,,,,,,,,,,,,,,,,,,,,,,,,,,,,,,,,,,,,,,,0.9998,,,,,,,,,,,,,,,,,,,,
PortlandForSanders,19,,,,,,,,,,,,,,,,,,,,,,,,,,,,,,0.9931,,,,,,,,,,,,,0.9937,,0.9998,,,,,,,,,,,,,0.9986,,,,,,,,,,,,,,0.9994,,,,,,,0.1406,,,,,,0.9859,0.9212,,,,,,,,,,,,,,1.0,,,,,,,,,,,,,,,,,,,,,0.9976,,,,,,,,,,,,,,0.9998,,,,0.9944,,0.9777,,,,,,,,,,,,,,,,,,,,,,,,,,,,,,,,,,,,,,,,,,,0.997,,,,,,,,,,,,,,,,,,,,
PortlandiaForSanders,20,,,,,,,,,,,,,,,,,,,,,,,,,,,,,,,,,,,,,,,0.9953,,,,,,0.9997,,,,,,,,,,,,,0.9988,,,,,,,,,,,,,,0.9989,,,,,,,,,,,,,-0.9969,0.815,,,,,,,,,,,,,,1.0,,,,,,,,,,,,,,0.9962,,,,,,,,,,,,,,,,,,,,,0.9998,,,,0.365,,0.999,,,,,,,,,,,,,,,,,,,,,,,,,,,,,,,,,,,,,,,,,,,0.9964,,,,,,,,,,,,,,,,,,,,
OurPresident,21,,,,,,,,,,,,,,,,,,,,,,,,,,,,,,,,,,,,,,,,,,,,,-0.9966,,,,,,,,,,,,,,,,,,,,,,,,,1.0,,,,,,,,,,,,,,,,,,,,,,,,,,,,,,,,,,-0.8059,,,,,,,,,,,,,,,,,,,,,,,,,,,,,,,0.9987,,0.9726,,,,,,,,,,,,,,,,,,,,,,,,-1.0,,,,,,,,,,,,,,,,,,,,,,,,,,,,,,,,,,,,,,,,1.0,,,
PhillyForSanders,22,,,,,,,,,,,,,,,,,,,,,,,,,,,,,,,,,,,,,,,,,,,,,0.9989,,,,,,,,,,,,,0.998,,,,,,,,,,,,0.9999,,0.9994,,,,,,,,,,,,,,0.9602,,,,,,,,,,,,,,1.0,,,,,,,,,,,,,,,,,,,,,,,,,,,,,,,,,,,0.9991,,,,-0.6953,,0.7174,,,,,,,,,,,,,,,,,,,,,,,,,,,,,,,,,,,,,,,,,,,,,,,,,,,,,,,,,,,,,,,
tulsi,23,,,,,,,,,,,,,,,,,,,,,,,,,,,,,,,,,,,,,,,,,,,,,-0.9998,,,,,,,,,,,,,,,,,,,,,,,,,,,,,,,,,,,0.994,,,,,,,0.8071,,,,,,,,,0.9952,,,,1.0,,,,,,,,,,,,,,,,,,,,,,,,1.0,,,,,,,,,,,,,,,,,,0.9987,-0.0444,,,,,,,,,,,,,,,,,,,,,,,0.0,,,,,,,,,,,,-0.9987,0.9015,,,,-0.872,,,,,,,,,,,,,,,,,,,,,
seculartalk,24,,,,,,,,,,,,,,,,,,,,,,,,,,,,,,,,,,,,,,,,,,,,,,,,,,,,,,,,,,,,,,,,,,,,,,1.0,,,,,,,,,,,,,,,,,,,,,,,,,,,,,,,,,,,,,,,,,,,,,,,,,,,,,,,,,,,,,,,,,,,,,,,,,,,,,,,,,,,,,,,,,,,,,,,,,,,,,,,,,,,,,,,,,,,,,,,,,,,,,,,,,,,,,,
