Index,Unnamed: 0,microdosing,ShittyTodayILearned,China,NewsOfTheUK,EV_Trading_Community,fucktheccp,Echerdex,TORONTOSTARauto,solar,Judaism,MysteryMedia,globalworldnews,goodnews,171771,WindandSolar,nature,EUnews,invisiblerainbow,TELEGRAPHauto,Fracking,Renewable,FringeTheory,cash_for_votes,EpsteinFakedHisDeath,BBCauto,HailCorporate,UnbiasedCanada,AlternativeHistory,ndp,ottawa,ClimateActionPlan,MBTItypings,EngineeringPorn,holofractal,northkorea,Wildlife,DamnInteresting,EnoughMuskSpam,teachingresources,AIandRobotics,RIPtodayilearned,Dicamba,xrmed,reptilians,Europer,LockCarbon,wikipediaafdwatch,Calgary,NationalPark,conservation,abetterworldnews,science,Ancientknowledge,alienbeings,MarchForScience,selfreliance,geopolitics,EpsteinMurder,Winnipeg,OVNIs,CBC2,WorldNews_Serious,uwaterloo,climateskeptics,UNAgenda21,environment,Archaeology,TheChinaNerd,bestOfReddit,EducativeVideos,MarshallBrain,WikipediaFeatured,AlienEncounters,HumansAreMetal,wanttobelieve,OccultConspiracy,CBSauto,Renewable_Energy_News,CoronavirusUK,History_Mysteries,The_Farage,AnomaliesUnleashed,Cryptozoology,Humanoidencounters,RenewableNews,Unexplained,NewsHub,UKNewsByABot,Stock_Picks,VixensofReddit,Sustainable,feminisms,TwoXChromosomes,symboliclogic,AncientAliens,Psychedelics,SupernaturalEncouners,AliensAndUFOs,GMONews,alien,likeus,MysteriousUniverse,GMOinfo,InquisitorCOC,prochoice,hockey,CDNNEWS,LockdownSkepticism,ontario,DebateVaccines,RealLifeConspiracy,hrvatska,TheDollop,extraterrestrials,ChannitTodayILearned,funfacts,ExposeTheCult,TIL_Uncensored,GypsyRoad,YYC_Calgary,perestroika_pw_org,ancienthistory,Canada_Politics,ChurchOfCOVID,veganuk,AustraliaLeftPolitics,policeuk,Africa,nCoV,CVS,LPOTL,ExCons,DanLeBatardShow,childfree,scandinavia,bookdownloads,Covid19Australia,GUARDIANauto,alberta,ClimateChaos,AlternativeHealth,bigfoot,COVID19ORIGINS,RenewableEnergy,Uyghur,HighStrangeness,Lapdogs,espionage,littlenews,censoredreality,Brazil,human_rights,Canadian_News,ConservativeKiwi,CoronaVirusMontreal,prolife,NuclearPower,TakeTheJab,CoronavirusDownunder,AncientTruehistory,LandscapingTips,decarbonize,banned4life,Health,theories,WitchesVsPatriarchy,canada,cars,ForteanResearch,mindblowing,Isis,PostScarcityNow,interesting,Infuriating,Coronavirus_Ireland,elonmusk,AutoNewspaper,TheColorIsBlue,AntiMonsanto,TargetedEnergyWeapons,Atlanta,uknews,UnexplainedPhenomena7,10Provinces,water,Maxwells,COVID19,CanadaCoronavirus,TheContacted,ImpressiveStuff,Crops,longevity,AllergyToNews,ukeducation,RedditSample,wind,theunexplained,AGENDA21,OntarioNews,energy,ThisDayInHistory,Futurology,BackToSchoolDeals,InNews,Zampano,ScienceUncensored,britishcolumbia,organic,RadioQuietZone,todayiread,ShrugLyfeSyndicate,EvolveSustain,FightingFakeNews,UFOdocumentaries,ZeroWaste,fascinating,vancouver,conspiracies,anime_titties,TinFoilHatPod,REUTERSauto,CoronavirusStraya,canadahousing,open_news,GMOcancer,RedditDayOf,farming,sustainability,neuronaut,CCP_virus,contamination,renseignement,OVNI,ChunghwaMinkuo,Documentaries,Communalists,conspiracy_commons,CanadaPolitics,WikipediaRandomness,CosmicDisclosure,conspiracydocumentary,Green_News,ExposingConspiracy,EverythingScience,EndangeredSpecies,archeologyworld,ImagesOfCanada,MMCivics,AusCOVID19,CulturalLayer,FreeTheUyghurs,worldanarchism,bioscience,BretWeinstein,mildlycreepy,teslamotors,prisons,DimensionJumping,vegetarian,todayilearned,EpsteinAndFriends,UFOs,television,TheGreatDeception,afghanistan,2XChromies,women,NaturalGas,starseeds,SBTcommunity,CoronavirusFOS,Insane_News,AnythingOntario,laptops,OntarioCanada,China_Debate,Ghislaine,CredibleDefense,russiawarinukraine,singapore,FreedomConvoy2022,PublicLands,WomenInNews,tangentiallyspeaking,occult,BizarreConspiracy,framework,CHICAGOTRIBauto,UFObelievers,cryptids,IntlScholars,WorldCulture,CanadaBusiness,ADVChina,GMOfaiL,ClimateNews,uncensorship,knowyourshit,Disinfo,Epstein,wheresthebeef,climate,radiOrbit,teslainvestorsclub,UfoResearchTeam,Cascadia,Psychonaut,FauciForPrison,dontyouknowwhoiam,HTauto,Alien_Theory,UF0,Sapienism,AbolishTheMonarchy,JihadInFocus,Spycraft101,CelebrityBornToday,CanadianConservative,toronto,sciences,FolkloreAndMythology,UPFORFUN,onguardforthee,2ndIntelligentSpecies,GretaThunberg,Foreign_Interference,Feminism,borntoday,chaoticgood,wikipedia,glyphosate,darkfacts,ThisBlewMyMind,HydroHomies,AntiSci,myfavoritemurder,Full_news,Infrastructurist,quatria,INDEPENDENTauto,Positive_News,EnviroNews,TheNativeDissident,vegan,nonmurdermysteries,EnvironmentalNews,solarpunk,terrorism,3dayweekend,Catholicism,NewOrleans,EcoNewsNetwork,CCPSpyWatch,blowit,NewColdWar,portugueses,SurveillanceStalking,DisclosureOfEvil,CreepyWikipedia,NewsStream,infuriatingasfuck,strange,dominionofcanada,GrahamHancock
Futurology,0,0.9885,,0.9965,,,,,,,,,,0.9984,,0.6534,,,,,,,,,,,,,,,,0.9998,,0.9988,,,,,0.9776,,0.8591,,,,,,-0.6486,,,,,,0.9999,,,,,,,,,,,,-0.9977,,,,,,,-0.5574,,,,,,,,,,,,,,,,,,,,0.9956,,,,,0.7551,,,,,,,,,,,,,,,,,,,,,,,,,,,,,,,,,,,,,,,,,,,0.9965,0.9601,,,,0.9999,,,,,,,,,,,,,,,,,,0.9274,,0.9948,,,0.9999,0.9998,,,,0.8941,,,,0.9991,0.9958,,,,,,,,,,,,,,,0.9906,,,,,,,,,,,,,,,,,,,,0.9649,,,0.9982,,,,,,,,,,,,0.9997,0.9999,,,,,,,,-0.8882,,,,,,0.9607,,1.0,,,,,,,,0.2023,,,,1.0,,,,,,,,,,,,,,,,,,,,,,,,,,,,-0.9252,,,,,,,,,,,,,,,,,0.9967,0.9998,,,,,,,,,,,-0.6544,,,,,,,1.0,,,,0.0,,,,,,,,,,0.8016,,,,-0.9486,,,0.9977,,,0.9958,,,0.9935,,0.7783,,,0.9872,,,,,,,,,,,,
todayilearned,1,,0.2668,,,,,,,,0.9983,,,,,,,,,,,,,,,,0.966,,,,,,,,,,,,,,,0.9955,,,,,,,,,,,-0.9991,,,,,,,,,,,,,,0.9826,,,0.1838,,,,,0.6392,,,,,,,,,,,,,,,,,,,,,,,,,,,0.9959,,,,,0.9998,,,,,,,0.9364,,,-0.7055,,0.9997,,,,,,,,,,,,,-0.9788,,0.8597,,,,,,,,,,,,,,,,,,,,,,,,,,,,,,,,,,,,,,,,,,,,,,,,,,,,,,,,,,,,,,,,,,,,0.0,,0.8452,,,,,,,0.3612,,,,,0.5505,,,,,,,,,,,0.9937,,,,,,,,,,,,,,,,,,,,,,,,,,,,,,,,,,,,,0.9999,,,,,,,,,,,,,,,,,,,,,,,,,,,,,,,,,,,0.8524,,,,,,,,,,,0.99,,,,,,,,-0.9041,,,,,,,,,,,-0.3237,0.8869,0.9976,,0.9636,,,,-0.9894,,,,,,,,-0.9411,,,,,,0.9915,-0.8182,0.9678,,,,,,,0.9956,,,,,
canada,2,,,-0.9916,,,,,,,,,,,,,,,,,,,,,,,,-0.9402,,0.9989,-0.9999,,,,,,,,,,,,,,,,,,0.9997,,,,,,,,,,,0.9999,,,,0.9945,,,,,,,,,,,,,,,,,,,,,,,,,,,,,,,,,,,,,,,,,,,,,-1.0,-1.0,,,,,,,,,,,0.9911,,,-0.8976,,,,,,,,,,,,,,,,-0.9997,,,,,,,,,,,,,,0.9894,,0.9953,,,,,,,,,,,,,,,,,,,,,,0.875,,,,,,,,,,,0.9999,,,,,,,,,,,,,,,,,,,-0.9985,,,,,,,,,,0.9998,,0.901,,,,-0.9959,,,,,,,,,,,,,,,1.0,,,,,,,,,0.9995,,,,,,,,,,,,,,,,,,,,,,,,,,-0.4767,,-0.9999,,,,,,,,,,,,,,,,,,0.9959,,,,,,,,,,,,,,,,,,,,,,,,,0.9751,-0.9974,,,,,,,,,,,,,,,,,,,,,,,,,,,,,,,,,,,,,,,,,,,,0.9688,
Counterterrorism,3,,,-0.9936,,,,,,,,,,,,,,,,,,,,,,,,,,,,,,,,,,,,,,,,,,,,,,,,,,,,,,0.9844,,,,,,,,,,,,,,,,,,,,,,,,,,,,,,,,,,,,,,,,,,,,,,,,,,,,,,,,,,,,,,,,,,,,,,,,,,,,,,,,,,,,,,,,,,,0.0,,,,,,,,,,,,,,,,,,,,,,,0.0,,,,,,,,,,,,,,,,,,,,,,,,,,,,,,,,,,,,,,,,,,,,,,,,-0.9999,,,,,,,,,,,,,0.296,,,,,,,,,,,,,,,,,,,,,,,,,,,,,,,,,0.9343,,,,,,,,,,,,,-0.9997,,,,,,,,,,,,,0.807,,,,,,,,,,,,,,,,,,,,,,,,0.0,,,,,,,,,,,,,,,,,,,,,,,,,,,,,,,,,-0.9997,,,,,,,,,,,,,,,,
craftofintelligence,4,,,0.9999,,,-0.9557,,,,,,,,,,,0.9558,,,,,,,,,,,,,,,,,,-0.4234,,,,,,,,,,,,,,,,,,,,,,0.9999,,,,,,,,,,,0.0,,,,,,,,,,,,,,,,,,,,,,,,,,,,,,,,,,,,,,,,,,,,,,,,,,,,,,,,,,,,,,,,,,,,,,0.0,,,,,,,,,,0.9843,,,,,,,,,,,,,,,,,,,,,,,,,,,,,0.7512,0.8458,,,,,,,,,,,,,,,,,,,,,,,,,,,,-0.4247,,,,,,,,,,,,,-0.9974,,,,,,,,,,,0.9986,,0.784,,0.8857,,,,,,,,,,,,,,,,,,,,,,,,,,,,,,,,,,,,,-0.9939,,,,,-0.9989,,,,,,,,,,,,,,,0.1531,,,,,,,,0.0,,,,,,,,,,,,,,,,,0.9939,,,,,,,,,,0.8188,,,,,,,,,,,0.9525,,,,,,,,,,,,,,,,,,-0.98,,-0.9716,,,,,,,
DamnInteresting,5,,,0.9937,,,,,,,,,,,,,-0.5419,,,,,,,,,,,,,,,,,,,,,,,,,,,,,,,,,,,,0.9963,,,,,,,,,,,,,,-0.9965,0.999,,,,0.9789,,,,,,,,,,,,,,,,,,,,,,,,,,,,,,,,,,,,,,,,,,,,,,,,,,,,,,,,,,,,,,,,,,,,,,,,,,,0.9227,,,,,,,,,,,,,,,,,,-0.8607,,,,,,,,,,,,,-0.9419,,,,,,,,,,,,,,,,,,,,,,,,,,,,,,,,,,,,,,,,,,,,,,,,,,,,,,,,,,,,,,,,,,,-0.9998,,,,,,,,,,,,,,,,,,,,,,,,,,,,,,,,,,,,,,,,,,,,,,,,,,,,,,,,,,0.9978,,,,,,,,,,,-0.7752,,,,,,,-0.7883,,,,,,,,,,,,,,,,,,,,,,,,,,,,,,,,0.0,,,,,,,,,,,,
Full_news,6,,,-1.0,,,,,,,,,,,,,,,,,,,,,,,,,,,,,,,,,,,,,,,,,,,,,,,,,,,,,,,,,,,,,,,,,,,,,,,,,,,,,,,,,,,,,,,,,,-0.9554,,,,,,,,,,,,,,,,,,,,,,,,,,,,,,,,,,,,,,,,,,,,,,,,,,,,,,,,,,,,,,,,,,,,,,,,,,,,,,,,,-0.5579,,,0.998,,,,,,,,,,,,,,,,,,,,,,,,,,,,,,,,,,,,,,,,,,,,,,,-0.995,,,,,,,,,,,,,,,,,,,,,,,,,,,,,,,,,,,,,,,,,,,,,,,,,,,,,,,,,,,,,,,,,,,,,,,,,,,,,,,,,,,,,,,,,,,,,,,,,,,,,,,,,,,,,,,,,,,,,,,,,,,,,,,,,,,,,,,,0.8402,-0.9793,,,
GUARDIANauto,7,,,-0.9994,0.9681,,,,,,,,,,,,-0.9916,,,,,,,,,,,,,,,,,,,,,,,,,,,-0.8645,,,,,,,,,-0.9996,,,,,,,,,,,,-0.9977,,,,,,,,,,,,,,,0.9993,,,,,,,,,,,,-0.9801,,,,,,,,,,,,,,,,,-0.999,,,,,,,,,,,,,0.599,,,,,-0.9977,,,,,,,,,,,,,,-0.6133,,,,,,,,,-0.4767,,,,,,,,,,,,,,,-0.9971,,,-0.9982,,,,,,,,,,,,0.3182,,,-0.997,,,,,,,,,,,,,-0.9097,,,,,,,,,,,,,-0.9758,,,,-0.9793,,,,,,,-0.9997,,,,,,,,,0.9888,,,,,,,,-0.9264,,,,,,0.0,,-0.9989,,,,,,,,-0.9816,0.0,,,,,,,,,,,,,,,,,,,,,,,,,,,,,,,,,,,,,,-0.9801,,,,,,,,,,,-0.9996,,,,-0.999,,,,,,,,,,,,,,0.361,,,,,,,,,,,,,,-0.4098,,,,,,,0.593,,,0.9998,,,-0.9781,,,,,-0.946,,,,,,,,,,,,
humanrights,8,,,-1.0,,,-0.9991,,,,,,,,,,,,,,,,,,,,,,,,,,,,,,,,,,,,,,,,,,,,,,,,,,,,,,,,,,,,0.1901,,,,,,,,,,,,,,,,,,,,,,,,,,,-0.9986,,,,,,,,,,,,,,,,,,,,,,,,,,,,,,,,,,,-0.9971,,,,,,,,,,,,,,,,,-0.9902,,,,,,,0.4019,,,,,,,,,,,,,,,,,,,,,,,,,-0.4767,,,,,,,,,,,,,,,,,,,,,,,,,,,,,,,,,,,,,,,,,,-0.9995,,,,,,,,,,,-0.9987,,,,,,,,,,,,,,,,,,,,,-0.8427,,,,,,-0.9204,,,,,,,,,,,,,,,,,,,0.7256,,,,,,,,,,,,,,,,,,,,,,,,,,,,,,,,,,,,,,,,,,,,,,,,,,,,,,,,,,,,,,,,,,,,,,,,,,,,,,,,,,,,,,,,
mcX,9,,,-0.9979,,,,,,,,,,,,,,,,,,,,,,,,,,,,,,,,,,,,,,,,-0.9299,,,,,,,,,1.0,,,,,,,,,,,,,,-1.0,,,,,,,,,,,,,,,,,,,,,,,,,,,,,,,,,,,,,,,,,,,,,,,,,,,,,,,,,,,,,,,,,,,,,,,,,,,,,,,,,,,,,,,,,,,,,,,,,,-0.6117,,,,,,,,,,,,,,,,,,,,,,,,,,,,,,,,,,,,,,,,,,0.999,,,,,,,,,0.9981,,,,,,,,,,,,,,,,,,,,,,,,,,,,,0.9993,,,,,,,,,,,,,,,,1.0,,,,,,,,,,,,,,0.9971,,,,,,-0.9999,,,,,,,1.0,,,,,,,,,,,,,,,0.9018,,,,,,,,,,,,,,,,,,,,,,,,,,,,,,,,,,,,,,,,,,0.9983,,,-0.9786,,,,,-0.6161,,,,,,,,,,,,
ScienceUncensored,10,,,-0.9999,,,,,,,,,,,-0.9815,,,,,,,,,,,,,,,,,,,,,,,,,,,,,,,,,,,,,,1.0,,,,,,,,,,,,0.9962,,,,,,,,,,,,,,,-0.9962,,,,,,,,,,,,,,,,,,,,,,,,,,,,,-0.9996,,-0.9996,,-0.951,,,,,,,,,,,,0.9746,,,,,0.8555,,,,,,,,0.9116,,,,,,0.7506,,,,,,,,,,,0.9933,,,,-0.9918,-0.9987,,,,,-0.9987,,,,,,,,,,,0.9835,,0.8221,-0.888,,,,,,,,,0.9998,,,,,,,,,,,,,0.9903,,,,,,,,,,,,,0.8933,,,,,,0.9579,,,0.2732,,,,,,,,,,,,,,,0.994,,,,,,,1.0,,,,,,,,,,-0.6228,,,,,,,,,,,,,,,,,-0.9595,,,,,,,,,,,,,,,,,,,,,,,0.8342,,,,,,,,0.9978,-0.8462,,,,,0.9144,,,,,,,,,,,,0.8011,,,,,,,,,,,,,,,,,,,,,,,,0.9897,,,,,,,,,,,,-0.9923,,,,,,,,
TheColorIsBlue,11,,,-0.9998,-0.8126,,,,,,,,,,,,-0.9945,,,,,,,,,,,,,,,,,,,,,,,,,,,,,,,,,,,,0.9993,,,,,,,,,,,,,,,,,,,,,,,,,,,,,,,,,,,-0.9926,,,,,,,,,,,,,,,,,,,,,,,,,,,,,,,,,,,,,,,,,,,,,,,,0.3736,,,,,-0.8949,,,,,,,,,,,,,,,,,,,,,,,,,,,,,,,,,,,,,,,,,,0.9807,,,,,,,,,,,,,-0.9716,,,,,,,,,,,,,,,,,,,,,,,,0.9977,,,,,,,,,,,,,,,,,-0.9753,,,,,,,,-0.9975,,,,,,,,-0.6808,,,,,,,,,,,,,,,,,,,,,,,,,,,,,,,,,,,,,,,,,,,,,,,,,,-0.9767,,,,0.9517,,,,,,,,,,,,,,,,,,,,,,,,,,,,,,,,,,,,,,,,,,,,,,0.9881,,,,,,,,,,,,
UKNewsByABot,12,,,-0.9996,,,,,,,,,,,,,,0.9845,,,,,,,,,,,,,,,,,,,,0.9857,,,,,,-0.8948,,,,,,,,,-0.9999,,,,,,,,,,,,,,-0.9999,,,,,,,,,,,,,-0.9997,,,,,,,,,,,,,,,,,,,,,,,,,,,,,-0.9998,,0.9204,,,,,,,,,,,-0.7236,,,,0.9327,,-0.9937,,,,,,,,,,,,,,,,,,,,,,,,-0.9825,,,,,,,,,,,,,0.9991,,,,,,,,,,,,,,,,,,-0.2444,,,,,,,,,,,,0.0,0.0,,,,,,,,,,,,,,,,,-0.8319,,,,,,,-0.9998,,,,,,,,,,,,,,,,,,,,,,,0.3875,,,,,,,,,,0.5574,,,,,,,,,,,1.0,,,,,,,,,,,,,,,,,,,,0.5782,,,,,,,,,,,,,,,,,,,0.7695,,,,,,,,,,,,,,,,,,,,,,,,,0.9943,,,,,,,,,,,,,,,,,-0.9984,,,,,,,,-0.9762,,,,,,,,,,,,
energy,13,,,,,,,,,0.9999,,,,,,0.0,,,,,,0.9973,,,,,,,,,,0.9999,,,,,,,,,,,,,,,,,,,,,,,,,,,,,,,,,,,,,,,,,,,,,,,-0.2289,,,,,,,,,,-0.3875,,,0.984,,,,,,,,,,,,,,,,,,,,,,,,,,,,,,,,,,,,,,,,,,,,,,,,,0.296,,,,1.0,,,,,,,,,,,,,-0.9916,,,,,,,,,,,,,,,,,,,,0.716,-0.3875,,,,,,,,,,,,,,,,,,0.9775,,,,,,,,,,,,,,,,-0.2091,,,,,,,,,,,,,,,,,,,,,,,,,,,,,,-0.6573,,-0.9477,,,,,,,,,,,,1.0,,,,,,,,,,,,,,,,,,,,,,,,,,,,,,,,,,,,,,,,0.9201,,,,,,1.0,,1.0,,,,,,,,,,,,,,,,,,,,,,,,,,,,,,,,,,0.9935,,,,,,,,,,,,,,0.0772,,,,,,,,,,,,
classified,14,,,,,,,0.0,,,,-0.7399,,,,,,,,,,,,,,,,,0.9987,,,,,,,,,-0.5267,,0.5365,,,,,0.0573,,,,,,,,,0.0,-0.7184,,,,,,,,,,,,,,,,0.4238,,,0.0,,0.9928,0.8334,,,,0.0,,0.9128,0.9349,0.9999,,,,,,,,,,,-0.6074,,0.5423,0.9931,,-0.1306,,0.8601,,,,,,,,,-0.88,,,0.9893,,,-0.8074,-0.9445,0.0,,,0.4019,,,,,,,,,-0.9928,,,,,,,0.2678,,,,0.9994,,,,1.0,,,,,,,,,,,,,,-0.531,,,,,-0.9419,,,,-0.8129,0.8883,,,0.5292,,,,0.0,-0.1531,,,,,-0.5859,,,,,,-0.6948,0.4676,,,,,,,-0.9923,,,,,1.0,,,,-0.8501,,,,,,,,-0.5932,,-0.3102,,0.6527,,-0.4871,,,,,,,,,,,,,,,,,-0.9871,,,0.6848,,,-0.6486,-0.9699,,0.7672,,,,-0.508,,,,,-0.9914,,,,,,,1.0,,0.2694,,,,,0.9222,0.0,,,,,,,,,,,,,,,0.952,0.0,,,0.959,0.437,,,,,,,,,,,,,,,,,,,,,-0.8796,0.9997,,,,,,,,,,,,,,,,,,,,,0.8352,,,,,,,,,,,,0.9997,,,,,,,,,0.2942,,,,,,,,-0.9744,,0.9784
conspiracydocumentary,15,,,,,,,0.9349,,,,0.4445,,,,,,,,,,,0.237,,,,,,0.9968,,,,,,,,,,,,,,,,,,,,,,,,,,,,,,,,,,,,,,,,,,0.9718,,,,,0.9755,,,,,,,0.8672,,,,,,,,,,,,,-0.9869,,,0.6662,,0.6908,,,,,,,,,,,0.4767,,,-0.6428,,,,,,,,,,,,,,,,,,,,,,,,,,,,,,,,-0.7452,,,,,,,,,,,,,,0.0,,,,,0.4404,,,,,0.5859,,,0.0,,,,,,,,,,,,,,,,0.0,,,,,,,,-0.3315,,,,,,,,,,,,,,,,,-0.5411,,,,-0.7927,,,,,,,,,,,,,,,,,-0.9999,,0.973,,,,,,0.6944,,,,,,,,,,,,0.0,,,,,,,,,,,,,,,,,,,,,,,,,,,,,,,,,,,,,,,,,,,,,,,,,,,,,,,,0.9965,,,,,,,,,,,,,,,,,,,,,,0.1505,,,,,,,,,,,,,,,,,,,,,-0.7145,,,,,,,,-0.4767,,-0.3701
AutoNewspaper,16,,,,,,,,,,,,,,,,,,,0.34,,,,,,-0.9927,,,,,,,,,,,,,,,,,,,,,,,,,,,,,,,,,,,,,,,,,,,,,,,,,,,,0.6452,,,,,,,,,,,,,,,,,,,,,,,,,,,,,,,,,,,,,,,,,,,,,,,,,,,,,,,,,,,,,,,,,,,,,,,,,,,,,,,,,,,,,,,,,,,,,,,,,,,,,0.6833,,,,,,,,,,,,,,,,,,,,,,,,,,,,,,,,,,,,,,,,,,,,,,,,,,,,,,,,,,,,,,,,,,,,,,,,,,,,,,,,,,,,,,,,,,,,,,,,,,,,,,,,,,,,,,,,,,,,,,,,,,,,,,,,,,,,,,,,,,,,,,,,,,,,,,,,,,,,,,,,,,,,,,,,,,,,,,,,,,,,,,,,,,
TheNativeDissident,17,,,,,,,,,,,,,,-0.8126,,,,,,,,,,,,,,,,,,,,,,,,,,,,,,,,,,,,,,1.0,,,,0.9994,,,0.9873,,,,,-0.9968,,0.9975,,,,,,,,,,,,,,,,,,,,,,,,,,,,,,,,,,,,,,,,,,-1.0,-0.9997,-0.9988,,,,,,,,,,0.9799,,,,,,,,,,,,,,,,0.0,,,,,,,,,,,,,,,,,0.9153,,,,,,-0.9997,,,,,,,,,,,,,,,,,,,,,,,,,,,,,1.0,,,,,,,,,,,0.0,,,,,,,-0.9949,,,,,,,0.5263,,,,,,,,,,,,,,,,,,,,,,,,,0.9999,,,,,,-0.9807,,,,,,,,,,-0.8157,,,,,,,,,,,,,,,,,,,0.0,,-0.9997,,,,0.4871,,-0.9929,,,,,,,,,,,,,,,,,,,,,,,,,,,,,,,,,,,,,0.996,-0.9998,,,,-0.9998,,,,,,,,,,,,,,,,,,,,,,,,,,,,,,,,,,,,,,,,,
environment,18,,,,,,,,,,,,,,,,0.9923,,,,,0.8677,,,,,,,,,,0.9147,,,,,0.9195,,,,,,,,,,,,,0.9231,0.9906,,,,,0.9999,,,,,,,,,-0.9964,,,,,,,,,,,,,,,,,,,,,,,,,,,0.9832,,,,,,,,,,,,,,,,,,,,,,,,,,,,,,,,,,,,,,,,,,,,,,,,,0.8779,,,,0.9999,,,,,0.0,,,,,,,,,,,,0.8062,,,,,,,,,,,,,,,,0.9659,,,,,,,,0.9714,,,,,,,,,,,,,,,0.9998,,1.0,,,,,,,,,,-0.9883,,,1.0,,,,,,,,,,,,,0.9999,,,,,,,,0.9961,,,,,,0.6124,,-1.0,0.8999,,,,,,,,,,,,,,0.9926,,,,,,,,,-0.9486,,,,,,,,,,,,,,0.7906,,,,,,,,,,,,,,,,,,,,,,,,,,,,,,,,,,,,,,,,,,,0.9343,,,,,,,,,,,,,,,,0.9952,,,1.0,,,0.9995,,,,,,,,,,,,,,,,,
DigitalCartel,19,,,,,,,,,,,,,,,,,,-0.9998,,,,,,,,,,,,,,,,0.997,,,,,,,,,,,,,,,,,0.9292,,,,,,,,,,,,,,,,,,,,,,,,,,,,,,,,,,,,,,,,,,,,,,,,,,,,,,,,,,,,,,,,,,,,,,,,,,,,,,,,,,,,,,,,,,,,,,,0.9993,,,,,,,,,,,,,,,,,,,,,,,,,,,,,,,,,,-0.9961,,,,,,,,,,,,,,,,,,,,,,1.0,,,,,,,0.8738,,-0.5789,,,,,,,,,,,,,,,,,,0.6531,,,,,,,,,,,,,,,0.9591,,,,,,,,,,,,,,0.9983,,-1.0,,,,,,,,,,,,,,,,,,,,,,,,,0.9983,,,,,,,,,,,,,,,,,,,,,,1.0,,,,,,,,,,,,,,,,,,,,,,,-0.9996,,,,,,,,,,,,,,,,,,,,,,,,,,,,,,,,,,
corporatocracy,20,,,,,,,,,,,,,,,,,,,,-0.5719,,,-0.9382,,,,,,,,,,,,,,,,,,,,,,,,,,,,,,,,,,,,,,,,,,,,,,,,,,,,,,,,,,,,,,,,,,,,,,,,,,,,,,,,,,,,,,,,,,,,,,,,,,,,,,,,,,,,,,,,,,,-0.7351,,,,,,,,,,,,,,,,,,,,,,,,,,-0.9916,,,0.9999,,,,,,,,,,-0.7351,-0.7351,,,,,,,0.5909,,,,,,,,,,,,,,,-0.9749,,,,,,,,,,,,,,,,,,,,,,,,,,,,,,,,,,,,,,,,,,,,-0.9324,,,,,,,,,,,,,,,,,,,,,,,,,,,,,,,,,,,,,,,,,,,,,,,,,,,,,,,,,,-0.9998,,,,,,,,,,,,,,,,,,,,,,,,,,,,,,,,,0.3213,,,,,,,,,,,,,,,,,0.8369,,,,,,,,,,,,
Monsanto,21,,,,,,,,,,,,,,,,,,,,,,,0.2732,,,,,,,,,,,,,,,,,,,-0.9136,,,,,,,,,,,,,,,,,,,,,,,,,,,,,,,,,,,,,,,,,,,,,,,,,-0.9995,,,,,,,,0.5015,,,,0.7003,,,,,,,,,,,,,,,,,,,,,,,,,,,,,,,,,,,,,,,,,,,,,,,,,,,,,,,,,,,,,0.7,,,,,,,,,,,,,0.9907,,0.8796,,,,,,,,,,,,0.9317,,,,,,,,,,,,,,,-0.9989,,-0.9933,,,,,,,,,,,,,,,,,0.7184,,-0.9757,,,,-0.7798,,,,,,,,,,,,,-0.7189,,,,,,,,,-0.77,,,,,,,,,,,,,,,,,,,,,,,,,,,,,,,,,,,,,,,,,,-0.9639,,,,,,,,,,,,,,,,,,,,,,,,,,,,,,,,,,,,0.6659,,,,-0.9459,,,,,,,,-0.9977,,,,,,,,,-0.9552,,,,,,,,,,,,
Epstein,22,,,,,,,,,,,,,,,,,,,,,,,,-0.9275,,,,,,,,,,,,,,,,,,,,,,,,,,,,,,,,,,-0.2462,,,,,,,,,,,,,,,,,,,,,,,,,,,,,,,,,,,,-0.3404,,,,,,,,,,,,,,,,,,,,,,,,,,,,,,,,,,,,,,,,,,,,0.0,,,,,,,,,,,,,,,,,,,,,,,,,,,,,,,,,,,,,,,0.1597,-0.6701,,,,,,,,0.9875,,,,,,,,,,,,,,,,,,,,,,,,,,,,,,,,,,,,,,,,,,,,,,,,,,,-0.953,,,,,,,,,,,,,,,,,,,,,,,,0.9269,,,,,,,,,,,,,,,,0.3313,,,,,,,,,,,,,,,,,,,,,,,,,,,,,,,,,,,,,0.9973,,,,,,,,,,,,,,,,,,,,,,,,,,,,,,,,,,,,,,,,,,,,-0.8339,,,,,,
wikipedia,23,,,,,,,,,,,,,,,,,,,,,,,,,,,,,,,,,,,,,,,,,0.9904,,,,,,0.5106,,,,,,,,,,,,,,,,,,,,,,,,,,,,,,,,,,,,,,,,,,,,,,,,,,,,,,,,,,,,,,,,,,,,,,,-0.9995,,,,,,,,,,,,,,,,,,,,,,,,,,,,,,,,,,,,,,,,,,,,,,,,,,,,,,,,,,,,,,,,,,,,,,,,,,,,,,,,,,,-0.7379,,,,,,,,,,,,,,,,,,,,,,,,,0.4135,,,,,,,,,,,,,0.9949,,,,,,,,,,,,,,,,,,,,,,,,,,,,,,,,,,,,,,,,,,,,,,,,,,,,,,,,,,,,,,,,,,,,,,,,,,,,,,,,,,,,,,,,,,,,,,,,,,,,0.0,,,,,,,,,,,,,,,,,,,,-1.0,,,,,
abetterworldnews,24,,,,,,,,,,,,,,,,,,,,,,,,,,,,,,,,,,,,,,,,,,,,,0.0,,,,,,,,,,,,,,,,,,,,,-0.9899,,,,,,,,,,,,,,,-0.9969,,,,,,,,0.7326,,,,,,,,,,,,,,,,,,,,,,,,,,,,,,,,,,,,,,,,,,,,,,,,,0.7907,,,,,,,,,,,0.9638,,,,,,,,,,,,,,,,,,-0.9908,,,,,,,,,,-0.7698,-0.9884,,,,,,,,,,,,,,,,,,,,,,,,1.0,,,,,,,,,,,,,,,,,,,,,,-0.9953,,,,,,,,,,,,,,,,,,,,0.7832,,,,,,,,,,,,,,,,0.9999,,,,,,,,,,,,,,,,,,,,,,,,,,,,,,,,,,,,,,,,,,,,,,,,,,,,,,,,,,,,,,,,,,,-0.9011,,,,,,,,,,,,,,,,,,,,,,,,,,,,,,,,,,,,,
INDEPENDENTauto,25,,,,,,,,,,,,,,,,,,,,,,,,,,,,,,,,,,,,,,,,,,,,,,,,,,,,,,,,,,,,,,,,-0.9979,,,,,,,,,,,,,,,,,0.8627,,,,,,,,,,,,,,,,,,,,,,,,,,,,,,,,,,,,,,,,,,,,,,,,,,,,,,,,,,,,,,,,,,,,,,,,,,,,,,,,,,,,,,,,,,,,,,,,,,,,,,,,,,,,,,,,,,-0.7959,,,,,,,,,,,,,,,,,,,,,,,,,,,,,,,,,,,,,,,,,,,,,,,,,,,,,,,,,,,,,,,,,,,,,,,,,,,,,,,,,,,,,,,,,,,,,,,,,,,,,,,,,,,-0.9937,,,,,,,,,,,,,,,,,,,,,,,,,,,,,,,,,,,,,,,,,,-0.8222,,,,,,,,-0.714,,,,,,,,,,,,
conspiracyhub,26,,,,,,,,,,,,,,,,,,,,,,,,,,,,,,,,,,,,,,,,,,,,,,,,,,,,,,,,,,,,,,,,,0.7717,,,,,,,,,,,,,,,,,,,,,,,,,,,,,,,,,,,,,,,,,,,0.9997,,,,,,,,,,,,,,,,-0.8165,,,,,,,,,,,,,-0.9699,,,,-0.9977,,,,,,,,,,,,,,,,,,,,,,,,,,,,,,,,,,-0.9974,,-0.9633,-0.6486,,,,,,,,,,,,,,,,,,,,,,,,,,,,0.9933,,,,,,,-0.9999,,,,,,,,,,,,,,,,,,,,,,,,-0.9978,,,,,,,,,,,,,,,,,,,,,,,-1.0,,,,,,,,,,,0.9748,,,,,,,,,,,,,,,,,,,,,,,,,,,,,0.9948,,,,,,,,,,,,,,,,,,,,,,,,,,,,,,,,,,,,,,,,,,,,,,,,,,,,,,,,,,,,,,,,
CorporateMisconduct,27,,,,,,,,,,,,,,,,,,,,,,,,,,,,,,,,,,,,,,,,,,,,,,,,,,,,,,,,,,,,,,,,,,0.9987,,,,,,,,,,,,,,,,,,,,,,,,,,,,,,,,,,,,,,,,,,,,,,,,,,,,,,,,,,,,,,,,0.7766,,,,,,,,0.8779,,,,,,,,,,,,,,,,,,,,,,,,,,,,,,,,,,,,,,,0.9344,,,,,,,,,,,,,,,,,,,,,,,-0.9857,,,,,,,,,,,,,,,0.9968,,,,,,,,,,,,,,,,,,,,,,,,,,,,,,,,,,,,,,,,,,,,,,,,,,,,,,,,,,,,,,,,,,,,,,,,,,,,,,,,,,,,,,,0.6805,,,,,,,,,,,,,,,,,,,,,,,,,,,,,,,,,,,,,,,,,,-0.9507,,,,,,,,,,,,,,,,,,,,
ThisCantBeHappening,28,,,,,,,,,,,,,,,,,,,,,,,,,,,,,,,,,,,,,,,,,,,,,,,,,,,,,,,,,,,,,,,,,,-0.9961,,,,,,,,,,,,,,,,,,,,,,,,,,,,,,,,,,,,,,,,,,,,,,,,,,,,,,,,,,,,,,,,,,,,,,,,0.9821,,,,,,,,,,,0.6553,,,,,,,,,,,,,,,,,,,,,,,,,,,,0.9897,-0.8885,,,,,,,,,,,,,,,,,,,,,,,,-1.0,,,,,,,,,,,,,,,,,,,,,,,,,,,,,,,,,,,,,,,,,,,,,,,,,,,,,,,,,,,,,,,,,,,,,,,,,,,,,,,,,,,,,,,,,,,,,,,,,,,,,,,,,,,,,,,,,,,,,,,,,,,,,,,,,,,,,,,,,,,,,,,,,,,,,,,,,,,,,,,,,,
TwoXChromosomes,29,,,,,,,,,,,,,,,,,,,,,,,,,,,,,,,,,,,,,,,,,,,,,,,,,,,,,,,,,,,,,,,,,,,,,,,,,,,,,,,,,,,,,,,,,,,,-0.9991,,,,,,,,,,,,,-0.4865,,,,,,,,,,,,,,,,,,,,,,,,,,,,,-0.9983,,,,,,,,,,,,,,,,,,,,,,-0.9997,,,,,,,,,,0.9959,,,,,,,,,,,-0.9292,,,,0.9803,,,,,,,,,,,,,,,,,,,,,,,,,,,,,,,,,,,,,,,,,,,,,,,,,,,,,,,,,,,,,,,,,,,,,,,,,,,,,,,1.0,,,,,,0.0,-0.9981,,,,,,,,,,,,,,,,,,,,,,,,,,,,,,,,,,,,,,,,,,,,,,,,,,,,,,,,,,,,-0.9986,,,,,,,,,-0.9982,,,,,,,,,,,,,,,,,,,,,,,,,,,,
prisons,30,,,,,,,,,,,,,,,,,,,,,,,,,,,,,,,,,,,,,,,,,,,,,,,,,,,,,,,,,,,,,,,,,,,,,,,,,,,,,,,,,,,,,,,,,,,,,-1.0,,,,,,,,,,,,,,,,,,,,,,,,,,,,,,,,,,,,,,,-0.993,,,,,,0.25,,,,,,,,,,,,,,,,,,,,,,,,,,,,,,,,,,,,,,,,,,,,,,,,,,,,,,,,,,,,,,,,,,,,,,,,,,,,,,,,,,,,,,,,,,,,,,,,,,,,,,,,,,,,,,,,,,,,,,,,,,,,,,,,,,,,,,,,,,,,,,,,,,,,,,,,,,,,,,,,,,,,,,,,,,,,,,,,,,,,,,,,,,,,,,,,,,,,,,,,,,,,,,,,,,,,,,,,,,,,,,,,,,
conspiracy_commons,31,,,,,,,,,,,,,,,,,,,,,,,,,,,,,,,,,,,,,,,,,,,,,,,,,,,,,,,,,,,,,,,,,,,,,,,,,,,,,,,,,,,,,,,,,,,,,,,,,,,,,,,,,,,,,,,,,,,,,,,,,,,,,,,,,,,,,,,,,,,,,,,,,,,,,,0.9836,,,,,,,,,,,,,0.9995,,,,,,,,,,,,,,,,,,,,,,,,,,,,,,,,,,,,,,,,,,,,,,,,,,,,,,,,,,,,,,,,,,,,,,,,,,,,,,,,,,,,,,,,,,,,,,,,,,,,,,,,,,,,,,,,,,,,,,,,,,,,,,,,,,,,,,,,,,,,,,,,,,,,,,,,,,,,,,,,,,,,,,,,,,,,,,,,,,,,,,,,,,,,,,,,,,,,,,,,,
China,32,,,,,,,,,,,,,,,,,,,,,,,,,,,,,,,,,,,,,,,,,,,,,,,,,,,,,,,,,,,,,,,,,,,,,,,,,,,,,,,,,,,,,,,,,,,,,,,,,,,,,,,,,,,,,,,,,,,,,,,,,,,,,,,,,,,,,,,,,,,,,,,,,,,,,,,,,,,,,,,,,,,,,,,,,,,,,,,,,,,,,,,,,,,,,,,,,,,,,,,,,,,,,,,,,,,,,,,,,,,,,,,,,,,,,,0.9969,,,,0.8585,,,,,,,,,,,,,,,,,,,,,,,,,,,,,,,,,,,,,,,,,,-0.9983,,,,,,,,,,,,,,,,,,,,,,,,,,,,,,,,,,,,,,,,,,,,,,,,,,,,,,,,,,,,,,,,,,,,,,,,,,,,,,,,,,,,,,,,
edwardsnowden,33,,,,,,,,,,,,,,,,,,,,,,,,,,,,,,,,,,,,,,,,,,,,,,,,,,,,,,,,,,,,,,,,,,,,,,,,,,,,,,,,,,,,,,,,,,,,,,,,,,,,,,,,,,,,,,,,,,,,,,,,,,,,,,,,,,,,,,,,,,,,,,,,,,,,,,,,,,,,,,,,,,,,,,,,,,,,,,,,,,,,,,,,,,,,,,,,,,,,,,,,,,,,,,,,,,,,,,,,,,,,,,,,,,,,,,,,,,,,,-0.4667,,,,-0.715,,,,,,,,,,,,,,,,,,,,,,,,,,,,,,,,,,,,,,,,,,,,,,,,,,,,,,,,,,,,,,,,,,,,,,,,,,,,,,,,,,,,,,,,,,,,,,,,,,,,,,,,,,,,,,,,,,,,,,,,,,,
