Index,Unnamed: 0,Justfuckmyshitup,ShitLiberalsSay,goodlongposts,DankMemeArchive,funnyvideos,BeforeBedtime,perfectlycutscreams,traaaaaaannnnnnnnnns,Frisson,InsaneProtestors,maybemaybemaybe,reactiongifs,COMMUNISTDEMOCRACY,postcolonialism,GrandTheftAutoV,JoeRogan,iamverybadass,Masub,forwardsfromgrandma,evenwithcontext,absolutelynotme_irl,blackmagicfuckery,nvidia,TinyUnits,coventry,Kappa,titlegore,Infographics,photoshopbattles,Splatoon_2,Honkyandthebadger,BillBurr,modtalk_leaks,creepy,animalsdoingstuff,TopPussiesOfReddit,redditrequest,StonerCringe,EllenPaoIsAGrimyWhore,CountOnceADay,MURICA,TheKavernacle,GeorgeFloydRevolution,HKRising,ImagesOfIndiana,lingling40hrs,EnoughCommieSpam,see,australia,BakaNewsJP,wholesomememes,AnarchistPropaganda,LIHKG,KerbalAcademy,immigration,pokemon,BlackPeopleTwitter,therewasanattempt,AustralianPolitics,TrollXChromosomes,shittyfoodporn,trashy,TopPostOfTheYear,onejob,oregon,SubredditNN,Zoomies,oddlysatisfying,AgainstKarmaWhores,snow,Awww,weedstocks,meirl,eddit9yearsago,gifsthatkeepongiving,2meirl4meirl,PewdiepieSubmissions,fastfood,Badfaketexts,nocontextpics,change,gaybros,MusicInTheMaking,thisismylifenow,justforsocialmedia,MinasReddit,jacksonville,saraba2nd,AbruptChaos,depression_memes,News_Politics,technicallythetruth,wholesomepics,PortlandOre,tumblr,Ooer,PINAC,RedditCensorship,NotMyJob,yourmomshousepodcast,Augenschmaus,germany,DigitalItems,Art,circlebroke2,cats,ImagesOfTexas,Fuck_the_NRA,misc,Political_Tumor,newsokunomoral,snew,knightsofvictoria,AmIFreeToGo,pooptimevideos,AnimalsBeingDerps,Tendies,Firearms,awesome,MurderedByWords,SkateboardingIsStupid,notcirclejerk,TopPostOfTheMonth,freefolk,mildlypenis,funny,facepalm,REEEEEEEEEE,NLSSCircleJerk,mildlyinteresting,wholesomegifs,Pikabu,mildlyterrifying,CommentUnlock,misleadingthumbnails,CityPorn,aww,ChannitGaming,ich_iel,oddlyterrifying,Drama,RedditNews,TrashTag,CCW,hbomberguy,HongKongMei,instantkarma,wholesome,UnbiasedNews,ProtestBlizzcon,KerbalSpaceProgram,ChannitPics,NewsoftheNRA,blessedimages,Pareidolia,anarchy,MadeMeCry,FuckYouKaren,GoldfishMyth,adminhate,liberta,hmmm,mistyfront,MemeEconomy,UnitedWeStand,screenshots,forbiddensnacks,WorldProtests,watersmarkov,Eyebleach,lefttube,BlackLivesMatter,LaschesTeilen,AnythingGoesPics,ShitRedditSays,Ryan,mexico,awwwtf,BeardTube,UnexpectedlyWholesome,mealtimevideos,youseeingthisshit,AnimalsBeingJerks,confusing_perspective,DeliriumSC,MakeMeSuffer,Images,billiards,totallynotrobots,Celebs,ImagesOfThe2010s,WorldDailyTops,electionReformNews,FuckBlizzard,ContraPoints,guncontrol,cute,IllegallySmol,businesstalkdaily,bestof,195,ListOfComments,AVfMHotLinks,mildlyinfuriating,Pictures,reditr,News_Finance,ThisIsOurMusic,ChannitFunny,topofreddit,Cursed_Images,FoodPorn,BikiniBottomTwitter,HateSubsInAction,badphilosophy,FunnyandSad,UpvotedBecauseGirl,GTA,hmm,Residency,explain_undelete,thanosdidnothingwrong,florida,internetdrama,badparking,nbacirclejerk,catreactiongifs,ImagesOfNewZealand,EntitledBitch,InternetIsBeautiful,ChinaWatchNZ,joingreenRush,PeoplesMomentum,actuallesbians,WhatAboutSRS,imagesofalabama,uktrees,ItemShop,GrandTheftAutoV_PC,PKA,friendlyjordies,meta,comics,2meirl42meirl4meirl,upvotebecauseboy,the404,GlobalTribe,ACAB,redditisdeath,hittableFaces,gifs,LargeImages,CoronavirusMichigan,ChannitWholesomeMemes,trippy,holdmycatnip,Instantregret,RedditsGreatestHits,PhilippineTrees,circlejerk,liberalgunowners,eddit4yearsago,comedysewer,AnimalsBeingBros,yesyesyesno,rarepuppers,ENLIGHTENEDCENTRISM,notinteresting,HolUp,NintendoSwitch,Snorkblot,gunpolitics,Tinder,TheFightThatMatters,enemystands,ImagesOfNevada,redditdotcom,MIWeatherCircleJerk,soylent,fuqae,NoFap,ImagesOfAustralia,Perfectfit,ActualPublicFreakouts,OpenSeaNFT,pandyland,whowillbuildtheroads,japan,nonononoyes,FloridaMan,ShitPoliticsSays,TankieJerk2,im14andthisisdeep,EestiMentioned,defaultmods_leaks,fresh_funny,japannews,raimimemes,FreeHongKongNow,HKProtestFootage,JusticeServed,ShitThe_DonaldSays,TheBluePill,KCIS,RedditInTheNews,whitepeoplegifs,ofcoursethatsathing,switcharoo,Serendipity,awfuleverything,PeopleWhoSayHeck,TopMindsOfReddit,MMA,redditconspiracy,Hong_Kong,Pay_Respects,IASIP,crosspost,picsonly,Graffiti,newsokuexp,shareyourmusic,IllegallySmolCats,MadeMeSmile,MemeReserve,thanksihateit,Gamingcirclejerk,ProgrammerHumor,DunderMifflin,gtaonline,happycowgifs,ImagesOfIllinois,oknotizie,dankmemes,neveragainmovement,splatoon,TopMindsOfTMOR,straya,woahdude,Michigan,interestingasfuck,PoliceBrutality2020,webcomics,worldjerking,Oppression,japancirclejerk,GTAV,gif,MEOW_IRL,BestOfRetorts,MSsEcReTPoDcAsT,undeleteShadow,shittyreactiongifs,OrganicMarijuana,3dshacks,FragileWhiteRedditor,HelloInternet,WhitePeopleTwitter,SelfAwarewolves,Unexpected,Bossfight,Damnthatsinteresting,cursedcomments,KidsAreFuckingStupid,ImagesOfFlorida,AgainstHateSubreddits,Pikabushort,GifSound,LSD,CozyPlaces,teenagers,insanepeoplefacebook,postnationalist,chairmanpao,ArtJunkie,Portland,Alternative_Sob_Story,2ALiberals,WhatsWrongWithYourDog,whatisameem,hitanimals,4chan,longtail,no_sob_story,guessthesubreddit,exmotrees,PureFreakout,ImagesOfPennsylvania,newsokur,SubredditNNMeta,untrustworthypoptarts,neoconNWO,FunniestVideos,IdiotsFightingThings,BestOfNoPolitics,californiapolitics,PoliticalHumor,fakehistoryporn,beer,Kanye,NoEvidenceNoCrime,dankmemesdaily,DotA2,ufc,NoSillySuffix,cursed_postings,NormMacdonald,me_irl,TwoBestFriendsPlay,PoliticalHorrorStory,ApexVideos,ukraina,PublicFreakout,thefighterandthekid,FuckHKPopo,i_irl,Ellen_pao_hate,PrequelMemes,Neverbrokeabone,GunsAreCool,HumansBeingBros,underpopular,pics,absolutelynotmeirl,memes,NegativeWithGold,DeTrashed,ImagesOfMichigan,suicidebywords,RedditAlternatives,shitwivesdo,SubredditDrama,VOATinAction,ABCaus,AntiSemitismInReddit,OKmarijuana,weed,nextfuckinglevel,awfuleyebrows,ShamelesslyStolen,nocontext,shitpost,ImagesOfThe2000s,wholesomebpt,PsychedelicMentions,globalredditmeetupday,StonerEngineering,IndianEnts,budgetcooking,ProtectAndServe,trees,AutoBestOf,maybemaybeoriginal,ComedyCemetery,China_News,HighestQualityGifs,TopFrontpage,CinnamonToastKen,DepthHub,de,KarmaConspiracy,newsokuvip,ImagesOfNewYork,HighQualityGifs,PeopleFuckingDying,HongKongProtest,FeMRADebates,AccidentalWesAnderson,holdmybeer,supporthongkong,Petition,dontputyourdickinthat,ExpectationVsReality,validatemyopinions,circlejerkaustralia,undelete,extremelyinfuriating,witchlnx,DonutOperator,chicannabis,ledootgeneration,GifsYouCanHear,thegreatsub,Quebec,bread_irl,interesThing,ShitTheAdminsSay,Drone2Address,OnePiece,ImagesOfKansas,KerbalPlanes,Botchedsurgeries,humor,Police_the_Police_ACP,alabamapolitics,junkfood,Detroit,ThanksObama,clevercomebacks,JustsayNope,noisygifs,gazou,IWantOut,reddit5000,TIHI,BadChinaNoDumpling,carmemes,ShittyLifeProTips,BeAmazed,bestoflegaladvice,AnnArbor,Instagramreality,different_sob_story
awfuleverything,0,-0.8878,,,,,,,,,,,,,,,,,,,,,,,,,,,,,,,,,,,,,,,,,,,,,,,,,,,,,,,,,,,,,,,,,,,,,,,,,,,,,,,,,,,,,,,,,,,,,,,,,,,0.128,,,,,,,,,,,,,,,,,,,,,,,,,,,,,,,,,-0.9809,,,,,,,-0.9926,,,,,,,,,,,,,,,,,,,,,,,-0.9954,,,,0.7179,,,,,,,,,,,,,,,,,,,-0.9988,,,,,,,,,,,,,,,,,,,,,,,,0.9983,-0.9299,,,,,,,,,,,,,,,,,,,,,,,,,,,,,,,,,,,,,,,-0.9929,,,,,,,,,,,,,,,,,,,-0.9999,,-0.9988,,,,,,,,,,,,,,,,,,,,,,,,,,,,,,,,,,,,-0.8343,,,,,,,,,,,,,,,,,,,-0.9994,,,,,,,,,,,,,,,,,,,,,,,,,,,,,,,,-1.0,,,0.9825,,,,,,,,,,,-0.9983,,,,,,,,,,,,,,,,,,,,,,,,,,,,,,,,,,,,,,,,,,,,,,,,,,,,,,,,,,,,,,,,,,,0.9975,,,,,,,,,,,,,,0.0,,,,,,,,,,,,,,,,,,,-0.9972,,,,,,,,,,,,,,,,,,,,0.9961,,,,,,,,,,,,,0.9911,,,,,,,,
Drama,1,,-0.8577,,,,,,,,,,,,,,-1.0,,,,,,,,,,-0.9985,,,,,,,,,,,0.9945,,,,,,,,,,,,,,,,,,,,,,,,,,,,,,,,,,,,,,,,-0.9497,,,,,,,,,,,,,,,,,,,,,,,,,,,,-1.0,,,,,,,,,,,,,,,,,,,,,,,0.0,,,,,,,,,,,,,,,,,,,,,,,,,,,,,,,,,,,-0.453,,,,,,,,,,,,-0.9999,,,,,,,,,,,,,,,,,,,,,,,,,,,,,,,,,,,-0.6597,,,,-0.9946,,,,,,,,,,-0.9997,,,,,,,,,,,,,,,,,,,,,,,,,,,,,,,,,,,,,,,,,,,-0.9976,,,,,,,,,,,,,,,,,,,,,,,,,,,,,,,,,,,-0.9997,0.9974,,,,,,,,,,,,,,,,,,,,,,,,,,,,,,,,,,,,,,,,,,,-0.998,,,,,,,,,,,,,,,,,,,,-1.0,,,,,,,,,,,,,,,,,0.0,,,,,,,,,,,,,,-0.9997,,,,,,,,,,,,,,,,,,,,,,,,,,,,,0.9968,,,,,,-1.0,,,,,,,,,0.7084,,,,,,,,,,,,,,,,,,,,,,,,,,-0.9996,,,,,,,,,-0.9993,,,,,,,,,,,,,,,,,,,,,,,,,,,,,,,,,,,,,
pics,2,,-0.9991,,,,,,,-0.6441,,,,,,,,,,,,,,,,,,,,1.0,,,,,,,,,,,0.128,,,,,,,,,,,,,0.9817,,,,,,,,,,,,,,,0.9997,,,,,,,,,-0.5689,,,0.9075,,,,,,,,,,,,,0.9864,,,,,,,,,,,,,,0.9283,,,,,,,,,,,,,,,,,,,-0.9898,,,,,,0.814,,,0.958,,1.0,,,,,,0.9293,,,,,0.975,,,,,,0.9975,,,0.9499,,,,,-0.8623,-0.9945,,,,,,,0.9999,,,,,,,-0.9968,,,,,,,0.9859,,,,,0.9989,,,,,,,,,,,,,,,0.9143,-0.7948,,,,,,,,,,,0.9829,,,0.3079,,,0.8946,,,,,,,,,,,,0.9994,,,,,,,,,,,0.2732,,,,,,,0.8169,,,0.9922,,,0.0,,0.9998,,-0.9972,,,,,,0.4019,,,,,,,,,,,,,,,,,,,,,,,,,,,,,,,,,,,,,,,,,,-0.9998,,,,,,,,0.0,,-0.9657,,,,1.0,,,,,,,,,0.2139,,,,,,0.9999,,1.0,,,,,,,,,,,,,,,,-0.9819,,,,-0.9976,1.0,,,,,,,0.9985,0.9997,,,,,,,-0.8281,,,,,,,1.0,0.941,,,,,,,,,,,,0.9989,-0.833,,,,,,,0.9584,,,-0.3421,,,,,,,,,,,,,1.0,,,,,,0.9974,,,,,,,,,,,0.9999,,,,,,,,,,,,-0.9984,,,,,,,,,,,0.9943,,,,,,,0.9413,,,,,,,,,,,,,,,,,,,,,,,,,,,,,,,,,,,,,0.9861,,,,,,,,0.9991
PoliticalHumor,3,,0.9934,,,,,,,,,,,,,,,,,,,,,,,,,,,,,,,,,,,,,,,,,,,,,,,,,,,,,,,,,,,,,,,,,,,,,,,,,,,,,,,,,,,,,,,,,,,,,,,,,,,,,,,,,,,,-0.9997,,,,,,,,,,-0.9992,,,,,,,,,,,,,,,,,,,,,,,,,,,,,,,,,,,,,,,,,,,-0.9868,,,,,,,,,,,,,,,,,,,,,,,,,,,,,,,,,,,,,,,,,0.847,,,,,,,,,,,,,,,,,,,,,,,,,,,,,,,,,,,,,,,,,,,,,,,,,,,,,,,,,,,,,,,,,,,-0.9959,,,,,,,,,,,,,,,,,,,,,,,,,,,,,,,,,,,,,,,,,,,,,,,,,,,,,,,,,,,,,,,,,,,,,,,,,,,,,,,,,,,,,,,-1.0,-0.9992,,,,,,,,,,,,,,,,,,,,,,,,,,,,,,,,,,,,,,,,,,,,,,,,,,,,,,,,,,,,,,,,,,,,,,,,,,,,,,,,,,,,,,,,,,,,,,,,,,,,,,,,,,,,,,,,,,,,,,,,,,,,,,,,,,,,,,,,,,,,,,,,,,,,,,,,,,
topofreddit,4,,-0.9981,,,,,,,,,0.6828,,,,,,,,,,,,,,,,,,,,,,,,,,,,,,,,,,,,,,,,1.0,,,,,,-1.0,-0.9999,,,,,,,,0.9899,,,,,,,,,,,0.9998,,,,,,,,,,,,,,,-0.9988,,,,,,,,,,,,,,,,,,,,,,,,,,,,-1.0,,,,,,1.0,-1.0,,,,,-0.5312,,,,,1.0,,,,,,,,,,,,,,,,,,,,,-0.9999,,,,,0.959,,,,,,,1.0,,,,,,,,,,,,,,,,,,,,,,,,,,,,,,,,,,,,,,,,,,,,,,,,,,,,,,,,,,,,,,,,,,,,,,,,,,,,,,,,,0.9738,,,,,,,,,0.9972,,,,,,,,,,,0.9101,,,,,,,,,,,,,,,,,,,,,,,,,,,,,,,,,,,,,,,,,,,,,,,,,,,,,,0.0,,0.9596,,,,,,,1.0,,,,,,,1.0,,,,,,,,,,,,,,,,,,-1.0,,0.9696,1.0,0.9997,0.9995,,,,,,,,,,,,,,,0.9786,-0.0772,,,0.979,-0.9851,,,,,,,,,,,,,1.0,,,,,,1.0,,,,,,,,,,,,,,,,,,,,1.0,,1.0,,,,,,,,,,,,,1.0,,,,,,,,,,,,,,,0.6256,,,,,,,,-0.8048,,,,,,,,,,,,,,,,,,,,,,,,,0.0,,,,,,,,,,,,,1.0,,,,,,,,,,,,,,
HongKong,5,,-0.9999,,,,,,,,,,,,,,,,,,,,,,,,,,0.9997,,,,,,,,,,,,,,,,0.8046,,,-0.9995,,,,,,-0.9999,,,,,,,,,,,,,,,,,,,,,,,,,,,,,,,,,,,0.9765,,,,,,,,,,,,,,,,,,,,,,,,,,,,,,,,,,,,,,,,,,,,,,,,,,,,,,,,,,-1.0,,,,0.9964,,,,,,,,,,,,,1.0,,,,,-0.9999,,,,,,,,,,,,,,,,,,,,,,,,,,-0.9714,,,,,,,,,,-0.9928,,,,,,,,,,,,,,,,,,,,,,-0.9999,,,,,0.9952,,,,,,,,,,,,,,,,,,,,,,,,,,,,,,,,,,,,,,,,,,,-1.0,,,,,,,,,,,,,,,,,,,,,,,,,1.0,-0.9998,,,,,,,,,,-0.9969,,,,,-0.9999,,,,,,,,,,,,,,,,,,,,,,,,,,,,,-0.9998,,,,,,,,,,,,,,,,,,0.9952,,,,,,,,,,,,,,,,,,,,,,,,,,,,,,-0.9996,,,,,,,,,,,,,,,,,,,,,,,-0.9961,,,,,,,,,,,,,,,,,,,,,,,-0.9983,,,,,,,,,,,,,,,,,0.9971,,,,,,,,,,,0.5157,,,,0.0926,,,,,,,,,,,,,,,,,,,,,,,,,,,,,,,,,,,-0.7692,-0.8923,,,,,,,
Blackout2015,6,,,,,,,,,,,,,,,0.9913,,,,,0.979,,,,,,,-0.686,,,0.9754,,,0.9937,,,,-0.534,,,,,,,,,,,,,,,,,0.9993,,,,,,,,,,,,,,,,,,,,,,,,,,,,,0.9984,,,,,,,,,,,,,,,-0.9956,,,,,0.0,,-1.0,,,,-0.9888,,,,,,,,,,,,,-0.3765,,-0.999,,,,,,,,,,0.4215,,,,,,,-1.0,-0.5421,,,,,,,,,0.999,,,,,,,,,,0.0,,0.1926,,,,,,,,,,,,-0.9989,-0.9957,,,,,,,,,,,,,,,,,,,,,,,,-1.0,,,,,,,,0.0,,-0.901,,,,,0.999,,,0.0,,,,,,,,,,,,,,,,,0.9718,,,,-0.9646,,,-0.9954,,,,0.8388,,,-0.3318,,,,,,,,,,,0.6124,,,,,,,,,,0.9971,,,,,,,,,,,,,,,0.6369,,,,,,-0.9996,,,,0.9997,,,,,,,,,,0.5745,,,,0.9935,,,-1.0,,,,,,,,,,0.9996,,,,,-0.9999,,,0.9997,,,,,,0.9986,,,,,,,,,-0.9979,0.9975,0.8176,,,,,-0.296,,,,,,,,,,,,,,-1.0,,,,,-0.8711,,,-0.9741,,,,,,,,,,,,,,,0.8249,,,,,,0.9258,,,,,,,,,,,,,,,,,0.0,,,,,,,,,,,,,,0.8497,,,,0.9928,,-0.9617,-0.9963,,,,,,,,0.9988,-0.9989,,,0.6476,,,,,,1.0,-0.0258,,,,,,,-0.9831,-1.0,,,,,,,,,,,,,,,,-1.0,,,,,,,,0.9813,,,-0.9924,0.9922,0.9984,,0.7513,,,,,,,,,-0.9619,,,,,,,,,,-1.0,,,
notcirclejerk,7,,,,,,,,,,,,,,,,,,,,,,,,,,,,,,,,,,,,,,,,,,,,,,,,,,,,,,,,,,,,,,,,,,,,,-0.8078,,,,,,,,,,,,,,,,,,,,,,,,,,,,,,,,,,,,0.9992,,,,,,,,,,,,,,,,,,,,,,,,,,,,,,,,,,,,,,,,,,,,,,,,,,,,,,,,,,0.0,,,,,,,,,,,,0.9991,,,,,,,,,,,,,,,,,,,,,,,,,,,,,,,,,,,,,,,,,,,,,,,,,,,,,,,,,,,,,,,,,,,,,,,,,,,,,,,,,,,,,-1.0,,,,,,,,,,,,,,,,,,,,,,,,,,,,,,,0.9995,,,,,,,,,,,,,,,,,0.3182,,,,,,,,,,,,,,,,,,,,,,,,,,,,,,,,,,,,,,,,,,,,,,,,,,,,,,,,,,,,,,,,,,,,,,,,,,,-0.9951,,,,,,,,,,,,,,,,,,,,,,,,,,,,,,,,,,,,,,,,,,,,,,,,,-0.9976,,,,,,,,,0.8637,-0.9989,,,,,,,,,,,,,,,,,,,,,,,,,,,,,,,,,,-0.9791,,,,,,,,,,,,,,,,,,,,,,,,,,,,,,,,,,,,,
Masub,8,,,,0.951,,,,,,,0.9975,,,,,,,,,,,0.9863,-0.8406,,,,,,,,,,,,,,,,,,,,,,,,,,,,1.0,,,,,,,-0.9755,,,,,,,,0.2622,0.9991,0.9999,,,,,,,0.9962,,0.9987,,,,,0.9998,,0.9999,,,,,,,0.0,,,,0.9999,,,,,,,,,,,,,,,,,,,,,,,,,-0.9818,,,,,,1.0,,,-0.9827,,0.9999,,,,,,1.0,,,,-0.9999,,,,,,,,,,,,,,,,,,,,,,0.7757,,,,,,,0.9998,,,,,,,,,,,,1.0,,,,,,,,,0.9882,,,,,,,,,,,,,,,,,,,-0.9906,,,,,,,,,,,,,,,,,,,,,,,,,,0.9588,,,,,,,,,,,,,,,1.0,,,,,,,,,,,-0.9963,,,,,,,,,,,,,,,,,,,,,,,,,,,,,,,,,,,,,,,1.0,,,,,0.9994,,,,,,,,,,,,,,,,,,1.0,,,,,,,0.9995,,,,,,,,1.0,0.9997,1.0,,,,,,,,,,,,-0.9494,,-0.999,,,1.0,,0.9897,1.0,0.9976,,,,,,,,,,,,,,,,,,,,,,,,,,,,,,,,,,,,,0.9999,,,,,,0.9477,,,1.0,,,,,,,,0.6814,,0.9999,,-0.9977,,,1.0,,,,,,,,,,,,,,,,,,,,,,,,,,,,,,0.0,,,0.3182,,,,,,,,1.0,0.9819,,,,,,,,,,,,,,,,,,0.974,,,,,,,,,,,,-0.9918,,,,,,,,,,,,,,,,,,
SubredditNN,9,,,,0.9608,,,,0.997,,,0.999,,,,,,-1.0,,,,0.7399,,,,,,,,1.0,,,,,,,,,,,,,,,,,,,,,,1.0,,,,,1.0,,0.9999,,,,,,,,,,0.9998,,,,,0.887,,0.9995,-0.7717,0.9999,,-0.6303,,,,,,,,,,,,,0.9434,,,,,,,,,-0.9777,,,,,1.0,,,,,,,,,,-0.4311,-0.956,,,,,,,,,1.0,,,,1.0,0.9444,0.0,,,0.8869,,1.0,,,0.6368,,,,,,,,,,,,,,,0.8862,,,,,,,0.8834,-0.4939,1.0,,,,,,1.0,,,,,,,,,,,,,,,,,,,1.0,,,,,,,,,,,,,,,-0.9389,,,,,,,,1.0,0.9998,,,0.8519,,,,,,-1.0,,,,,,,,,,,,,,,,,,,,,,,,,,,,,,,,,,,,,,0.9993,,-0.9886,,,,0.974,,,,,,,1.0,,0.9468,,,,,,1.0,,,,,,,,,,,,,,,,,0.9752,,,,,,,,,,,,,,,,,,,1.0,,,,,,,1.0,,,-0.9915,1.0,-0.8383,,,,,,,,,,0.9086,,0.9902,,,,,,,,0.7081,,,,0.9861,,,,,0.9983,,0.7695,1.0,0.9887,,,,,,0.0,,,0.8708,,,,,,,,,,,,,,,,,,,0.2235,,,,-0.9996,,,,,,,,,,,0.9924,,,0.9945,0.9369,,,,,,,0.0,,1.0,0.0,,,,0.9996,0.666,,,,,,,,,,,,,,,,,,,,,,,,,,,,,-0.5579,,,,,0.4939,,,-0.8061,,,,0.9991,,,,,,,,,,,,,,,,,,,,,,,,,,,,,,,,,,,,,,,,,,,0.9998,,,,,
me_irl,10,,,,0.0,,,,,,,,,,,,,,,,,,,,,,,,,,,,,,,,,,,,,,,,,,,,,,,,,,,,,,,,,,,,,,,,,,,,,-0.9939,,,,-0.7263,,,,,,,,,,,,,,,,,,,,,,,,,,,,,,,,,,,,,,,,,,,,,,,,,,,,,,,,,,,,,,,,,,,,,,,,,,,,,,,,,,,,,,0.9655,,,,,,,,,,,,,,,,,,,,,,,,,,,,,,,,,,,,,,,,,,,,,,,,,,,,,,,,,,,,,,,,,,,,,,,,,,,,,,,,,,,,,,,,,,,,,,,,,,,,,,,,,,,,0.9784,,,,,,,,,,,,,,,,,,,,,,,,,,,,,,,,,,,,,,,,,,,,,,,,,,,,,,,,,,,,,,,,,,,,,,,,,,,,,,,,,,,,,,,,,,,,,,,,,,,,,,,,,,,,,,,,,,0.9321,,,,,,,,,,,,,,,,,,,,,,,,,,,,,,,,,,,,,,,,,,,,,,,,,,,,,,,,,,,,,,,,,,,,,,,,,,,,,,,,,,,,,,,,,,,,,,,,,,,,,,,,,,,,,,,,,,,,,,,,,,,,,,,,
SubredditSimulator,11,,,,-0.7845,,,,,,,,-0.8842,,,,,,,-0.9883,,,,,,,,,,0.9954,,,,,0.9997,,,,,,,-0.9797,,,,,,,,,,,,,,,,-0.9996,,,0.9999,0.9951,,,,,,,0.9543,,,,,-0.8828,,,,,,,,,,,,,,,,,,,,,,,0.1027,,,,,,,,,,0.999,,,,,,,,,,,,,,,,,,,,1.0,,,,,,,,,,,1.0,,,,,,,,,,,,,,,,,,,,,,,,,,0.6983,,,,,,,0.8951,,,,,,,,,,,,,,,,,,,0.9997,,,,,,,,,,,,,,,,,,,,,-0.853,,,,,,,,,,,,-0.9425,,,,,,,,,,,,,,,,,,,,,,,,,,,,,1.0,,,,,,,,,0.9991,,,,,,,,0.8445,,,,,,,,,,,,,,,,,,,,,,-0.9968,,,,,,,,,,,,,,,,,,,,,,,,,,,,,,,,,,0.8297,,,,,0.9837,,,,,,,,,,0.9997,,0.9999,,,,,,,,,,,,0.9521,,,,,,,,,0.998,,,,,,,,,0.9989,,,,,,,,,,,,,,,,,,,,,,,,,,,,,,,,,,,,,0.9987,,,,,,,,,,,,,,,1.0,,,,,,,,,,,,,,,,,,,,,,,,,,,,,,,,,,,,,,,,,,,,,,0.9998,,,,,,,,,,,,,,,,,,,,,,,,,,,,,,,,,,,,,,,,,,,,
misc,12,,,,,0.1263,,0.9771,,,,0.9951,,,,,,,,,,,,,0.9996,,,,,,,,,,,0.9995,,,,,,,,,,,,,,,0.0,,-0.4118,,,,,,0.9998,,0.9997,,,,,,,,0.9918,,,0.999,,,,0.9994,,,,,,,,,,,,,,,,,,,,,,,,,,,,,,,,,,,,,,,,,,,,0.9998,,,,,,,,,,,0.9997,,-0.7208,,,,,1.0,,,,,,,,,,,,,,,,,,,-0.9042,,,,,,,0.4939,,,0.9645,,,,1.0,,,,0.9238,,,,0.4927,,0.9991,,0.9989,,,,,0.845,,,,,,,,,,0.9995,0.9637,,,,,,,,,,,,-0.5983,,,,,,,,,,,,,,,,,0.9869,,,1.0,,,,,,,,,,,,,1.0,,,,,,,,1.0,,,,,0.9992,,,,,,,,,,0.9999,,,,,,,,,,,0.9903,,1.0,,,,,,,0.0,,,0.8872,,,,,,,,,,,,,,,,,,,,,,,,,,,,,,,,,,0.9985,0.9999,,,,,,,,,,,,,,,0.9998,,0.9999,,0.9879,,,,,,0.9099,,,,,,,,,,,0.9997,,0.979,,,,,,-0.0258,,,0.9962,,,,,,,,,,0.6309,,,,,,,,,,,,0.0,,,,-0.9998,,,,,,,,,,,0.6767,,,,,,,,,,,,,,,1.0,,,,,,,,,,,,,,,,,0.9991,,,,,,,,,,,0.8888,,0.0,,,,,,,,,,,,0.9901,,,,,,,,,,,,,,,,,0.6617,,,,,,,,,,,0.9999,,,,,0.9816,,,-0.7107,,,,,,,,,,,,
eddit7yearsago,13,,,,,,,,,-0.9879,,,0.9838,,,,,,,,,,,,,,,,,0.9996,,,,,,,,,,,,0.9994,,,,,,,,,0.296,,,,,,,-0.9999,,,0.9999,,,,,,,,1.0,,,,,-0.5462,-0.9597,,,,,,,,,,,,,,,,,,,,,,,,,,,,,,,,,,,,,,,,,,,,,,,,,,,,,,,,1.0,,,,,0.9942,,1.0,,,,,,,,,,,,,,,,,,,,,,,,,,0.0,,,,,,,,,,,,,,,,,,,,0.9668,,,,,,,,,,,,,,,,,,0.8815,,,,,,,,,0.878,,,,,,,,,,,,,,,,,,,,,,,,,,,,,,,,,,,,,,,,,1.0,,,,,,,,,0.986,,,,0.9733,,,,,,,,,,,,,,,,,,,,,,,,,,,,,,,,0.0,,,,,,,,,,,,,,,,,,,,,,,0.3182,,,,,0.9638,,,,,,,,,,,,,,,1.0,,1.0,,,,,,,,,,,,0.9956,,,,,,,0.9984,,0.9989,,,,,,0.8338,,,-0.9858,,,,0.9678,,,,,,,-1.0,,-0.6258,,,,,,,,,,,,,,,,,,,,,0.9371,,,1.0,,,,,,,,,,,,,,,,,,,,,,,,,,,,,,,,,,,,,,,,,,,0.9993,,,,,,0.0,,,,0.9928,,,,,,,,,,,,,,,,,,,,,,0.9905,,,,,,,,,,,,,,,,,,,0.0,,,,,,,,,,,
NoLockedThreads,14,,,,,,,,,,-0.9936,,,,,,,,,,,,,,,,,,,,,,,,,,,,,,,,,,,,,,,,,1.0,,,,,,,,,,,-1.0,,,,,,,,,,,,,,,,,,,,,,,,,,,,,,,,,,,,,,,,,,1.0,,,,,,,,,,,,,,,,,,,,,,,-1.0,,,,,,,0.4588,,,1.0,,,,,,,,,,,,,,,,,,,,,,,,,,-0.9944,,,,,,,,,,,,,,,,,,,,,,,,,,,,,,,,,,,,,,,,,,,,,,,-0.9958,,,,,,,,,,,,,,,,,,,,,,,,,,,,,,,,,,,,,,,,,,,,,,,,,,,,,,,,,,,,,,,,,,,,,,,,,,,,,,,,,,,,,,,,,,,,,,,,,,,,-1.0,,,,,,,,,,,,,,1.0,,,-0.9993,,,,,,,,,,,,,,,,,,,,,,,,,,,,,,,-1.0,,,,,,,,,,,,,,-1.0,,,,,,,,,,,,,,,,,,,,,,,,,-1.0,,,,,,,,,,,,,,,,-1.0,,,,,,,,1.0,,-0.9999,,,,,,,,,,,,,,,1.0,,,,,,,,,,,,,,,,,,,,,,,,,,,,,,,,,,,,,,0.6484,,,,,,,,,,,,,,,,,,,,,,,,,,,,,,,,,,,,1.0,
FunnyandSad,15,,,,,,,,,,,-0.6483,,,,,,,,,,,,,,,,,,,,,,,,,,,,,,,,,,,,,,,,,,,,,,,,,,,,,,,,,,,,,,0.9989,,,-0.9621,-0.8539,,,,,,,,,,,,,-0.81,,0.9645,,,,,,,,,,,,,,,,,,,,,,,,,,,,,,,,,,,,,,,,,,,,,,,,,,,,,,,,,,,,,,,,,,,,,,,-0.4063,,,,,,,,,,,,,,,,,,,,,,,,,,,,,,,,,,,,,,,,,,,,,,,,,,,,,,,,,,,,,,,,,,,,,,,,,,,,,,,,,0.5003,,,,,,,,,,,,,,,,,,,,,-0.7007,,,,,,,,,,,,,,,,,,,,,,,,,,,,,,,,,,,,,,,,,,,,,,,,,,,,,,,,,,,,,,,,,,,,,,,,,,,,,,,,,,,,,,,,,,,,,1.0,,,,,0.8917,,,,,,,,,,,,,,,,,,,,,,,,,,,,,,,,,,-0.9998,,,,,,,,,,,0.9898,,,,,,,,-0.5848,,,,,,,,,,,,,-0.9719,,,,,,,,,,,,,,,,,,,,,,,,0.0,,,,,,,,,,,,,,,,,,,,,,,,,,,,,,,,,,,,,,,,,,,,,,,,,,,,,,,,,,,,
newsokur,16,,,,,,,,,,,0.9994,,,,,,,,,,,,,,,,,,,,,,,,,,,,,,,,,,,0.0,,,,0.0,,,,,,,,,,,,,,,,,,1.0,,,,,,,,,,,,,,,,,,,,,,,,,,,,,,,,,,,,,,,,,,,0.6447,,,,,,,,,,,,,,,1.0,,,,,,0.7293,,,,,1.0,,,,,,,,,,,,,,,,,,,,,,,,,,-0.2732,,,,,,,0.9996,,,,,,,,,,,,,,,,,,,,,,,,,,,,,,,,,,,,,,,,-0.9802,,,,,,,,,,,,,,,,,,,,,,,,,,,,,,,,,,,,,,,,,,,,,,,,,,,,,,,,,,,,,,,,,,,,,,,,,,,,,,0.9999,0.9971,,,,,,,,0.7292,,,,,,,,,,,,,,,,,,,,,,,,0.0,,,,,,,,,,,,,,,,,,0.9999,,0.9999,,,,,-0.981,,,,,,,,,,,,,,0.9999,,0.9998,,,,,,,,,,,,,,,,,,,,,,,,,,,,,,,,,,,,,,,,,,,,,,0.9882,,,,,,,,,,,,,,,1.0,,,,,,,,,,,,,,,1.0,,,,,,,,,,,,,,,0.0,,,,,,,,,0.4501,,,,,,,,,,,,,,,,,,,,,,,,,,,,,,,,,,,,,,,,,,,,,,,1.0,,,,
trees,17,,,,,,,,,,,,0.9994,,,,0.9978,,,,,,,,,,,,,,,,,,,,,,-0.3385,,,,,,,,,,0.9942,,,,,,,,,,,,,,,,,,,,0.9999,,,,0.9998,0.981,,,,,,,,,,,,,,,,,,,,,,,,,,,,,,,,,,,,,,,,,,,,,,,,,,,,,0.9999,,,,,,,,,,,,,,,,,,,,,,,,,,,,,,,,,,,,,0.2869,,,,,,,,,,,,,,,,,,,,,,,,,,,,,,,,,,,,,,,,,,,,,,,-0.991,,,,,,,,,,,,,,,,,,,,,,,,,,,0.9975,,,,,,,,,,,,,,,,,,,,,,-0.765,,,,,,,,,,,,,,,,,,,,,,,,,,,,,,,,,,,,,,,,,,,,,,,,,,,,,,,,,,,,,,,,,,,,,,,,,,,,,,,,1.0,,0.9999,,,,,,,,,,,,-0.9281,,,,,,,-0.9984,,0.8664,,,,,,,0.9994,,,,,,,,,,,,,,,,,0.9678,,,,,,,,,,,,,,,,,,,,,,0.9357,,,,,,,,,,,,,,,,,,,,,,,,,,,,0.8598,0.9998,,,,,,,,,,0.9998,0.9941,,,,,,0.9998,,,,,,,,,,,,,,,,,,,,,,,,,,0.0,,,,,,,,,,,,,,,,,,,,,,,,,,,,,,,,,
postnationalist,18,,,,,,,,,,,,,,0.2244,,,,,,,,,,,,,,,,,,,,,,,,,,,,,,,,,,,0.9999,,,-0.4802,,,0.7544,,,,,,,,,,,,,,,,,,,,,,,,,,,,,,,,,,,,,,,,,,,,,,,,,,,,,,-0.9959,,,,,,,,,,,,,,,,,0.9714,,,,,,,,,,,,,,,,,,,,,,,,,,,,,,-0.9994,,,,,,,-0.9836,,-0.9986,,,,,,,,,-0.9956,,,-0.9969,,,,,,,,,,0.9855,,,,,,,,,,,,,,,,,,,,,,,,,,,,,,,,,,,,,,,,,,,,,,,,,,,,,,,,,,,,-0.5604,,,,,,,,,,,,,,,,,,,,,,,,,,,,,,,,,,,,,,,,,,,,,,0.9956,,,,,,,,,,,,,,,,,,,,,,,,,,,,,,,,,,,,,,,,,,,,,,,,0.9997,,,,,,,,,,,,,,,,,,,,,,,,,,,,,,,,,,,,,,,,,,,,,,,,,,,,,,,,-1.0,,,,,,,,,,,,,,,,,,,,,,,,,,-1.0,,,,,,,,,,,,,,,,,,,,,,,,,,,,,,,,,,,,,,,,,,,,,,,,,,,,,,,,,,,,,,,,,,,,,,,,,,,,,,,,0.9999,,,,,,,,,,
de,19,,,,,,,,,,,,,,,,,,0.5574,,,,,,,,,,,,,,,,,,,,,,,,,,,,,,,,,,,,,,,,,,,,,,,,,,,,,,,,,,,,,,,,,,,,,,,,,,,,,,,,,,,,,,,,,,,,,,,,,,,,,,,,,,,,,,,,,,,,,,,,,-0.9999,,,,,,,,,,,,,,,,,,,,,,,,0.781,,,,,,,,,,,,,,,,,,,,,,,,,,,,,,,,,,,,,,,,,,,,,,,0.4924,,,,,,,,,,,,,,,,,,,,,,,,,,,,,,,,,,,,,,,,,,,,,,,,,,,,,,,,,,,,,,,,,,,,,,,,,,,,,,,,,,,,,,,,,,,,,,,,,,,,,,,,,,,,,,,,,,,,,,,,,,,,,,,,,,,,,,,,,,,,,,,,,,,,,,,,,,,,,,,,,,,,,,,,,,,,,,,,,,,,,,,,,,,,,,,,,,,,,,0.8662,,,,,,,,,,,,,,,,,,,,,,,,,,,,,,,,,,,,,,,,,,,,,,,,,,,,,,,,,,,,,,,,,,,,,,,,,,,,,,,,,,,,,,,,,,,,,,,,,,,,,,,,,
LabourUK,20,,,,,,,,,,,,,,,,,,,,,,,,,0.9972,,,,,,,,,,,,,,,,,,,,,,,,,,,,,,,,,,,,,,,,,,,,,,,,,,,,,,,,,,,,,,,,,,,,,,,,,,,,,,,,,,,,,,,,,,,,,,,,,,,,,,,,,,,,,,,,,,,,,,,,,,,,,,,,,,,,,,,,,,1.0,,,,,,,,,,,,,,,,,,,,,,,,,,,,,,0.9997,,,,,,,,,,,,,,,,,,,,,,,,,,,0.9979,,,,,,,,,,,,,0.9999,,,,,,,,,,,,,,,,,,,,,,,,,,,,,,,,,,,,,,,,,,,,,,,,,,,,,,,,,,,,,,,,,,,,,,,,,,,,,,,,,,,,,,,,,,,,,,,,,,,,,,,,,,,,,,,,,,,,,,,,,,,,,,,,,,,,,,,,,,,,,,,,,,,,,,,,,,,,,,,,,,,,,,,,,,,,,,,,,,,,,,,,,,,,,,,,,,,,,,,,,,,,,,,,,,,,,,,,,,,,,,,,,,,,,,,,,,,,,,,,,,,,,,,,,,1.0,,0.9999,,,,,,,,,,,,,,,,,,,,,,,,,,,,
mildlyinfuriating,21,,,,,,,,,,,,,,,,,,,,,,,,,,,,,,,-0.9999,,,,,,,,,,,,,,,,,,,,,,,,,,,0.9738,,,,,-0.9998,-0.9998,,,,,,,,,,,,,,,,,,,,,-0.9174,,,,,,,0.712,,,,,,,0.9996,,,,,,,,,,,,,,,,,,,,,,,,0.9979,,-0.9995,,,,,,,,,,,,,,,,,,,,,,,,,,,,,,,,,,,,,,,,,,,,,,,,,,,,,,,,,,,,,,,-1.0,,,,,,,,,,,,,,-1.0,,,,,,,,,-1.0,,,,,0.5738,,,,,,,,,-0.9612,,,,,,,,,,,,,-0.9996,,,,,,,,,,,,,,,,,,,,,,,,-0.9997,,,,,,,,,,,,,,,,,,0.9999,,,-0.8706,,,,-0.9999,,,,,0.9993,,,,,,,,,,,,,,,,,,,,,,,,,,,,,,,,,,,,,,,,,,,,,,,,,,,,,,,,,,,,,,,,,,,,,-0.4122,,,,,,1.0,,,,,,,,,,,,,,,,,,,,,,,,0.9644,,,,,,,,,,-1.0,,,,,,,,,,,,,,,,,,,,,,,,,,,,,,-0.9998,,,,,,,,,,,,,,,,,,,,,,0.9993,,,,,,,,1.0,,,,,,,,,,,,-0.9999,,,,-1.0,,,,,,,,,,,,,,,,,,,,,,,,,,,,-0.9995,,1.0,,,,,,
JoeRogan,22,,,,,,,,,,,,,,,,,,,,,,,,,,,,,,,,0.9832,,,0.8652,,,,,,,,,,,,,,,,,,,,,,,,,,,,,,,,,,,,,,,,,,,,,,,,,,,,,,,,,,,,,,,,,-0.9902,,,,,,,,,,,,,,,,,,,,,,,,,,-0.979,,,,,,,,,,,,,,,,,,,,,,,,,,,,,,,,,,,,,0.8328,,,,,,,,,,,,,,,,,,,,,,,,,,,,,,,,,,,,,,,,,,,,,,,-0.9966,,,,,,,,,,,,,,,,,,,,,,,,,,,,,,0.9892,,,,,,,,,,,,,,,,,,,,,,,,,,,,,,,,,,,,,,,,,,,,,,,,,,,,,,,,,,,,,,,,,,,,,,,,,0.9998,,,,,,,,,,,,,,,,,,,,,,,,,,,,1.0,,,,,,,,,,0.9983,,,,,,,,,,,,,,,,,,,,,,,,,,,,,,,,,,,,,,,,,,,,,,,,,0.997,,,,0.9979,,,1.0,,,,,,,0.999,,,,,,,,,,,,,,,,,,,,,,,,1.0,,,,,,,,,,,,,,,0.0,,,,,,,,,,,,,,,,,,,,,,,,,,,,,,,,,,,,,,,,,,,,,,,,,,,,,,,,,,,,
BreadTube,23,,,,,,,,,,,,,,,,,,,,,,,,,,,,,,,,,,,,,,,,,,-0.9806,,,,,,,,,,,,,,,,,,,,,,,,,,,,,,,,,,,-0.8197,,,,,,,,,,,,,,,,,,,,,,,,,,,,,,,,,,,,,,,,,,,,,,,,,,,,,,,,,,,,,,,,-1.0,,,,0.9824,,,,,,,,,,,,,,,,,,0.3612,,,,,,,,0.9979,,,,,,,,0.983,,0.9998,,,,,,,,,,,,,,1.0,,,,,,,,,,,,,,,,,,,,,,,,,,,,,,,,,,,,,,,,,,,,,,,,,,,,,,,,,,,,,,,,,,,,,,,,0.9897,,,,,,,,,,,,,,,,,,,,,,,,-1.0,,,,,,,,,,,,,,,,,,,,,-0.9998,,,,,,,,,,,,,,,,,,,,,,,,,,,,,,,,,,,,,,,,,,,,,,,,,,,,,,,,,,,,,,,,,,,,,,,,,,,,,,,,,,,,,,,,,,,,,,,,,,,,,-1.0,,,,,,,,,,,,,,,,,,,-0.9985,,,,,,,,,,,,,,,,,,,,,,,,,,,,,,,,,,,,,,,,,,,,,,-0.4019,,,,,,,,,,,,,,,,,,,,,,,,,,,,,,,,,,,
2020PoliceBrutality,24,,,,,,,,,,,,,,,,,,,,,,,,,,,,,,,,,,,,,,,,,,,-0.9998,,,,,,,,,,,,,,,,,,,,,,,,,,,,,,,,,,,,,,,,,,,,,,,,,,,,,,,,,,,,,,,,,,,,,,,-0.9998,,,,,,,,,,,,,,,,,,,,,,,,,,,,,,,,,,,,,,,,,,,,,,,,,0.0,,,,,,,,,-0.9999,,,,,,,,,,,,,,,,,,,,,,,,,,,,,,,,,,,,,,-0.9844,,,,,,,,,,,,,,,,,,,,,,,,,,,,,,,,,,,,,,-0.9996,,,,,,,,,,,,,,,,,,,,,,,,,,,,,,,,,,,,,,,,,,,,,,,,,,,,,,,,,,,,,,-1.0,,,,,,,,,,,,,,,,,,,,,,,,,,,,,,,,-0.9628,,,,,,,,,,,,,,,,,,,,,,,,,,,,,,,,,,-1.0,,,,,,,,,,,,,,,,,,,,,,,,,,,,,,,,,,,,,-1.0,,,,,,,-0.998,,,,,,,,,,,,,,,,,,,,,,,,,,,,,,-0.9995,,,,,,,,,,,,,,,,,,,,,,,,,,,,,,,,,,,,,,,,,,,,-0.9305,,,,,,,,,,,,,,,,,,,
SandersMedia,25,,,,,,,,,,,,,,,,,,,,,,,,,,,,,,,,,,,,,,,,,,,,,0.0,,,,,,,,,,,,,,,,,,,,,,,,,,,,,,,,,,,,,,,,,,,,,,,,,,,,,,,,,,,,,,,,,,,,,,,,,,,,,,,,,,,,,,,,,,,,,,,,-1.0,,,,,,,,,,,,,,,,,,,,,,0.8858,,,,,,,,,,,,,,,,,,,,,,,,,,,,-0.3874,,,,,,,,,,,,,,,,,,,0.9235,,,,,,,,,,,,,,,,,,,,,,,,,,,,,,,,,,,,,,,,,,,,,,,,,,0.899,,,,,,,,,,,,,,,,0.8796,,,,,,0.5551,,,,,,,,,-0.9999,,,,,,,,,,,,,,,,,,,,,,,,,,,,,,,,,,,,,,,,,,,,,,,,,,,,,,,,,,,,,,,,,,,,,,,,,,0.7876,,,,,,,,,,,,,,,,,,,,,,,0.0,,,,,,,,,,,,,,,,,,,,,,,,,,,,,,,,,,,1.0,,,,,,,,,,,,,,,,,,,,,,,,,,,,,,,,,,,,,,,,0.8545,,,,,,,,,,,,,,,,,,,,,,,,,,,0.5095,,,,,,,,,,,,,,,,,,,,,,,
ShitPoliticsSays,26,,,,,,,,,,,,,,,,,,,,,,,,,,,,,,,,,,,,,,,,,,,,,,,-0.9982,,,,,,,,,,,,,,,,,,,,,,,,,,,,,,,,,,,,,,,,,,,,,,,,,,,,,,,,,,,,,,,,,,,,,,,,,,,,,,,,,,,,,,,,,,,,,,,,,,,,,,,,,,,,,,,,,,,,0.335,,,,,,,,,,,,,,,,,,,,,,,,,,,,,,,,,,,,,-1.0,,,,,,,,,,,,,,,,,,,,,,,,,,,,,,,,,,,,,,,,,,,,,,,,,,,,,,,,,,,,,,,,,,,,,,,,,,,,,,,,,,,,,,,,,,,,,,,,,,,,,,,,,,,,,,,,,,,,,,,,,,,,,,,,,,,,,,,,,,,,,,,,,,,,,,,,,,,,,,,,,,,,,,,,,,,,,,,,,,,,,,,,,,,,,,,,,,,,,,,,,,,,,,,,,,-0.987,,,,,,,,,,,,,,,,,,,,,,,,,,,,,,,,,,,,,,,,,,,,,,,,,,,,,,,,,,,,,,,,,,,,,,,,,,,,,,,,,,,,,,,,,,,,,,,,,,,,,,,
redditdotcom,27,,,,,,,,,,,,,,,,,,,,,,,,,,,,,,,,,,,,,,,,,,,,,,,,,,,,0.9559,,,,,,,,,,,,,,,,0.9999,,,,,,,,,,,,,,,,,,,,,,,,,,,,,,,,,,0.9995,,,,,,,,,,,,,,,,,0.9835,,,,,,,-0.9999,,,,-0.4951,,,,,,,,,,,,,,,,,,,,,,,,,,0.8748,,,,,,,0.0,,,,,,,,,,,,,,,,,,,,,,,,-0.9854,,,,,,,,,,,,,,,,,,,0.9855,,,,,,,,,,,,,,,,,,,,,,,,,,,,,,,,,,,,,1.0,,,,,,,,1.0,,,,,,,,,,,,,,,,,,,,,,,,,,,,,,,,,,,,,,0.9965,,,,,,,,,,,,,,,,,,,,,,,,,,,,,,,,,,,,,,,,,,,,,,,,,,0.9998,,0.9997,,,,,,,-0.7424,,,,,,,,,,,,,,,,,,,,0.9186,,,,,0.9953,,,,,,,,,,,,,,,,,,,,,,,,0.9902,,,,,,,,,,,,,,,,,,,,,,,,,,0.9999,,,,,,,,,,,,,,,,,,,,,,,,,,,,-0.9996,,,,,,,,,,,,,,,,,,,,,,,,,,,,,,,,,,,,,,,,,,0.9999,,,,,,,,,,,,,,,,,,,,
BlackLivesMatter,28,,,,,,,,,,,,,,,,,,,,,,,,,,,,,,,,,,,,,,,,,,,,,,,,,,,,,,,,,-1.0,,,,,,,,,,,,,,,,,,,,,,,,,,,,,,,,,,,,,,,,,,,,,,,,,,,,,,,,,,,,,,,,,,,,,,,,,,,,,,,,,,,,,,,,,,,,,,,,,,,,,,,,,,-0.8635,,,,,,,,,,,,,,,,,,,,,,,,,,,,,,,,,,,,,,,,,,,,,,,-0.8817,,,,,,,,,,,,,,,,,,,,,,,,,,,,,,,,,,,,,,-0.9986,,,,,,,,,,,,,,,,,,,,,,,,,,,,,,,,,,,,,,,,,,,,,,,,,,,,,,,,,,,,,,,,,,,,,,,,,,,,,,,,,,,,,,,,,,,,,,,,,,,,,,,,,,,,,,-1.0,,,,,,,,,,,,,,,,,,,,,,,,,,,,,,,,,,,,,,,,,,,,,,,,,,,,,,,-1.0,,,,,,,,,,-1.0,,,,,,,,,,,,,,,,,,,,,,,,,,,,,,,,,,,,,,,,,,,,,,,,,,,,,,,,,,,,,,,,,,,,,,,,,,,,,,,,,,,,,,,,,,
facepalm,29,,,,,,,,,,,,,,,,,,,,,,,,,,,,,,,,,,,,,,,,,,,,,,,,,,,,,,,,,,-0.9948,,,,,,,,,,,,,,,,,,,,,,,,,,,,,,,,,,,,,,,,,,,,,,,,,,,,,,,,,,,,,,,,,,,,,,,,,,,,,,,,,,,,,,,,,,,,,,,,,,,,,,,,,-0.9129,,,,,,,,,,,,,,,,,,,,,,,,,,,,,,,,,,,,,,,,,,,,,,,,,,,,,,,,,,,,,,,,,,,,,,,,,,,,,,,,,,,,,,,,,,,,,,,,,,,,,,,,,,,,-0.7337,,,,,,,,,,,,,,,,,,,,,,,,,,,,,,,,,,,,,,,,,,,,,,,,,,,,,,,,,,,,,,,,,,,,,,,,,,,,,,,,,,,,,,,,,,,,,,,,,,,,,,,,,,,,,,,,,,0.7696,,,,,,,,,,,,,,,,,,,,,,,,,,,,,,,,,,,,,,,,,,,,,,,,,,,,,,,,,,,,,,,,,,,,,,,,,,,,,,,,,,,,,,,,,,,,,,,,,,,,,,,,,,,,,,,,,,,,,,,,,,,,,,,,
PublicFreakout,30,,,,,,,,,,,,,,,,,,,,,,,,,,,,,,,,,,,,,,,,,,,,,,,,,,,,,,,,,,-0.9995,,,,,,,,,,,,,,,,,,,,,,,,,,,,,,,1.0,,,,,,,,,,,0.9999,,,,,,,,,,,,,,,,,,,,,-1.0,,,,,,,,,,,,,,,,,,,,,,,,,,-1.0,0.9585,,,,,,,,,,-0.9997,-1.0,,,,,,,,,,,,,,-0.9998,,,,,,,,,,,,,,,,,,,,,,,,,,,,,,,-0.9998,,,,,,,,,,,,,,,,,,,,,,,,,-1.0,,,,,,,,,,,,,,,,,,,,,,,,,,,,,,,,,,,,,,,,,,,,,,,,,,,,,,,-1.0,,,,,0.9267,,,,,,,,,,,,-1.0,,,,,,,,,,,,,,,,,,,,,,,-1.0,,,,,,,,,,,,,,,,,,,,,,,,,,,,,,,,,,,,,0.9999,,,,,,,,,,,,,,,,,,,,,,,,,,-1.0,,,,,,,-1.0,,,,,,,,,,,,,,,,,,,,,,,,,,,,,,,,,,,,,,,,,,,,1.0,,,,,,,,,,,,-1.0,,,-1.0,,,,,,,,,,,,,,,,,,,,,,,,,,-0.9989,,,,,,,,,,,,,,,,,,,,,,,,,,,,,,,,,,
australia,31,,,,,,,,,,,,,,,,,,,,,,,,,,,,,,,,,,,,,,,,,,,,,,,,,,,,,,,,,,,-1.0,,,,,,,,,,,,,,,,,,,,,,,,,,,,,,,,,,,,,,,,,,,,,,,,,,,,,,,,,,,,,,,,,,,,,,,,,,,,,,0.9916,,,,,,,,,,,,,,,,,,,,,,,,,,-0.6173,,,,,,,,,,,,,,,,,,,,,,,,,,,,,0.0,,,,,,,,,,,,0.8261,,,,,,-0.958,,,,,,,,,,,,,,,,,,,,,,,,,,,,,,,-0.9968,,,,,,,,,,,,,,,,,,,,,,,,,,,,,,,,,,,,,,,,,0.9989,,,,,,,,,,,,,,,,,,,,,,,,,,,,,,,,,,,,,,,,,,,,,,,,,,,,,,,,-0.7069,,,-0.9659,,,,,,,,,,,,,,,,,,,,,,,,,,,,,,,,,,,,,,,,,,,,,,,,,,,,,,,,,,,,,,,,,,,,,,,,,,,,,,,,,,-1.0,,,,,,,,,,,,,,,,,,,,,,,,,,,,,,,,,,,,,,,,,,,,,,,,,,,,-0.9757,,,,,,,,,,,,,,,,,,,,,,,,,,,,,,,,,,,,,,
Portland,32,,,,,,,,,,,,,,,,,,,,,,,,,,,,,,,,,,,,,,,,,,,,,,,,,,,,,,,,,,,,,,,,,-0.9997,,,,,,,,,,,,,,,,,,,,,,,,,,,,,,,,,,,,,,,,,,,,,,,,,,,,,,,,,,,,,,,,,,,,,,,,,,,,,,,,,,,,,,,,,,,,,,,,,,0.0,,,,,,,,,,,,,,,,,,,,,,,,,,,,,,,,,,,,,,,,,,,,-0.4588,,,,,,,,,,,,,,,,,,,,,,,,,,,,,,,,,,,,,,,,,,,,,,,,,,,,,,,,,,,,,,,,,,,,,,,,,,,,,,,,,,,,,,,,,,,,,,,,,,,,,,,,,,,,,,,,,,,,,,,,,,,,,,,,,,,,,,,,,,,,,,,,,,,,,,,,,,,,,,,,,,,,,,,,,,,,,,,,,,,,,,,,,,,,,,,,,,,,,,,,,,,,,,,,,,,,,,,,-0.9948,,,,,,,,,,,,,,,,,,,,,,,,,,,,,,,,,,,,,,,,,,,,,,,,,,,,,,,,,,,,,,,,,,,,,,,,,,,,,,,,,,,,,,,,,,
ImagesOfThe2010s,33,,,,,,,,,,,,,,,,,,,,,,,,,,,,,,,,,,,,,,,,,,,,,,,,,,,,,,,,,,,,,,,,,,,,,,0.0,,,,,,,,,,,,,,,,,,,,,,,,,,,,,,,,,,,,,,,,,,,,,,,,,,,,,,,,-0.994,,,,,,,,,,,,,,,,,,,,,,,,,,,,,,,,,,,,,,,,,,,,,,,,,,,,,,,,,,,,,,,,0.9389,,,,,,,,,,,,,,,,,,,,,,,,,,,,,,,,,,,,,,,,,,,,,,,,,,,,,,,,,,,,,,,,,,,,,,,,,,,,,,,,,,,,,,,,,,,,,,,,,,,,,,,,,,,,,,,,,,,,,,,,,,,,,,,,,,,,,,,,,,,,,,,,,,,,,,,,,,,,,,,,,,,,,,,,,,,,,,,,,,,,,,,,,,,,,,,,,,,,,,,,,,,,,,,,,,,,,,,,,,,,,,,,,,,,,,,,,0.9985,,,,,,,,,,,,,,,,,,,,0.9283,,,,,,,,,,,,,,,,,,,,,,,,,,,,,,,,,,,,,,,,,,,,,,,,,,,,,,,,,,,,,,,,,,,,,,
dankmemesdaily,34,,,,,,,,,,,,,,,,,,,,,,,,,,,,,,,,,,,,,,,,,,,,,,,,,,,,,,,,,,,,,,,,,,,,,,,,,1.0,,,-1.0,0.9836,,,,,,,,,,,,,,,0.3725,,,,,,,,,,,,,,,,,,,,,,,,,,,,,,,,,,1.0,,,,,,,,,,,,,,,,,,,,,,,,,,,,,,,,,,,,,0.0,,,,,,,,,,,,,,,,,,,,,,,,,,,,,,,,,,,,,,,,,,,,,,,,,,,,,,,,,,,,,,,,,,,,,,,,,,,,,,,,,,,,,,,,,,,,,,,,,,,,,,,,,,,,,,,,,,,,,,,,,,,,,,,,,,,,,,,,,,,,,,,,,,,,,,,,,,,,,,,,,,0.0,,,,,,,,,-1.0,,,,,,,,,,,,,,,,,,,,,,,,,,,,,,,,,,,,,,,,,,,,,,,,,,,,,,,,,,,,,,,,,,,,,,,,,,,,,,,,,,,,,,,,,,,,,,,,,,,,,,,,,,,,,,,,,,,,,,,,,,,,,,,,,,,,,,,,,,,,,,,,,,,,,,,,,,,,,,,,,,,,,,,,,,,,,,,,,,,
circlejerk,35,,,,,,,,,,,,,,,,,,,,,,,,,,,,,,,,,,,,,,,,,,,,,,,,,,,,,,,,,,,,,,,,,,,,,,,,,,,,,,0.9995,,,,,,,,,,,,,,,,,,,,,,,,,,,,,,,,,,,,,,,,,,,,,,,,,,,,,,,,,,,,,,,,,,,,,,,,,,,,,,,,,,,,,-0.9065,,,,,,,,,,,,,,,,,,,,,,,,,,,,,,,,,,,,,,,,,,,,,,,,,,,,,,,,,,,,,,,,,,,,,,,,,,,,,,,,,,,,,,,,,,,,,,,,,,,,,,,,,,,,,,,,,,,,,,,,,,,,,,,,,,,,,,,,,,,,,,,,,,,,,,,,,,,,,,,,,,,,0.9529,,,,,,,,,,,,,,,,,,,,,,,,,,,,,,,,,,,,,,,,,,,,,,,,,,,,,,,,0.2942,,,,,,,,,,,,,,,,,,,,,,,,,0.8429,,,,,,,,,,,,,,,,,,,,,,,,,,,,,,,,,,,,,,,,,,,,,,,,,,,,,,,,,,,,,,,,,,,,,,,,,0.8866,,,,,,,,,,,,,,,0.7796,,,,,,,,,,,,,,,,,
florida,36,,,,,,,,,,,,,,,,,,,,,,,,,,,,,,,,,,,,,,,,,,,,,,,,,,,,,,,,,,,,,,,,,,,,,,,,,,,,,,,,,,,,,,,-0.7855,,,,,,,,,,,,,,,,,,,,,,,,,,,,,,,,,,,,,,,,,,,,,,,,,,,,,,,,,,,,,,,,,,,,,,,,,,,,0.5348,,,,,,,,,,,,,,,,,,,,,,,,,,,,,,,,,,,,,,,,,,,,,,,0.6808,,,,,,,,,,,,,,,,,,,,,,,,,,,,,,,,,,,,,,,,,,,,,,,,,,,,,,,,,,,,,,,,,,,,,,,,,,,,,,,,,,,,,,,,,,,,,,,,,,,,,,,,,,,,,,,,,,,,,,,,,,,,,,,,,,,,,,,,,,,,,,,,,,,,,,,,,,,0.9894,,,,,,,,,,,,,,,,,,,,,,,,,,,,,,,,-1.0,,,,,,,,,,,,,,,,,,,,,,,,,,,,,,,,,,,,,,,,,,,,,,,,,,,,,,,,,,,,,,,,,,,,,,,,,,,,,,,,,,,,,,,,,,,,,,,,,,,,,,,,,,,,,,,,,,,,
AmIFreeToGo,37,,,,,,,,,,,,,,,,,,,,,,,,,,,,,,,,,,,,,,,,,,,,,,,,,,,,,,,,,,,,,,,,,,,,,,,,,,,,,,,,,,,,,,,,,,,,,,,,,-0.9376,,,,,,,,,,,,,,,,,,,,,,,,,,,,,,,,,,,,,,,,,,,,,,,,,,,,,,,,,,,,,,,,,,-0.8151,,,,,,,,,,,,,,,,,,,,,,,,,,,,,,,,,,,,,,,,,,,,,,,-0.9643,,,,,,,,,,,,,,,,,,,,,,,,,,,,,,,,,,,,,,-0.9984,,,,,,,,,,,,,,,,,,,,,,,,,,,,,,,,,,,,,,,,,,,,,,,,,,,,,-0.9998,,,,,,,,,,,,,,,,,,,,,,,,,,,,,,,,,,,,,,,,,,,,,,,,,,,,,,,,,,,,,,,,,,,,,,,,,,,-1.0,,,,,,,,,,,,,,,,,,,,,,,,,,,,,,,,,,,,,-1.0,,,,,,,,,,,,,,,,,,,,,,,,,,,,,,,,,,,,,-0.9999,,,,,,,,,,,,,,,,,,,,,,,,,,,,,,,,,,,,,,,,,,,,-0.9798,,,,,,,,,,,,,,,,,,,
GunsAreCool,38,,,,,,,,,,,,,,,,,,,,,,,,,,,,,,,,,,,,,,,,,,,,,,,,,,,,,,,,,,,,,,,,,,,,,,,,,,,,,,,,,,,,,,,,,,,,,,,,,,,,,,,,,,,,-0.9696,,,,,,,,,,-1.0,,,,,,,,,,,,,,,,,,,,,,,,,,-1.0,,,,,,,,,-0.9956,,,,,,,,,,-0.9954,,,,,,,,,,,,,,,,,,,,,,,,,,,,,,,,,-1.0,,,,,,,,,,,,,,-0.9651,,,,,,,,,,,,,-0.9999,,,,,,,,,,,,,,,,,,,,,,,,,,,,,,,,,,,,,,-1.0,,,,,,,,,,,-1.0,,,,,,,,,,,,,,,,,,,,,,,,,,,,,,,,,,,,,,,,,,,,,,,,,,,,,,,,,,,,,,,-1.0,,,,,,,,,,,,,,,,,,,,,,,-1.0,,,,,,,,,,,,,,,,,,,,-0.9998,,,,,,,,,,,,,,,,,,,-1.0,,,,,,,,,,,,,,,,,,,,,,,,,,,,,,,,,,,,,,,,,,,,,,,,,,,,,,,,,,,,,,,,,,,,,,,,,,,,,,,,,,,,,,,,,,,,,,,,,,,,,,,,,,,,,,,,,,,,
police,39,,,,,,,,,,,,,,,,,,,,,,,,,,,,,,,,,,,,,,,,,,,,,,,,,,,,,,,,,,,,,,,,,,,,,,,,,,,,,,,,,,,,,,,,,,,,,,,,,,,,,,,,,,,,,,,,,,,,,,,,,,,,,,0.9999,,,,,,,,,,,,,,,,,,,,,-0.9999,,,,,,,,,,,-0.9999,,,,,-0.5562,,,,,,,,,,,,,,,,,,,,,,,,,,,,,,,,,,,,,,,,,,,,,,,-0.9571,,,,,,,,,,,,,,,,,,,,,,,,,,,,,,,,,,,,,,,,,,,,,,,-1.0,,,,,,,,,,,,,,,,,,,,,,,,,,,,,,,,,,,,,,,,,,,,-1.0,,,,,,,,,,,,,,,,,,,,,,,,,,,,,,,,,,,,,,,,,,,,,,,,,,,,,,,,,,,-1.0,,,,,,,,,,,,,,,,,,,,,,,,,,,,,,,,,,,,,,,,,,,,,,,,,,,,,-1.0,,,,,,,,,,,,,,,,,,,,,,,,,1.0,,,,,,,,,,,,0.9991,,,0.0,,,,,,,,,,,,,,,,,,,,,,,,,,,,,,,,,,,,,,,,,,,,,,,,,,,,,,,,,,,,
chicago,40,,,,,,,,,,,,,,,,,,,,,,,,,,,,,,,,,,,,,,,,,,,,,,,,,,,,,,,,,,,,,,,,,,,,,,,,,,,,,,,,,,,,,,,,,,,,,,,,,,,,,,,,,,,,,,,,,,,,,,,,,,,,,,,,,,,,,,,,1.0,,,,,,,,,,,,,,,,,,,,,,,,,,,0.0,,,,,,,,,,,,,,,,,,,,,,,,,,,,,,,,,,,,,,,,,,,,,,,,,,,,,,,,,,,,,,,,,,,,,,,,,,,,,,,,,,,,,,,,,,,,,,,,,,,,,,,,,,,,,,,,,,,,,,,,,,,,,,,,,,,,,,,,,,,,,,,,,,,,,,,,,,,,,,,,,,,,,,,,,0.9864,,,,,,,,,,,,,,,,,,,,,,,,,,,,,,,,,,,,,,,,,,,,,,,,,,,,,,,,,,,,,,,,,,,,,,,,,,,,,,,,,,,,,,,,,,,0.9997,,,,,,,,,,,,,,,,,,,,,,,,,,,,,,,,,,,,,,,,,,,,,,,,,,,,,,,,,,,,,,,,,,,,,,,,,,,,,,,,,,,,,,,,,,
nyc,41,,,,,,,,,,,,,,,,,,,,,,,,,,,,,,,,,,,,,,,,,,,,,,,,,,,,,,,,,,,,,,,,,,,,,,,,,,,,,,,,,,,,,,,,,,,,,,,,,,,,,,,,,,,,,,,,,,,,,,,,,,,,,,,,,,,,,,,,0.9997,,,,,,,,,,,,,,,,,,,,,,,,,,,0.0,,,,,,,,,,,,,,,,,,,,,,,,,,,,,,,,,,,,,,,,,,,,,,,,,,,,,,,,,,,,,,,,,,,,,,,,,,,,,,,,,,,,,,,,,,,,,,,,,,,,,,,,,,,,,,,,,,,,,,,,,,,,,,,,,,,,,,,,,,,,,,,,,,,,,,,,,,,,,,,,,,,,,,,,,,,,,,,,,,,,,,,,,,,,,,,,,,,,,,,,,,,,,,,,,,,,,,,,,,,,,,,,,,,,,,,,,,,,,,,,,,,,,,,,,,,,,,,,,,,,1.0,,,,,,,,,,,,,,,,,,,,,,,,,,,,,,,,,,,,,,,,0.9934,,,,,,,,,,,,,,,,,,,,,,,,,,,,,,,,,,,,,,,,,,,,,,,,,,
TopMindsOfReddit,42,,,,,,,,,,,,,,,,,,,,,,,,,,,,,,,,,,,,,,,,,,,,,,,,,,,,,,,,,,,,,,,,,,,,,,,,,,,,,,,,,,,,,,,,,,,,,,,,,,,,,,,,,,,,,,,,,,,,,,,,,,,,,,,,,,,,,,,,,,,,,,,,,,,,,,,,,,,,,,,,,,,-0.7319,,,,,,,,,,,,,,,,,,,,,,,,,,,,,,,,,,,,,,,,,,,,,,,,,,,-0.9931,,,,,,,,,,,,,,,,,,,,,,,,,,,,,,,,,,,,,,,,,,,,,,,,,,,,,-0.99,,,,,,,,,,,,,,,,,,,,,,,,,,,,,,,,,,,-0.9976,,,,,,,,,,,,,,,,,,,,,,,,,,,,,,,,,,,-0.9537,,,,,,,,,,,,,,,,,,,-0.9985,,,-1.0,,,,,,,-1.0,,,,,,-0.9987,,,,,,,,,,,,,,,,,,,,,,,,,,,,,,,,,,,,,,-0.994,,,,,,,,,,,,,,,,,,,,,,,,,0.9758,,,,,,,,,,,,,,,,,,,,,,,,,,,,,,,,,,,,,,,,,,,,,,,,,,,,,,,,,,,,,,,,,,,,,,,,,,,,,,
ACAB,43,,,,,,,,,,,,,,,,,,,,,,,,,,,,,,,,,,,,,,,,,,,,,,,,,,,,,,,,,,,,,,,,,,,,,,,,,,,,,,,,,,,,,,,,,,,,,,,,,,,,,,,,,,,,,,,,,,,,,,,,,,,,,,,,,,,,,,,,,,,,,,,,,,,,,,,,,,,,,,,,,,,0.7039,,,,,,,,,,,,,,,,,,,,,,,,,,,,,,,,,,,,,,,,,,,,,,,,,,,,,,,,,,,,,,,,,,,,,,,,,,,,,,,,,,,,,,,,,,,,,,,,,,,,,,,,,,,,,,,,,,,,,,,,,,,,,,,,,,,,,,,,,,,,,,,,,,,,,,,,,,,,,,,,,,,,,,,,,,,,,,,,,,,,,,,,,,,,,,,,,,,-1.0,,,,,,,,,,,,,,,,,,,,,,,,,,,,,,,,,,,,,,,,,,,,,,,,,,,,,,,-1.0,,,,,,,,,,,,,,,,,,,,,,,,,,,,,,,,,,,,,,,,,,,,,,,,,,,,,,,,,,,,,,,,,,,,,,,,,,,,,,,,,,,,,,,,,,,,,,,,,,,,
blackmirror,44,,,,,,,,,,,,,,,,,,,,,,,,,,,,,,,,,,,,,,,,,,,,,,,,,,,,,,,,,,,,,,,,,,,,,,,,,,,,,,,,,,,,,,,,,,,,,,,,,,,,,,,,,,,,,,,,,,,,,,,,,,,,,,,,,,,,,,,,,,,,,,,,,,,,,,,,,,,,,,,,,,,0.0,,,,,,,,,,,,,,,,,,,,,,,,,,,,,,,,,,,,,,,,,,,,,,,,,,,,,,,,,,,,,,,,,,,,,,,,,,,,,,,,,,,,,,,,,,,,,,,,,,,,,,,,,,,,,,,,,,,,,,,,,,,,,,,,,,,,,,,,,,,,,,,,,,,,,,,,,,,,,,,,,,,,,,,,,,,,,,,,,,0.9999,,,,,,,,,,,,,,,,0.9264,,,,0.9998,0.9994,,,,,,,0.9042,,,,,,,,,,,,,,,,,,,,,,,,,,,,,,,,,,,,,,,,,,,,,,,,,,,,,,,,,,,,,,,,,,,,,0.9486,,,,,,,,,,,,,,,,,,,,,,,,,,,,,,,,,,,,,,,,,,,,,,,,,,,,,,,,,,,,,,,,,,,,,,,,,,,
BlackPeopleTwitter,45,,,,,,,,,,,,,,,,,,,,,,,,,,,,,,,,,,,,,,,,,,,,,,,,,,,,,,,,,,,,,,,,,,,,,,,,,,,,,,,,,,,,,,,,,,,,,,,,,,,,,,,,,,,,,,,,,,,,,,,,,,,,,,,,,,,,,,,,,,,,,,,,,,,,,,,,,,,,,,,,,,,0.7133,,,,,,,,,,,,,,,,,,,,,,,,,,,,,,,,,,,,,,,,,,,,,,,,,,,,,,,,,,,,,,,,,,,,,,,,,,,,,,,,,,,,,,,,,,,,,,,,,,,-0.9768,,,,,,,,,0.9906,,,,,,,,,,,,,,,,,,,,,,,,,,,,,,,,,,,,,,,,,,,,,,,,,,,,,0.9999,,,,,,,,,,,,,,,,,,,,,,,,,,,,,,,,,,-1.0,,,,,,,,,,,,,,,,,,,,,,,,,,,,,,,,,,,,,,,-0.9994,,,,,,,,,,,0.8594,,,,,,,,,,,,,,,,,,,,,,,,,,,,,,,,,,,,-0.9986,,,,,,,,,,,,,,,,,,,,,,,,,,,,,,,,,,,,,,,,,,,,,,,,,,,,,,,,,,,,,,,,,,,,,
ENLIGHTENEDCENTRISM,46,,,,,,,,,,,,,,,,,,,,,,,,,,,,,,,,,,,,,,,,,,,,,,,,,,,,,,,,,,,,,,,,,,,,,,,,,,,,,,,,,,,,,,,,,,,,,,,,,,,,,,,,,,,,,,,,,,,,,,,,,,,,,,,,,,,,,,,,,,,,,,,,,,,,,,,,,,,,,,,,,,,0.9205,,,,,,,,,,,,,,,,,,,,,,,,,,,,,,,,,,,,,,,,,,,,,,,,,,,,,,,,,,,,,,,,,,,,,,,,,,,,,,,,,,,,,,,,,,,,,,,,,,,,,,,,,,,,,,,,,,,,,,,,,,,,,,,,,,,,,,,,,,,,,,,,,,,,,,,,,,,,,,,,,,,,,,,,,,,,,,,,,,,,,,,,,,,,,,,,,,,,-0.9999,,,,,,,,,,,,,,,,,,,,,,,,,,,,,,,,,,,,,,-0.9999,,,,,,,,,,,,,,,,,,,,,,,,,,,,,,,,,,,,,,,,,,,,,,,,,,,,,,,,,,,,,,,,,,,,,,,,,,,,,,,,,,,,,,,,,,,,,,,,,,,,,,,,,,,,,,,,,,,,
EnoughCommieSpam,47,,,,,,,,,,,,,,,,,,,,,,,,,,,,,,,,,,,,,,,,,,,,,,,,,,,,,,,,,,,,,,,,,,,,,,,,,,,,,,,,,,,,,,,,,,,,,,,,,,,,,,,,,,,,,,,,,,,,,,,,,,,,,,,,,,,,,,,,,,,,,,,,,,,,,,,,,,,,,,,,,,,0.8625,,,,,,,,,,,,,,,,,,,,,,,,,,,,,,,,,,,,,,,,,,,,,,,,,,,,,,,,,,,,,,,,,,,,,,,,,,,,,,,,,,,,,,,,,,,,,,,,,,,,,,,,,,,,,,,,,,,,,,,,,,,,,,,,,,,,,,,,,,,,,,,,,,,,,,,,,,,,,,,,,,,,,,,,,,,,,,,,,,,,,,,,,,,,,,,,,,,,,,,,,,,,,,,,,,,,,,,,,,,,,,,,,,,,,,,,,,,,,,,,,,,,,,,,,,,,,,,,,,,,,,,,,,,,,,,,,,,,,,,,,,,,,,,,,,,,,,,,,,,,,,,,,,,,,,,,,,,,,,,,,,,,,,,,,,,,,,,,,,,,,,,,,,,,,,
Firearms,48,,,,,,,,,,,,,,,,,,,,,,,,,,,,,,,,,,,,,,,,,,,,,,,,,,,,,,,,,,,,,,,,,,,,,,,,,,,,,,,,,,,,,,,,,,,,,,,,,,,,,,,,,,,,,,,,,,,,,,,,,,,,,,,,,,,,,,,,,,,,,,,,,,,,,,,,,,,,,,,,,,,0.5106,,,,,,,,,,,,,,,,,,,,,,,,,,,,,,,,,,,,,,,,,,,,,,,,,,,,,,,,,,,,,,,,,,,,,,,,,,,,,,,,,,,,,,,,,,,,,,,,,,-0.9999,,,,,,,,,,,,,,,,,,,,,,,,,,,,,,,,,,,,,,,,,,,,,,,,,,,,,,,,,,,,,,,,,,,,,,,,,,,,,,,,,,,,,,,,,,,,,,,,,,,,,,,,,,,,,,,,,,,,,-0.9946,,,,,,,,,,,,,,,,,,,,,,,,,,,,,,,,,,,,,,,,,,,,,,,,,,,,,,,,,,,,,,,,,,,,,,,,,,,,,,,,,,,,,,,,,,,,,,,,,,,,,,,,,,,,,,,,,,,,,,,,,,,,,,,,,,,,,,,
germany,49,,,,,,,,,,,,,,,,,,,,,,,,,,,,,,,,,,,,,,,,,,,,,,,,,,,,,,,,,,,,,,,,,,,,,,,,,,,,,,,,,,,,,,,,,,,,,,,,,,,,,,,,,,,,,,,,,,,,,,,,,,,,,,,,,,,,,,,,,,,,,,,,,,,,,,,,,,,,,,,,,,,0.9611,,,,,,,,,,,,,,,,,,,,,,,,,,,,,,,,,,,,,,,,,,,,,,,0.694,,,,,,,,,,,,,,,,,,,,,,,,,,,,,,,,,,,,,,,,,,,,,,,,,,,,,,,,,,,,,,,,,,,,,,,,,,,,,,,,,,,,,,,,,,,,,,,,,,,,,,,,,,,,,,,,,,,,,,,,,,,,,,,,,,,,,,,,,,,,,,,,,,,,,,,,,,,,,,,,,,,,,,,,,,,,,,,,,,,,,,,,,,,,,,,,,,,,,,,,,,,,,,,,,,,,,,,,,,,,,,,,,,,,-1.0,,,,,,,,,,,,,,,,,,,,,,-0.9998,,,,,,,,,,,,,,,,,,,,,,,,,,,,,,,,,,,,,,,,,,,,,,,,,,,,,
gunpolitics,50,,,,,,,,,,,,,,,,,,,,,,,,,,,,,,,,,,,,,,,,,,,,,,,,,,,,,,,,,,,,,,,,,,,,,,,,,,,,,,,,,,,,,,,,,,,,,,,,,,,,,,,,,,,,,,,,,,,,,,,,,,,,,,,,,,,,,,,,,,,,,,,,,,,,,,,,,,,,,,,,,,,-0.9305,,,,,,,,,,,,,,,,,,,,,,,,,,,,,,,,,,,,,,,,,,,,,,,-0.9841,,,,,,,,,,,,,,,,,,,,,,,,,,,,,,,,,,,,,,,,,,,,,,,,,,,-1.0,,,,,,,,,,,,,,,,,,,,,,,,,,,,,,,,,,,,,,,,,,,,,,,,,,,,,,,,,,,,,,,,,,,,,,,,,,,,,,,,,,,,,,,,,,,,,,,,,,,,,,,,,,,,,,,,,,,,,0.9989,,,,,,,,,,,,,,,,,,,,,,,,,,,,,,,,,,,,,,,,,,,,,-1.0,,,,,,,,,,,,,,,,,,,,,,,,,,,,,,,,,,,,,,,,,,,,,,,,,,,,,,,,,,,,,,,,,,,,,,,,,,,,,,,,,,,,,,,,,,
MadeMeSmile,51,,,,,,,,,,,,,,,,,,,,,,,,,,,,,,,,,,,,,,,,,,,,,,,,,,,,,,,,,,,,,,,,,,,,,,,,,,,,,,,,,,,,,,,,,,,,,,,,,,,,,,,,,,,,,,,,,,,,,,,,,,,,,,,,,,,,,,,,,,,,,,,,,,,,,,,,,,,,,,,,,,,-0.9517,,,,,,,,,,,,,,,,,,,,,,,,,,,,,,,,,,,,,,,,,,,,,,,,,,,,,,,,,,,,,,,,,,,,,,,,,,,,,,,,,,,,,,,,,,,,,,,,,,,,,,,,,,,,,,,,,,,,,,,,,,,,,,,,,,,,,,,,,,,,,,,,,,,,,,,,,,,,,,,,,,,,,,,,,,,,,,,,,,,,,,,,,,,,,,,,,,,,,,,,,,,,,,,,,,,,,,,,,,,,,,,,,,,,,,,,,,,,,,,,,,,,,,,,,,,,,,,,,,,,,,,,,,,,,,,,,,,,,,,,,,,,,,,,,,,,,,,,,,,,,,,,,,,,,,,,,,,,,,,,,,,,,,,,,,,,,,,,,,,,,,,,,,,,,,
Michigan,52,,,,,,,,,,,,,,,,,,,,,,,,,,,,,,,,,,,,,,,,,,,,,,,,,,,,,,,,,,,,,,,,,,,,,,,,,,,,,,,,,,,,,,,,,,,,,,,,,,,,,,,,,,,,,,,,,,,,,,,,,,,,,,,,,,,,,,,,,,,,,,,,,,,,,,,,,,,,,,,,,,,0.3612,,,,,,,,,,,,,,,,,,,,,,,,,,,,,,,,,,,,,,,,,,,,,,,,,,,,,,,,,,,,,,,,,,,,,,,,,,,,,,,,,,,,,,,,,,0.9999,,,,,,,,,,,,,,,,,,,,,,,,,0.2905,,,,,,,,,,,,,,,,,,,,,,,,,,,,,,,,,,,,,,,,,,,,,,,,,,,,,,,,,,,,,,,0.9999,,,,,,,,,,,,,,,,,,,,,,,,,,,,,,,,,,,,,,,,,,,,,,,,,,,,,,,,,,,,,,,,,,,,,,,,,,,,,,,,,,,,,,,0.9963,,,,,,,,,,,,,,,,,,,,,,,,,,,,,,,,,,,,,,,,,,,,,,,,,,,,,,,,,,,,,,,,,,,,,-0.999,,,,,,,,,,,,,,0.9995,,
newzealand,53,,,,,,,,,,,,,,,,,,,,,,,,,,,,,,,,,,,,,,,,,,,,,,,,,,,,,,,,,,,,,,,,,,,,,,,,,,,,,,,,,,,,,,,,,,,,,,,,,,,,,,,,,,,,,,,,,,,,,,,,,,,,,,,,,,,,,,,,,,,,,,,,,,,,,,,,,,,,,,,,,,,0.7438,,,,,,,,,,,,,,,,,,,,,,,,,,,,,0.0,,,,,,,,,,,,,,,,,,,,,,,,,,,,,,,,,,,,0.9978,,,,,,,,,,,,,,,,,,,,,,,,,,,,,,,,,,,,,,,,,,,,,,,,,,,,,,,,,,,,,,,,,,,,,,,,,,,,,,,,,,,,,,,,,,,,,,,,,,,,,,,,,,,,,,,,,,,,,,,,,,,,,,,,,,,,,,,,,,,,,,,,,,,,,,,,,,,,,,,,,,,,,,,,,,,,,,,,,,,,,,,,,,,,,,,,,,,0.9914,,,,,,,,,,,,,,,,,,,,,,,,,,,,,,,,,,,,,,,,,,,,,,,,,,,,,,,,,,,,,,,,,,,,,,,,,,,,,,,,,,,,,,,,,,
PersonOfInterest,54,,,,,,,,,,,,,,,,,,,,,,,,,,,,,,,,,,,,,,,,,,,,,,,,,,,,,,,,,,,,,,,,,,,,,,,,,,,,,,,,,,,,,,,,,,,,,,,,,,,,,,,,,,,,,,,,,,,,,,,,,,,,,,,,,,,,,,,,,,,,,,,,,,,,,,,,,,,,,,,,,,,0.0,,,,,,,,,,,,,,,,,,,,,,,,,,,,,,,,,,,,,,,,,,,,,,,,,,,,,,,,,,,,,,,,,,,,,,,,,,,,,,,,,,,,,,,,,,,,,,,,,,,,,,,,,,,,,,,,,,,,,,,,,,,,,,,,,,,,,,,,,,,,,,,,,,,,,,,,,,,,,,,,,,,,,,,,,,,,,,,,,,,,,,,,,,,,,,,,,,,,,,,,,,,,,,,,,,,,,,,,,,,,,,,,,,,,,,,,,,,,,,,,,,,,,,,,,,,,,,,,,,,,,,0.9999,,,,,,,,,,,,,,,,,,,,,,,,,,,,,,,,,,,,,,,,,,,,,,,,,,,,,,,,,,,,,,,,,,,,,,,,,,,,,,,,,,,,,,,,
