Index,Unnamed: 0,conspiracyfact,bannination,ConspiracyPastPresent,InconvenientFacts,CitationsNeeded,establishment,FRANCE24auto,TheIntercept,worldevents,BrasildoB,red_irl,Israel_Palestine,OccupyNewHaven,FuckTheCIA,MarchAgainstPompeo,EconomicJustice,ShitAmericansSay,ComradesInGulag,Howie2020,socialistsmemes,TheDickShow,freefromwork,1984isreality,ClassConscienceMemes,AngrySocialist,AnimalRights,AjamuBaraka,Foodforthought,GlobalLockdown,leftist,enviroaction,canadaleft,ToiletPaperUSA,PoliceGang,MyDailyBrief,EndlessWar,FULLDISCOURSE,IntelligenceNews,FutureFear,antiwar,canadapoliticshumour,americanpirateparty,Apocalypse,inspiration,labor,MURICB,Marxism,WApeoplesparty,PoliceAbolition,greed,syriancivilwar,islam,worldpolitics2,CapitalismLateStage,GlobalNews,okbuddyhasan,CaliforniaAction,MutualSupport,BadPharma,AmericanStasi,Intercept,CommunismWorldwide,Awwducational,ClimateCrisis,rawuncutnewss,theIrishleft,LeftCentral,MiddleEastNews,GreenParty,SocialistEconomics,DeclineofUS,BKAC_MichaelBloomberg,news_etc,collapse,196,HillarySoldOut,copwatchnews,YourTaxDollarsAtWork,antiimperialism,Unions,TrueAnon,BrasilOnReddit,MotivateInspire,hoggit,USAggression,MediaCriticism,TrueReddit,occupybirmingham,DystopiaToday,betternews,Libraries,jimmydore,union,BDS,TrueProgressive,propaganda,Tenant,LockdownCriticalLeft,worldpolitics_1,GoliathWorld,InformedTankie,UpliftingPraxis,PoliticalHaze,Piratenpartij,Anarchism,stupidpol,satire,BernieSoldiers,YemeniCrisis,chutyapa,israelexposed,climatechange,upliftingvegan,socialistalternative,ThatsInsane,OrinocoTribune,Politsturm,vegangifrecipes,coronavirus_newz,SocialistPartyUSA,firstlookmedia,environmentaljustice,OurUnitedLeft,aPeoplesCalendar,CorporateMalfeasance,murican_newz,ConsortiumNews,AlJazeera,noshill,jacobinmagazine,Cringetopia,2016_elections,theculling,BKAC_JoeBiden,climate_discussion,UKForeignPolicy,dave5,sociology,ExtinctionRebellion,SocialDemocracy,IWW,LeftWithoutEdge,highereducation,alltheleft,SinoDiscussion,credibleconspiracy,TOTALCOMMUNALISM,WesternTerrorism,eddit10yearsago,TropicalWeather,PillowGuy,ABoringDystopia,uncen,LateStageColonialism,economy,chomsky,Funnymemes,RadicalChristianity,worldnews_1,sorceryofthespectacle,CoronaVirus_2019_nCoV,povertyfinance,worldpoliticalhumour,SanitySouthAfrica,CapitalismSux,LiberalHeretics,NewsWithJingjing,Positive,KomradeInfo,representus,IndependentLeft,IRISHTIMESauto,Anticonsumption,GenZommunist,World_Politics,socialism,finance,veganarchism,pettybickering,FirstLook,PopularOnEchoChamber,PowerinAction,neoprogs,ActualDarkFuturology,Israel,PhxClassWarCouncil,LateStageImperialism,BasicIncome,redscarepod,political,EndDemocracy,ciaMikePompeo,economicCollapse,leftoverspodcast,SocialismAndVeganism,DeepGreenResistance,ALJAZEERAauto,TruePolitics,MoreCommunistChapo,Teachers,autopunch,FalseFlagWatch,ProgressiveActivists,CoronavirusCirclejerk,sendinthetanks,moneymonkies,albany_hookers_booze,YoungEcoSocialists,InternationalLeft,CoronavirusRecession,meme,COMPLETEANARCHY,artificial,USAExposed,unremovable,FailedEvolution,ProgressivePolitics,BAME_UK,LibertarianNews,SOS,UFCW,leftistnews,Trailerclub,ConcentrationOfWealth,ReplaceCapitalism,dystopia,DankLeft,kokasexton,walmart,SubredditTopWeekly,IBEW,Labour,DoomsdayNow,iranian,TrueTrueReddit,newsbotMARKET,Twitter_Brasil,antiwork,veganrecipes,InCaseYouMissedIt,DieOff,GreenAndPleasant,GenZJosephStalin,RSA,anarchocommunism,LevantineWar,IndianCountry,NotYourMothersReddit,Shitstatistssay,venezuela,FuckKamala,Sino,LateStageCapitalism,globalresearch,EarthStrike,LaborPartyofAustralia,TexasAFLCIO,LSCuncensored,Liberty,BernieBros2GreenParty,BlackFreeThinkers,ConspiracyTheory,GateKeepers,capitalism_in_decay,incomeinequality,StrikeAction,EconReports,NewDealAmerica,redditactivism,MarchAgainstJoeBiden,Paupericide,PleaseCallMeRedScarf,PsychicDolphinGarage,DarkEnlightenment,nprogparty,itjustis,Ecosocialism,Climate_apocalypse,DarkFuturology,Green,SMHauto,Hasan_Piker,lostgeneration,PoliticsPeopleTwitter,catsaysmao,urbanplanning,TrueRedditNoPolitics,poweroutage,ComradesInAmerica,countermine,WorkersStrikeBack,AntiMSM,allpolitics,GreenPartyofFlorida,objectiveEconomics,DNCFuckery,jillstein,TumblrAtRest,PresidentWarren,GenZedong,occupywallstreet,NoDAPL,KentuckyGreenParty,peace,SyndiesUnited,NewRussia,unfilter2,editorialcartoons,Wargasm,GreenNewDeal,left_urbanism,whatsreallygoinon,TopConspiracy,GifRecipes,californianews,FintechEU,education,stopworking,communism,chrishedges,JustTheTopNews,TheShamans,tankiecirclejerk,yro,StopSpeciesism,evolutionReddit,jimmydoreshow,ireland,LeftieZ,irishpolitics,Economics,Valopaat,News_OilAndEnergy,HowieHoes,BrasilSimulator,weapons,ROI,RealProgressives,USEmpire,ClimateMemes,LandlordLove,history,Kossacks_for_Sanders,internationalaffairs,warcrimes,arabs,iran,Environmental_Policy,Palestine,millenials,climatejustice,Occupy,politicalwarfare,MarchAgainstTrumpCrap,writing,youngdemsocialists,world,liberalpolitics,AnarchyChess,WorkReform
evolutionReddit,0,0.9568,,,,,,,,,,,,,,,,,,,,,,-0.9985,,,,,,,,,,,,,,,,,,,0.5399,,,,,,,,0.9721,,,,,,,,,,,,0.8876,,,,,,,,,,,,-0.9996,,0.3182,,,,,,,,,,,,,-0.9996,,,,,,,,,,,,,,,,-0.9999,,,,,,,,,,,,,,,,,,,,,,,,-0.9834,,,,,,,,,,,0.9992,,,,0.9982,,,,,,,,,,,,0.9936,,,,,-0.9951,,,,,,,,,,,,0.9853,,,0.9998,,,,,,,,,,,,0.9985,,,,,,,,,,0.9032,,,,,,,,,,,,,,,,,,,,,,,,,,,,,,,,,,,,,,,,,,,,,,,,,,,,,,,-1.0,,,,,,,,-0.6369,,,0.9968,,,,,0.2003,,,,,,,,,,,0.9924,,,0.9998,,,,,,,,,,,,,,,,,,,,,,,,,,,,,-0.9325,,,,,,,,,,,,,,,,,,,,,,,,,,,,,,,,,,,,,,,,0.9064,,,,,,,,
uncen,1,0.7399,,,,,,,-0.867,,,,,,,,,,,,,,,,,,,,0.9488,,,,,,,,-0.9998,,,,-0.9592,,,,,,,,,,,,-0.9999,,,,,,,,,,-0.9933,,,,,,,,,,,,,,,,,,,,,,,,,-1.0,,,,,,,,,,,,,,,,,,-1.0,,,,,,-0.9965,,,,,,,,,,,,,,,,,,,,,,,,,,,,,,,-0.9697,,0.9877,,,,,,,,,,,,,,,,,,,,,,,,,,,,,,,,-0.9999,,,,,,,,,-0.9992,,,,,,,,,,,,,,,,,,,,,,,,,,,,,,,,,,,,,,,-0.2732,,,,,,,,,,,,,,,,,,,,,,0.6385,,,,,,,-0.9993,,,,,,,,,,,,,,,,,,,,,,,,,,0.9911,,,,-0.9999,,,,,,,,,,-0.751,,,,-0.9992,,,,-0.9996,,,,,-0.9944,,,,,,0.9313,,,,,,,-0.9563,,,,,,,,,,,,,,,,,,,,,,,,-0.9978,,,,,,-0.9987,,,,,,,,,,,
blackedoutnews,2,0.9969,,,,,,,,,,,,,,,,,,,,,,,,,,,0.9994,,,,,,,,-0.997,,,-0.2177,-0.9437,,,,,,,,,,,,,,,,,,,,,,,,,,,-0.8591,,,,,,,-0.9997,,,,,,,,,,0.9995,,,0.9996,,0.3182,0.2108,,-0.9768,,,,0.9868,,,,,,,,,-0.9877,0.9807,,,,,,,,,,,,,,,,,,,0.6705,,,,,,,,-0.1833,,,,,,,,,-0.9921,,0.8803,,,,0.5191,,,,0.9487,,,0.9356,0.9827,,,,,,,,,,,,,,,,,,,,-0.9791,,,,,,,,,,,,,,,,,,,,,,,,,,,0.836,,,,,,,,,-0.9989,,,,,,,,,,,,,,,,,,,,-0.9412,,,,,,,,0.8964,,-0.4344,,,,,,,,,,,-0.9996,,,,,,,,,,,,,,,,,,,,,-0.9741,,,,,-0.7191,,,,0.9228,,,,,,,,,,,,,,,,,,-0.9877,,,,,,,,,,,,,,,,,,-0.9979,,,,,,,-0.2743,,,,,,,,,,,,,,,,,-0.9973,,,,,,,,,,,,,,,,,
ConspiracyX,3,,,,,,,,,,,,,,,,,,,,,,,,,,,,0.998,,,,,,,,-0.9998,,,,-0.9974,,,,,,,,,,-0.8767,,,,,,,,,,,,,,,,,,,,,,,,,,,,,,,,,,,,,-0.9989,,,-0.3103,,,,,,-0.793,,,,,,,,,-0.9999,,,,,,0.0,,,,,,,,,,,,,,,,,,0.9516,,,,,,,,,,,,,,,0.9359,,,,,,,,,,,-0.996,,,,,,,,,,,,,,,,,,,,,-0.9984,,,,,,,,,,,,,,,,,,,,,,,,,,,,,,,,,,,,,,-0.2769,,,,,,,,,,,,,,,,,,,,,,,,,,0.4648,,,,,,,,,,,,,,,,,,,,,,,,,,,,,,,,,,,,,,,,-0.9908,,,,,,,,,,,,,,,,,,,,,0.972,,,,,,,,,,,,,,,,,,,,,,,,,,,,,,0.9998,,,,,,,,,,,,,,,,,,-0.9985,,,,,,,,,,,
liberalpolitics,4,0.9629,,,,,,,,,-0.9034,,,,,,,,,,,,,,,,,,-0.9664,,0.0,,,,,,-0.9179,,-0.9521,,0.9731,,,,,0.9147,,,,,,,,,,,,,,,,,,,,,,-0.9547,,-0.9844,,,,,-0.9997,,,,,,,,,,,,,-0.9997,,,,,,,,-0.9437,-0.9795,,,,,,,,,-0.9536,,,,,,,,,,,,,,,,,,,,,,,,,-0.1531,,,,,,,,,,,,0.9995,,-0.9965,,,,0.0,,,,-0.5499,,,,0.3737,,,,,,,,,,,,,,,,,,,,0.9999,,,,,,,,,,,,,,,,,,,,,,,,,,,0.0,,,,,,,,,,,,,,-0.9791,,,,,,,,,,,,,,,,,,,,,,,,,,,,,,,,,,,,0.9999,,,,,,,,,,,,,,,-0.9986,,,,,,,,,,,-0.9931,,,,-0.91,,,,,,,,,,,,,,0.9916,,,,0.9923,0.8277,,,,,,,,,,,,,,,,,,,,,,,,-0.984,,,,,,,,,,,,,,,,,,,,,,,,,,,,,,,,,,
MediaCriticism,5,0.9908,,,,0.97,,,0.9937,,,,,,,,,,,,,,,,,,,,,,,,0.9937,,,,-0.9983,,-0.8807,,-0.9701,,,,,,,,,,,,,-0.1298,,,,,,,,,,,,,,,,,,-0.6497,,,,,,,,,,,,,,,,-0.9999,,0.6868,,,0.8524,,,,-0.9971,,0.9113,,,,,,,,-0.998,,,,,,,,,,,,,,,,,,,0.9531,,,,,,,,,,,,,,,,,0.9899,,0.3779,,,,-0.7096,,,,,,,,-0.9998,,,,,,,,,,,,,,,,,,,,-0.9995,,,,,-0.8914,,,,,,0.7198,,,,,,,,,,,,,,,,,,,,,,0.9256,,,,,,,,,,,,,,,,,,,,,,,0.986,,,,,,,,,,0.9832,,,,,,,,,,-0.9999,0.9988,,,,,,,,,,,,,,,,,,,,,,,,,,,,,,-0.8841,,,,,,,,,,,,,,,,,,,,,,,,,,,,,0.0,,,,,,,0.9542,,,,,,,-0.9954,,,,,,,,,,,-0.9219,,-0.9973,,,,-0.9726,,,,,,,,,,,,,,,,,
Wargasm,6,0.9936,,,,,,,,,0.8658,,,,,,,,,,,,,,,,,,-0.9993,,,,,,,,,,0.9493,,,,,,,,,,,,,-0.9997,-0.9998,,,,,,,,,,0.6908,,,,,-0.9531,,,,,,,-1.0,,,,,,,,,,,,,-1.0,,0.0258,-0.8933,,,,,-0.9869,,,,,,,,,,-0.9994,-0.9999,,,0.9683,,-0.802,,,,,,,,,,,,,,0.0,,,-0.9737,,,,,,,,,,,,,,-0.9965,,-0.9972,,,,,,,,-0.94,,,0.9971,-0.9981,,,,,,,,,,,,,,,,,,,,-1.0,,,,,,,,,,,,,,,,,,,,,-0.9822,,,,,,,,,,,,,,,,,-0.5324,,,,,,,,,,,,,,,,,,,,,,,,,,,,,,,,0.2837,,,,,,,0.9418,,,,,,,,,,,,,,,,,,,,,,,,,,-0.9984,,,,0.969,,,,,,,,,,,,,,,,,,-0.9996,,,,,,,,,,,,,,,,,,-0.9923,,,,,,,0.6064,,,,,,,,,,-0.6705,,,,,,,-0.9997,-0.9833,,,,,-0.6012,,,,,,,,,,,
worldpolitics2,7,0.0,,,,,,-0.0258,,-0.9928,,,,,,,,,,,,,,,,,,,,,,,,,,,-0.9998,,,,,,,,,,,,,,,,,,,-0.0593,,,,,,,,,,0.8775,,,,,,,,,,,,,,,,,,,,,,,,,,,,,-0.9814,,,,,,,0.9869,,,,,-1.0,,,,,-0.9971,,,,,,,,,,,,,,,,,,,,,,,,,,,,,,,-0.9562,,,,,,,,,,,,,0.9062,-0.9973,,,,,,,,,,,,,,,,,,,,-0.9999,,,,,,,,,,,-0.8964,,,,,,,,,,,,,,,,,,,,,,,,,,,,,,,,,,,,,,,,,,,,,,,,,,,,,,,,,,,,,,,,,-1.0,0.9997,,,,,,,,,,,,,,,,,,,,,,,,,,,,,,,,,,,,,,,,,,,,,,,,,,,,,,,,,,,,,,,,,,,,,,,,,-0.8534,,,,,,,,,,,,,,,,,,,0.0788,,,,-0.9976,,,,,,,,,,,
InCaseYouMissedIt,8,,0.0,,,,,,,,,,,,,,,,,,,,,,,,,,,,,,,,,,,,,,,,,,,,,,,,,-0.9998,-1.0,,,0.2842,,,,,,,-0.9001,,,,,,,-0.9981,,,,,-0.9993,,,,,,,,,,,,,,,,,,-0.9841,,,,,,,,,,,,,-1.0,-0.9826,,,,,-0.9929,,,,,,,,,,,,,,,,,,,,,,,,,,-0.8053,,,,,-0.9879,,-0.9987,,,,,,,,0.7703,-0.8504,,0.9935,0.9953,,,,,,,,,,,,,,,,,,,,-0.9999,,,,,0.0,,,,0.9927,,,,,,,,,,,,,,,,,,,,,,,,,,,-0.9183,,,,,,,,,,,,,,,,,,,,0.6828,,-0.885,-0.9946,,,,,,,,,,,0.7643,,,,,,-0.5053,0.9998,,,,,,-0.8924,,,,,,,,,,,,,,,-0.9617,,,,,-0.9886,,,,,,,,,,,0.3626,,,-0.992,,,,-0.8919,,,,,,,,,,,,,,,,,,,,,,-0.9917,,,,,,,,,,,,1.0,,,,,,,,-0.7269,,,,,-0.9057,,,,,0.951,,,,,,,,,,,
conspiracyfact,9,,,,0.9997,,,,,,,,,,,,,,,,,,,,,,,,-0.9941,,,,,,,,,,,,-0.9953,,,,,,,,,,,,,,,,,,,,,,,,,,,,,-0.9938,,,,,-0.9999,,,,,,,,,,,,,-0.9999,,,,,,,,,,,,,,,,,,-0.9517,-0.9812,,,,,,,,,,,,,,,,,,,,,,,,,,,,,,,,,,,,-0.942,,0.993,,,,,,,,-0.9959,,,1.0,0.9988,,,,,,,,,,,,,,,,,,,,0.9998,,,,,,,,,,,,,,,0.6359,,,,,,,0.731,,,,,,,,,,,,,,-0.9973,,,,,,,,,,,,0.9725,,,,,,,,,,,,,,,,,,,,,,,,,,,,-0.9967,1.0,,,,,,,,,-0.3461,,0.9979,,,,,,,,,,,,,,,,,,,0.9999,,,,,,,,,,,,,,,,,,0.9934,,,,,,,,,,,0.0,,,,,,,,,,,,,,,,,,,,,,,,,,,,,,,0.9989,,,,,,,,,,,,,,,,,
SocialismAndVeganism,10,,,,0.9731,,,,,-0.9828,0.802,,,,,,,,,,,,,,,,0.9934,,,,,0.9452,0.9881,,,,,0.9685,,,,,,-0.9246,,,,,,,,,,,,,,,,,,,,1.0,0.8516,,,,,-0.9531,,,,,-1.0,,,,,,,,,,,,,,,0.4854,,,,,,,,,,,,,,,,-0.9961,,,,,,,-0.9775,,,,,-0.6029,1.0,,,,,,,,,,,,,,,,,-0.8038,,,,0.9883,,,-0.8483,,0.9943,,,,,,,,0.999,,-0.9976,-0.9313,-0.9999,,,,,-0.8001,,,,,,,,,,,,-0.9994,,,,,0.9908,,,,,,,,,0.9911,,,,,,,,,,,0.9803,,,,,,,,,,,,,,-0.9979,,,,,,,,,,,,,,0.9816,,,,,,,,,,,,,0.9992,,0.9031,0.9573,,,,,-0.8846,,,,,-0.9984,1.0,,0.8846,,,,,,,,,,,,,,,,,,,,,,,-0.5719,,-0.9837,,,0.9951,,,,,,,,,,,,,,,,,,0.9854,,,,,,,,,-0.9948,,,,1.0,,,,,,,,,,,-0.9912,,,,,,,,,,,,0.9908,,,,,,-0.9949,,,,,0.9614,,,0.9763,,,,,,,,,
AntiMSM,11,,,,,0.8753,,,,,,,,,,,,,,,,,,,,,,,,,,,0.9975,,,,-0.9996,,,,,,,,,,,,,,,,,,,,,,,,,,,,,,,,,-0.9614,,,,,,,,,,,,0.9852,,,,,-0.9677,,,,,,,,,,,,,,,0.9949,,,,,-0.9997,,,,,-0.9993,,,,,,,,,,,,,,,,,,,,,,,-0.5499,,-0.0562,,,,,,,,-0.9342,,,,,,,,0.9858,,,,,,,,,,,-0.8588,,,,,,,,,,,,,-0.9994,,,,,-0.8914,,,,,,-0.8055,,,,,,,,,,,,,,,,,,,,,,-0.9997,,,,,,,,,,,,,,,,,,,,,,,-0.9932,,,,,,,,,,0.8924,,,,,,,,,,,1.0,,,,,,,,,,,,,,,,,,,,,,,,,,,,,-0.8655,-0.9993,,,,,,,,,,,,,,0.9841,,,,-0.9635,,,,,,,0.9544,,,,0.0,0.802,,,,,,,,,,,,,,,,,,,,,,,,-0.7053,,0.9796,,,,-0.9997,0.368,,,,,,,,,,,,,,,,
chomsky,12,,,,,-1.0,,,,,-0.9989,,,,,,,,,,,,,,,,,,,,,,0.9979,,,,,,,,,,,,,,,,,,,,,,,,,,,,,,,,,,,,,0.999,,,,,-0.9998,,,,,,,,,,,,,,,,,,-0.9757,,,,,,,,,,,,,,0.9997,,,,,,,,,,,,,,,,,,,,,,,,,,,,,,,,,-0.9996,,,,,0.9886,,,,,,,,-0.9947,,,,,,,,,,,,,,,,,,,,,-0.9991,,,,,,,,,,,,,,,,,,,,,,,,,,,,,,,,,,,,,,,-0.9869,,,,,,,,,,,,,,,-0.9995,,,,,0.9992,,,,,,,,,,0.9879,,,,,,,,,,,1.0,,-0.9997,,,,,,,,,,,,,,,,,,,,,,,,,,,-0.7701,0.9982,,,,,,,,,,,,,,,,,,,,,,,,,,,,,,,,,,,,,,,,,,,,,,,,,,,,,,0.9404,,,,,,-0.9986,,,,,,,,,,,,,,,,,
USEmpire,13,,,,,-0.9097,,,,,,,,,-0.9332,,,,,,,,,,,,,,,,,,0.9919,,,,,,,,,,,,,,,,,,,,,,,,,,,,,,,,,,,,,,,-0.5106,,,,,,,,,,0.9376,,,,,,,,,,,,,,,-0.993,,,,,0.9908,,,,,-1.0,,,,,,,,,,,,,,,,,,,,,,,,,,,,,,-0.9162,,,,,,0.9916,,-0.9961,,,,,,,,,,-0.9986,-0.7534,,,,,,,,-0.9611,,,,-0.9998,,,,,,,0.9663,,-0.9999,,,,,,,,,,,-0.9894,,,,,,,,,,,,,,,,,,,,,,-0.9951,,,,,,,,,,,,,,,,,,,,,,,,,-0.9993,,,,,,,,0.9707,,,,,,,,,,-0.9995,0.9998,,,,,,,,,,,,,,,,,,,,,,,,,,,,,0.9146,,,,,,,,,,,,,,,-0.9827,,,,,,,,,,,0.2299,,,,,,,,,,,,,,,,,,-0.6439,,,-0.8666,,,,,,,,-0.9921,,,,,,-0.9894,-0.9165,-0.1943,,,,,,,,,,,,,,,
FirstLook,14,,,,,,0.9735,,,,-0.7377,,,,,,,,,,,,,,,,,,-0.9995,,,,,,,,-0.9998,,,,-0.9903,,,,,,,,,,,,-0.9998,,,,,,,,-0.9784,,-0.9928,,,,,,,0.9978,,,,,-0.998,,0.9022,,,,,,,,,,,,,,,,,,0.3489,,-0.9513,,,,,,,0.0,,-0.9999,,,,,,-0.9572,,,,,,,,,,0.0,,,,,,,,,,,,,,,,,,,,,0.9879,,0.902,,,,,,,,,,,-0.9426,-0.9996,,,,,,,,,,,,,,,,,,,,-0.9998,,,0.4404,,,,,,-0.9721,,,,,,,,,,,,,,,,,,0.0,,,,,,,,,,,,,,,,,,,,,,,,,,,,,,,,-0.9996,,,,,,,,,,,,,,,,,,-0.9995,,,,,,,,,,,,,,,,,,,,,,,,,,-0.9975,,,,0.9416,,,,,,,,,,0.9481,,,,-0.9983,,,,0.9737,,,,,,,,,,,,,,,,,,-0.9983,,,,,,,,,,,,,,,,,,,,,,,,,,,,,,-0.9995,,,,,,,,,-0.7778,,
countermine,15,,,,,,,,0.0,0.7309,,,,,,,,,,,,,,,,,,,0.9977,,,,,,,,,,,,0.6908,,,,,,,,,,0.9421,,0.9534,,,,,,,,,,-0.6696,,,,,,-0.9929,-0.9706,,,,,-0.9996,,,,,,,,,,,,,,,,,,,,,,,,,,,,,,-0.0217,-1.0,,,,,,0.5426,,,,,,,,,,,,,,,,,,-0.9828,,,,,,,,,,,,,,,0.9942,,,,,,,,,,,0.9997,0.5778,,,,,,,,,,,,,,,,,,,,-0.9999,-0.9439,,,,,,,,-0.997,,,-0.9961,,,,,,,,,,,,,,-0.9482,,,,,,,,,,,,,,,,,-0.4019,0.5267,,,,,,,,,,,,,,,,,,,,,,,,,,-0.4939,,,,,,,,,,,,,,,,,,,,,,,,,,,,,,,,,,,,,0.9993,,,,,,,,,,,,,,,,,,,,,,,,,,,,,,,,,,,,0.5022,,,-0.128,,,,,,,,,0.9999,,,,,,,,,,,,,,,,-0.9791,,-0.9993,,,,,,,,,,,
Intercept,16,,,,,,,,-0.999,,-0.296,,,,,,0.4404,,,,,,,,,,,,-0.9991,,,,,,,,,,,,,,,,,0.9972,,,,0.9008,,,-0.9993,,,,,,,,,,,,,,,,,0.9846,,,0.1779,,-1.0,,,,,,,,,,,,,,,,,,,,,,,,,,,,,,,-0.9996,-0.9998,,,,,,,,,,,,,,,,,,,,,,,,,,,,,,,,,,,,,,0.9862,,,,,,,,-0.9944,,,-0.9892,-0.9994,,,,,,,,,,,,,,,,,,,,-0.9938,,,,,,,,,,,,,,-0.9313,,,,,,,,0.0,,,,,,,,,,,,,,-0.7979,,,,,,,,,,,,,,,,,,,,0.9355,,,-0.9953,,,-0.4858,,,,,,,,,-0.8665,,,,,-0.9999,1.0,,,,,,,,-0.9625,,,,,,,0.996,,,,,,,,,,,,,,-0.5046,-0.9996,,,,,,,,,,,,,,0.9918,,0.8195,,0.9312,,,,,,,,,,,,,,,,,,-0.9986,,,,,,,,,,,,,,,,,,,,,,,,-0.9996,,,,,,-0.9972,,,,,,,,,,,
julianassange,17,,,,,,,,0.296,,,,,,,,,,,,,,,0.34,,,,,,,,,,,,,,,-0.9987,,,,,,,,,,,,,,,-0.9888,,,,,,,,,,,,,,,,,,,,,,,,,,,,,,,,,,,,,,,-0.7479,,,,,,,,,,,,,,,,,,,,,,,,,,,,,,,,,,,-0.9674,,,,,,,,,,,,,,,-0.0538,,,,,,,,,,,,,,-0.9877,,,,,,,,,,,,,,,,,,,,,,,,,,,,,,,,,,,,,,,,,,,,,,,,,,,,,,,,,,,,,,,,,,,,,,,,,,,,,,,,,,,,,,-0.9749,,,,,,,,,,,,,,,,,,,,,,,,,,,,,,,,,,,,,,,,,,,,,,,,,,,,,,,,,,,,,,,,,,,,,,,,,,,,,,,,,,,,-0.6339,,,,,,,,,,,,,,,,,-0.9973,,,,,,,,,,,,,,,,,
SocialismUncensored,18,,,,,,,,0.4137,,0.0,,,,,,,,,,,,,-0.6249,,,,,,,,,,,,,0.8131,,,,0.0,,,,,0.9783,,,,,,,,,,,,,,,,,-0.9938,,,,,0.4377,,,,,,,,,,,,,,,,,,,,-1.0,,,,,,,,,,,,,,,,,,-0.9999,,,,,,,,,,,,,,,,,,,,,,,,,-0.8481,,,,,,,,,,,,0.9986,,0.9449,,,,,,,,,,,0.998,,,,,,,,,,,,,,,,,,,,,,,,,0.6662,,,,,,,,0.9989,,,,,,,,,,,,,,,,,,,,,,,,,,,,,,,,,,,,,,,,,,,,-0.9483,,,,,,,,,,,,,,,,,,,,,0.9967,,,,,0.0,,,,,,,,,,,,,,,,,,,,,,,,,-0.9646,,,,,,,,,,,,,,,,,,-0.9929,,,,,,,,,,,,,,,,,,-0.9757,,,,,,,,,,,,,,,,,,,,,,,,-0.9997,,,,,,,,,,,,,,,,,
World_Politics,19,,,,,,,,0.9959,,,,,,,,,,,,,,,,,,,,,,,,,,,,,,,,,,,,,,,,,,,-0.9968,,,,,,,,,,,,,,,,,,,,,,,,,,,,,,,,,,,,,,-0.335,,,0.9813,,,,,,,,,0.976,,,,,0.9922,-0.5676,,,,-0.9997,,,,,,,,,,,,,,,,0.9105,,,,,,,,,,,,,,,-0.9302,,,,,,,,,,,,,,-0.9929,,,,,,,,,,,,,,,,,,,,-0.9987,,,,,,,,,,,0.9947,,-0.9981,,,,,,,,,,,,,,,-0.9992,,,,,,,,,,,,,,,,,,,,,,,,,,,,,,-0.9959,,,,,,,,,,,,,,,,,,0.9962,,,,,,,,,,,,,,,,,,,,,,,,,,,,,,,,,,,,,,,,,,,,,,,,,,,,,,,,,,,,,,,,,,,,,,,,,,-0.9005,,,,,,,,,,,,,,,,,-0.9956,,-0.9805,,,,-0.9818,,,,,,,,,,,
socialism,20,,,,,,,,,,-0.4986,,,,,,,,,,,,,,,,,,,,,,0.9997,,,,,,,,,,,,,,,,,,,,,,,,,,,,,,,,,,,,,,,,,,,,,,,,,,,,,,,,,,,,0.8767,,,,,,,,,,,,,,,,,,,,,,,,,,,,,,,,,,,,,,,,,,,,,,,,,,,,0.9418,,,,,,,,0.9669,,,,,,,,,,,,,,,,,,,,,,,,,,,,,,,,,,,0.9984,,,,,,,,-0.9997,,,,,,,,,,,,,,,,,-0.9995,,,,,,,,,,,,,,,-0.8476,,,,,,,,,,,0.9998,,,,,,,,,,,-0.9999,,,-0.9999,,,,,,,,,,,,,,,,,,,,,,,,,,,,,,,1.0,,,,,,,,0.9999,,,,,,,,,,,,,,,,,,,,,,,,,,,,,,,,,,,,,,,,,,,,,,,,,,,,,,,,,,-0.9978,,,,,,,,,,,
LeftWithoutEdge,21,,,,,,,,,,-0.7373,,,,,,,,,,,,,,,,,,,,,,0.9913,,,,,,,,,,,,,,,,,,,,,,,,,,,,,,,,,,,,,,,,,,-0.9998,,,,,,,,,,,,,,,,,,,,,,,,,,,,,,,,-0.9998,,,,,,,,,,,,,,,,,,,,,,,,,,,,,,,,,,,,,,,,,,,,,,0.9997,,,,,,,,,,,,,,,,,,,,,,,,,,,,,,,,,,,-0.999,,-0.8868,,,,,,,,,,,,,,,,,,,,,,,-0.9998,,,,,,-0.998,,,,-0.9549,,,,,,,,,,,,,,,,0.9995,,,,0.9879,,,,,,,,,,,1.0,,,,,,,,,,,,,,,,,,,,,,,,,,,,,0.9489,,,-0.9948,,,,,,,,,,,,0.6715,,,,-0.9999,,,,,,,,,,,,,,,,,,,,,,,,,,,,,,,,,,,,,,,,,,,,,,,,,,,,,,,,,,,
WesternTerrorism,22,,,,,,,,,,-0.2498,,,,,,,,,,,,,,,,,,-0.9994,,,,,,,,,,-0.9789,,,,,,,,,,,,,,-1.0,-0.9798,,,,,,,,,-0.7469,,,,,,,,,,,,,,,,,,,,,,,,,-1.0,,,,,-0.9994,,-0.8959,,,,,,,,,,,-1.0,,,,,,-0.9914,,,,,,,,,,,,,,,,,,,,,,,,,,,,,,,-0.9915,,0.9947,,,,,,,,,,,,-0.9997,,,,,,,-0.9143,,,,-0.9999,,,,,,,,,-1.0,,,,,,,,,,,-0.9909,,,,,,,,,,,,,,,,0.9636,,,,,,-0.9985,,,0.9992,,,,,,,,,,,,,,,,,,,,0.967,,-0.9837,,,,,,,,,,,,-0.9936,,,,-0.9386,,-0.985,0.9927,,,,,,,,,,,,,,,,,,,,,,,,,,,,,,,,,,,,,,,,,,,,-0.9921,,,,-0.9994,,,,,,,,0.9423,,,0.6712,,,,,,,0.9635,,,,,,,-0.998,,,,,,,,,,,,,,,,,-1.0,-0.8674,-0.9599,,,,-0.997,,,,,,,,,,,
catsaysmao,23,,,,,,,,,,,-0.9531,,,,,,,,,,,,,,,,,,,,,,,,,,,,,,,,,,,,,,,,,,,,,,,,,,,,,,,,,,,,,,,,,,,,,,,,,,,,,,,,,,,,,,,,,,,,,,,,,,,,,,,,,,,,,,,,,,,,,,,,,,,,,,,,,,,,,,,,,,,,,,,,,,,,,,,,,,,,,,,,,,,,,,,,,,,,,,,,,,,,,,,,,,,,,,,,,,,,,,,,,,,,,,,,,,,,,,,,,,,,,,,,,,,,,,,,,,,,,,,,,,,,,,,,,,,,,,,,,,,,,,,,,,,,,,,,,,,,,,,,,,,,,,,,,,,,,,,,,,,,,,,,,,,,,,,,,,,,,,,,,,,,,,,,,,,,,,,,,,,,,,,,,,,,,
PleaseCallMeRedScarf,24,,,,,,,,,,,0.9299,,,,,,,,,,,,,,,,,,,,,,,,,,,,,,,,,,,,,,,,,,,,,,,,,,,,,,,,,,,,,,,,,,,,,,,,,,,,,,,,,,,,,,,,,,,,,,,,,,,,,,,,,,,,,,,,,,,,,,,,,,,,,,,,,,,,,,,,,,,,0.9556,,,,,,,,,,,,,,,,,,,,,,,,,,,,,,,,,,,,0.9302,,,,,,,,,,,,0.0,,,,,,-0.9031,,,,,,,,,,,,,,,,,,,,,,,,,,,,,,,,,,,,,,-0.4445,,,,,,,,,,,,,,,,,,,,,,,,,,,,,,,,,,,,,,,,,,,,,,-0.5267,,,,,,,,,,,,,,,,,,,,,,,,,,,,,,,,,,-0.144,,,,,,,,,,,,,,,,,,,,,,,,,,,,,,,,,,,,,
LeftCentral,25,,,,,,,,,,,,-0.9993,,,,,,,,,,,,,,,,,,,,,,,,,,0.0,,,,,,,,,,,,,,-1.0,,,,,,,,,,,,,,,,,,,,,,-0.9993,,,,,,,,,,,,,,,,,,,,,,,,,,,,,,,,-0.9997,,,,,-0.9778,,,,,,,,,,,,,,,,,,,,,,,,,,,,,,,-0.956,,0.6981,,,,,,,,-0.9991,,,,-0.9995,,,,,,,,,,,,,,,,,,,,,,,,,,,,,0.9994,,0.743,,,,,,,,,,,,,,,,,,,,,,,,,-0.9802,,,,,,,,,,,,-0.7887,,,,,,,,-0.9917,,-0.9999,,,,,,,,,,,,,,,,,,-0.9995,0.9999,,,,,,,,,,,,,,,,,,,,,,,,,,,,,,0.9973,,,,,,,,,,,,,,,,,,-0.9999,,,,,,,,,,,,,,,,,,,,,,,,,0.0516,,,,,,,,,,,,,,,,,-0.9988,,,0.7789,,,-0.9994,,,,,,,,,,,
occupywallstreet,26,,,,,,,,,,,,,-0.9621,,,,,,,,,,,,,,,,,,,,,,,,,,,,,0.9515,,,,,,,,-0.9789,,,,,,,,,,,,,,,,,,,,,,,,-0.9964,,,,,,,,,,,,,,0.3378,,,,,,,,,,,,,,,,,-0.9999,,,,,,,,,,,,,,,,,,,,,,,,,,,,,,,,,,,,,,,-0.966,,,,,-0.9942,,,,,,,,,,,,,,,,,,,,,,,,,,,,,,,,,,,,,,,,,,,,,,,,,,,,,,,,,,,,,,,,,,,,,,,,,,,,,,,,,,,,,,,,,,,,,,,,,,,,,,,,0.9997,,,,,,,,,,,,,,,,,,,,,,,,,,,,,,0.9997,,,,,,,,,,,,,,,,,,,,,,,,,,,,,,,,,,,,,,,,,,,0.9972,,,,,,,,,,,,,,,,,,,,,,,,,,0.9876,,,,,,,,
IntelligenceNews,27,,,,,,,,,,,,,,0.9685,,,,,,,,,,,,,,,,,,,,,,,,,,,,,,,,,,,,,,,,,,,,,,,,,,,,,,,,,,,,,,,,,,,-0.9994,,,,,,,,,,,0.9685,,,,,,,,,,,,,-0.9977,-0.9999,,,,,-0.8863,,,,,,,,,,,,,,,,,,,,,,,,,-0.991,,,,,,-0.9828,,0.7399,,,,,,,,0.7351,,,,-0.9982,,,,,,,,,,-0.9777,,,,,,,,,,-0.9948,,,,,,,,,,,,,-0.994,,,,,,,,,,,,,,,,,,,,0.6573,,,,,,,,,,,,,,,,,,,,,,,0.9943,,,,,,,,,,0.6039,,,,,,,,,,-0.9999,0.9991,,,,,,,,,,,,,,,,,,,,,,,,,,,,,,-0.9815,,,,,,,,,,,,,,,,,,,,,,,,,,,,,,,,,,,,,,,,,,,0.9328,,,,,,,,,,,-0.9739,,,,,,-0.9765,,,,,,,,,,,,,,,,,
USAExposed,28,,,,,,,,,,,,,,,0.743,,,,,,,,,,,,,,,,,,,,,-0.9991,,,,0.3939,,,,,,-0.6705,,,,,,,,,,,,,,,,,,,,,0.0,,,,,,,-0.9996,,,,-0.1531,,,,,,,,,-1.0,,,,,-0.9958,,,,0.9287,,,0.743,,,,,,-0.9995,-0.9998,,,,,-0.991,,,,,,,,,,,,,,,-0.0814,,,,,,,,,,,,,,,,-0.9528,,-0.8577,,,,,,,,0.9543,,,-0.991,,,,,,,,,,,,,,,,,,,,,-0.9902,,,,,,,,,,,,,,,,,,,,,,,,,,,,,,,,,-0.9972,,,,,,,,,,,,,,,,,,,,,,,-0.681,,-0.6643,,,,,,,,,,,,,,,,,,-0.9994,0.9998,,,,,,,,,,,,,,,,,0.0,,,,,,,,,,,,,-0.9989,,,,,,,,,,,,,-0.8969,,,,,-0.9968,,,,,,,,,,,,,,,,,,,,,,,,,0.8625,,,,,,,,,,,,,,,,,-0.979,,,,,,,,,,,,,,,,,
propaganda,29,,,,,,,,,,,,,,,,,0.996,,,,,,,,,,,-0.9964,,,,,,,,,,,,,,,,,,,,,,,,,,,,,,,,,,,,,,,,,,,,,,,,,,,,,,,,,,,-1.0,,,,,0.6781,,,,,,,,,,,,,-0.9998,-0.9998,,,,,-0.9992,,,,,,,,,,,,,,,,,,,,,,,,,,,,,,,-0.9718,,0.9752,,,,,,,,-0.8741,,,,0.8922,,,,-0.989,,,,,,,,,,,,,,,,-0.9968,,,,,,,,,0.9864,,,,,,,,,,,,,,,,,,,,,,,,,,,,,,,,,,,,,,,,,,,,,,,0.379,,-0.9992,,,,,,,,,,,,,,,-0.9872,,,-0.9562,0.9999,,,,,,,,,,,,,,,,,,,,,,,,,,,,,,-0.9112,,,,,,,,,,,,,,0.9931,,,,0.9671,,,,,,,,,,,-0.9642,0.3899,,,,,,-0.9864,,,,,,,,,,,,,,,,,,,,,,,,-0.9974,,,,0.9727,,0.8348,,,,,,,,,,,
GreenParty,30,,,,,,,,,,,,,,,,,,,0.999,,,,,,,,,,,,,,,,,,,,,,,,,,,,,,,,,,,,,,,,,,,,,,,,,,,,,,,,,,,,,,,,,,,,,,,,,-0.9998,,,,,,,,,,,,,,,,-0.327,,,,,,,,,,,,0.983,,,0.1867,,,,,,,-0.6659,,,,,,,,,,-0.7897,,,,0.9737,,,,,,,,,,,,,,,,,,,,,,,,,,,-0.4114,,,,,0.9999,,,,,,,,,,,,,,,,,,,,0.6249,,,,,,,,,,,,-0.4664,,,,,,,,,,,,,,,,,,,,,,,,,,,,,,,,,,,,,,,,,,,,,0.9999,,,,,,,0.2565,,,,,,,,,,0.9749,,,,,,,-0.8433,,,0.9988,,,0.9961,,,,,,,,,,,0.1867,,,,,,,,,,,,,,,,,,,,,,,,,,0.8725,,,,,,,,,,,,,,0.9702,,,,-0.886,,,,,,,,,,,,,,,,,,,,,,
PeoplesPartyUSA,31,,,,,,,,,,,,,,,,,,,0.5994,,,,,,,,,,,-0.1027,,,,,,,,,,,,,,,,,,,,,,,,,,,,,,,,,,,,,,,,,,,,,,,,,,,,,,,,,,,,,,,,,,,,,,,,,,,,0.9999,,,,,,,,0.9858,,,,,,0.9945,,,,,,,,,,,,,,,,,,,,0.9608,,,,0.998,,,,,,,,0.9371,,,,0.5982,,,,,,,,,,,,,,,0.5994,,,,,-0.9823,,,,,,,,,,,,0.9999,0.9955,,,,,,,,,,,,,,,,,,,,,,,,,,,,,,,,,,,,,,,,,,,,,,,,,0.9997,,,,,,,,,,,,,,,1.0,,,,,,,,,,,,,,,0.9993,,,,,,,,,,,,,,-0.795,-0.997,,,,,,,,,,,,,,0.9993,,,,0.9122,,,,,,,,,,,,,,,,,,,-0.9431,,,,,,,0.8288,,,,,,,,,,,,,,,,,,,,,,,,,,,,,-0.4188,,,,
ProgressiveActivists,32,,,,,,,,,,,,,,,,,,,,,,,,,,,,,,,,,,,,,,,,,,,,,,,,,,,,,,,,,,,,,,,,,,,,,,,,,,,,,,,,,,,,,,,,,,,,-0.9929,,,,,,,,,,,,,0.9954,,,,,,,,,,,,,,,,,,,,,,,,,,,,,,,,,,,,,0.9989,,0.9831,,,,,,,,,,,0.9963,,,,,,,,,,,,,,,,,,,,,0.9998,,,,,,,,,,,,,,,,,,,,,,,,,,,,,,,,,,,,-0.994,,,,,,,,,,,,,,,,,,,,,,,,,,,,,,,,,,,,,,,,,1.0,,,,,,,,,,,,,,,,,,,,,,,,,,,,,,0.9989,,,,,,,,,,,,,,-0.9081,,,,-0.97,,,,,,,,,,,,,,,,,,,0.3182,,,,,,0.9702,-0.128,,,,,,,,,,,,,,,,0.9997,,,,,,,,,,,,,,,,,
capitalism_in_decay,33,,,,,,,,,,,,,,,,,,,,-0.9971,,0.9268,,,,,,,,,0.9631,0.9866,,,,,-0.4098,,,,,,,,,,,,,,,,,,,,,,,,,,,,,,,,-0.9128,,,,,-0.999,,,,,,,,,,,,,,,,,,,,,,,-0.9943,,,,,,,,-0.9993,-0.999,,,,,,,,,,,,,,,,,,,,,,,,,,,,,0.6658,,,,0.9928,,,0.989,,,,,,,,,,,,,,,,,,,-0.9929,,,,,,,,,,,,0.9877,,,,,,,,,,,,,,-0.9994,,,,,,,,,,,-0.4926,,,,,,,,,,,,,,-0.9999,,,,,,,,,,,,,,,0.978,,,,,,,,,,,-0.9973,,,-0.9939,0.8425,,,,,,,-0.9782,,,,0.9999,,-0.9937,,,,,,,,,,,,,,,,,,,,,,,,,0.34,,,-0.9999,,0.9961,,,,,,1.0,,,,,,,,,,0.9985,,,,,,,,,0.658,,,,,,,,,-0.9564,,,,,,,,,,,,,,,,,,,,,,-0.8675,,,,,,,,,,,,,,,,,,,
TrueReddit,34,,,,,,,,,,,,,,,,,,,,,-1.0,,,,,,,,,,,,,,,,,,,,,,,,,,,,,,,,,,,,,,,,,,,,,,,,0.9873,,,,,0.9996,,,,,,,,,,,,,,,,,0.9504,,,,,,,,,,,,,,-0.9998,,,,,,,,,,,,,,,,,,,,,,,,,,,,,,,,,,,0.9122,,0.9424,0.998,0.9712,,,,,-0.5803,,,-0.9974,,,1.0,,,,,,,,,,,,,,,,,,,,,0.9976,,,,,,,,,,,,0.9999,,,,,,,,,,,,0.9996,,,,,,,,,,,,,,,,,,,,,,,,,-0.4497,,,,,,,,,,-0.9998,,,-0.975,,,,,,,,,,,,,,,1.0,,,,,,,,,,0.961,,,,,,,,,,,,,,,,,,,,0.9957,,,,-0.4404,,,,,,,,,,-0.5013,-0.9992,,,,,,,,,,,,,,,,,,,0.9999,,,,,,,,,,,,,,,-0.296,,,,,,,,,,1.0,-0.998,,,,,,,,,,,,1.0,,,,,
lostgeneration,35,,,,,,,,,,,,,,,,,,,,,,0.9997,,,,,,,,,,,,,,,,,,,,,,,,,,,,,,,,,,,,,,,,,,,,,,,,,,,,,,,,,,,,,,,,,,,,,,,,,,,,,,,,,,,,,,,,,,,,,,,,,,,,,,,,,,,,,,,,,,,,,,,,,,,,,,,,,,,,,,,,,,,,,,,0.9997,,,,,,,,,,,,,,,,,,,,,,,,,,,,,,,,,,,,,,,,,,,,,,,,,,,,,,,,,,,,,,,,,,,,,,,,,1.0,,,,0.9991,,,,,,,,,,,,,,,,,,,,,,,,,,,,,,,,,,,,,,,,,,-0.9734,-0.9882,,,,,,1.0,,,,,,,,,,,,,,,,,,,,,,,,,,,,,,,,,,,,,,,,,,,,,,,,,,,,,,,,,,,,,,,,,,,,,
BernersForStein,36,,,,,,,,,,,,,,,,,,,,,,,,,,,,,,,0.6705,,,,,,,,,,,,,,,,,,,,,,,,,,,,,,,,,,,,,,,,,,,,,0.0,,,,,,,,,,,,,,,,,,,,,,,,,,,,,,,,,,,,,,,,,,,,,,,,,,,,,,,,-0.5073,,,,,,,,-0.95,,,,-0.9504,,,,,,,,,,,,,,,,,,,,,,,,,,,,,,,,,,,,,,-0.7016,-0.3182,,,,,,,,,,,,,,,,,,,,,,,,,,,,,,,,,,,,,,,,,,,,,,,,,,,,,,,,,,,,,,,,,,,,,,,,,,,,,,,,,,,,,,,,,,,,,,,,,0.9994,,,-0.9967,,,,,,,,,,,,,,,,,,-0.8417,,,,,,,,,,,,,,,,,,,,,,,,,0.9976,,,,,,,,,,,,,,,,,,,,,,,,,,,,,,,,,,
BernieorBust,37,,,,,,,,,,,,,,,,,,,,,,,,,,,,,,,0.6705,,,,,,,,,,,,,,,,,,,,,,,,,,,,,,,,,,,,,,0.9665,,,,,,,0.6351,,,,,,,,,,,,,,,,,,,0.6705,,,,,,,,,,,,,,,,,,,,,,,,,,,,,,,,,,,,,-0.5073,,,,,,,,-0.8837,,,,-0.9934,,,,,,,,,,,,,,,,,,,,,,,,,,,,,,,,,,,,,,-0.8962,,,,,,,,,,,,,,,,,,,,,,,,,,,,,,,,,,,,,,,,,,,,,,,,,,,,,,,,,,,,,,,,,,,,,,,,,,,,,,,,,,,,,,,,,,,,,,,,,,0.9991,,,-0.9999,,,,,,,,,,,,,,,,,,0.8507,,,,,,,,,,,,,,,,,,,,,,,,,0.9942,,,,,,,,,,,,,,,,,,,,,,,,,,,,,,,,,,
WorkersStrikeBack,38,,,,,,,,,,,,,,,,,,,,,,,,0.9907,,,,,,,,,,,,,,,,,,,,,,,,,,,,,,,,,,,,,,,,,,,,,,,,,,,,,,,,,,,,,,,,,,,,,,,,,,,,,,,,,,,,,,,,,,,,,,,,,,,,,,,,,,,,,,,,,,,,,,,,,,,,,,,,,,,,,,,,,,,,,,,,,,,,,,,,,,,,,,,,,,,,,,,,,,,,,,,,,,,,,,,,,,,,,,,,,,,,,,,,,,,,,,,,,,,,,,-1.0,,,,,,,,,,,,,,,0.9998,,,,,,,,,,,,,,,,,,,,,,,,,,,,,,,,,,,,,,,,,,,,,,,,,,,,,,,,,,,,,,,,,,,,,,,,,,,,,,,,,,,,,,,,,,,,,,,,,,,,,,,,,,,
Anarchism,39,,,,,,,,,,,,,,,,,,,,,,,,,0.8297,,,,,,,0.9965,,,,,,,,,,,,,,,,,,,,,,,,,,,,,,,,,,,,,,,,,,,,,,,,,,,,,,,,,,,,,,,,,,,,,,,,,,,,,,,,,,,,,,,,,,,,,,,,,,,,,,,,,,,,,,,,0.6446,,,,,,,,-1.0,,,,,,,,,,,,,,,,,,,,,,,,,,,,,,,,,,,,,,,,,,,,,,,,,,,,,,,,,,,,,,,,,,,,,,,,,,,,,,,,,,,,,,1.0,,,,-0.9998,,,,,,,-0.9998,,,,,,,,,,,,,,,,,,,,,,,,,,,,,,,,,,-0.9991,,,,,,,,,,,,,,,,,,,,,,-0.4839,,,,,,,,,,,,,,,,,,,,,,,,,,,,,,,,,,,,,,,,,,,,,,,,,,,,,,,
CommunismWorldwide,40,,,,,,,,,,,,,,,,,,,,,,,,,0.5118,,,,,,,0.9918,,,,,,,,,,,,,,,0.9117,,,,,,,,,,,,,,,,,,,,,,,,,,,,,,,,,,,,,,,,,,,,,,-0.9562,,,,,,,,,,,,-0.9985,,,,,,,,,,,,0.9993,,,,,,,,,,,,,,,,,,,,,,,,0.9968,,,0.9999,,,,,,,,,,,,-0.9965,,,,,,,,,,,,,,,,,,,,,,,,,,,,,,,-0.9529,,,,,,,,,,,,,,,,,,,,,,,,,-0.9998,,,,,,,,,,,,,,,-0.9827,,,,,0.9866,,,,,,,,,,,,,0.8752,,,,,,,,1.0,,,,,,,,,,,0.9977,,,,,,,,0.9998,,,,,,,,,,,0.9959,,1.0,,,,,,,,,,,,,,,,-0.9933,,,,,,,,,,,,,,,,,,-0.9952,,,,,,,,,,,,,,,,,,0.9976,,,,,,,,,,,,,,,,,,,,,,,
LateStageImperialism,41,,,,,,,,,,,,,,,,,,,,,,,,,-0.1655,,,,,,,0.9986,,,,,,,,,,,,,,,,,,,,,,,,,,,,,,,,,,,,,,,,,,,,,,,,,,,,,,,,,,,,,,,,,,,,,,,,,,,,,,,,,,,,,,,,,,,,,,,,,,,,,,,,,,,,,,,,,,,,,,,,-1.0,,,,0.9992,,,,,,,0.9647,,,,,,,,,,0.9993,,,,,,,,,,,,,,,,,,,,,,,,,,,,,,,,,,,,,,0.4939,,,,,,,,,,,,,,,,-0.9237,,,,,,,,,,,-0.6525,,,,,,,,,,,0.9993,,,,0.9999,,,,,,,,,,,,,,,,,,,,,,,,,,,,,,-0.9981,,,,,,,,,,,,,,,,,,,,,,,,,,,,,,,,,,,,,,,,,,,,,,,,,,,,,,,,,,,,,,,,,,,,,,,,,,,,,
1984isreality,42,,,,,,,,,,,,,,,,,,,,,,,,,,,,-0.9996,,,,,,,,,,,,,,,,,,,,,,,,,,,,,,,,,,,,,,,,,,,,,,-0.9999,,,,,,,-0.9988,,,,,,,,,,,0.8586,,,,,,,,,,,,,-1.0,-0.9999,,,,,,,,,,,,,,,,,,,0.9772,,,,,,,,,,,,,,,,,,,0.9984,,,,,,,,-0.9999,,,0.9977,0.9878,,,,,,,,,,,,,,,,,,,-0.0516,-0.9999,,,,,,,,,,,0.9597,,-0.9926,,,,,,,,,,,,,,0.1431,,,,,,,,,-0.9969,,,,,,,,,,,,,,,,,,,,-0.9855,,,,,,0.9998,,,,,,,,,,,-0.9999,,,0.9782,0.9999,,,,,,,,,,,0.9962,,,,,,,,,,,,,,,,,,-0.9736,-0.8735,,,,,,,,,,,,,,,,,,0.9958,,,,,,,,,,,0.9551,0.0,,,,,,,,,,,,,,,,,,,,,,,,,,-0.959,,,,,,,,,,,,,,,,,,,,,
antiwar,43,,,,,,,,,,,,,,,,,,,,,,,,,,,,-0.9999,,,,,,,,,,,,,,,,,,,,,,,,-0.9999,,,,,,,,,,,,,,,,,,,,,,,,,,,,,,,,,,,1.0,,,,,,,,,,,,,,,,,,-0.9883,-0.9806,,,,,,,,,,,,,,,,,,,,,,,,,,,,,,,,,,,,-0.9988,,-0.4729,,,,,,,,-0.9966,,,,,,,,,,,,,,,,,,,,,,,,-1.0,,,,,,,,,,,0.9866,,,,,,,,,,,,,,,,,,,,,,-0.9977,,,,,,,,,,,,,,,,,,0.8366,,,,,,,,,,,,,,,,,,,,,,,,,,-1.0,,,,,,,,,,,,,,,,,,,,,,,,,,,,,,,,,,,,,,,,,,,,-0.4215,,,,-0.997,,,-0.9984,,,,,,,,,,,,,,,-0.9991,,,,,,,,,,,,,,,,,,,,,,,,-0.9996,0.4696,-0.8895,,,,,,,,,,,,,,,
CorporateMalfeasance,44,,,,,,,,,,,,,,,,,,,,,,,,,,,,-0.996,,,,0.9893,,,,-0.9815,,0.997,,0.642,,,,,0.6068,,,,,0.9253,,,,,,,,,-0.6996,,,,,,,,,,,,,,,-0.9999,,,,,,,,,,,,,0.9999,,,,,,,,,,,,,,,,,,-0.9469,-0.9987,,,,,,,,,,,,,,,,,,,,,,,,,,,,,,,,,,,,-0.7711,,0.9856,,,,,,,,-0.9991,,,0.9992,-0.9882,,,,,,,,,,,,,-0.0788,,,,,,,-0.9979,,,,,,,,,,,,,,,,,,,,,,,,,0.0,,,,,,,,,,,,,,,,,,,,,,,,,,,,,,,,,,-0.9792,,,0.9956,,,,,,,,,,,,,,,1.0,,,,,,,,,,,0.9974,,,,-0.9748,,,,,,,,,,,,,,,-0.9952,,,,,,,,,,,,,,,,,,0.9848,,,,,,,,,,,,,,,,,,,,,,,,,,,,,,0.9999,,,,,,,,,,,,-0.9967,,,,,,,,,,,,,,,,,
news_etc,45,,,,,,,,,,,,,,,,,,,,,,,,,,,,0.7478,,,,,,,,,,,,,,,,,,,,,,,,,,,,,,,,,,,,,,,,,,,,,,,,,,,,,,,,,,,1.0,,,,,,,,0.0,,,,,,,,,,,,,,,,,,,,,,,,,,,,,,,,,,,,,,,,,,0.8738,,,,,,,,,,,,,,,,,,0.9747,,,,,,,,,,,,,,,,,,0.9894,,,0.991,,,,,,,,,,,,0.9994,,,,,,,,,,,,,,,,,,,,,,,,,,,,,,,,,,,,,,,,,,,,,,,,,,0.916,,0.9222,,,,,,,,,,,,,-0.9648,,,,,,,,,,,,,,,,,,,,,,,,,,,,,,0.995,,,,,,,,,,,,,,,,,,-0.8698,,,,,,,,,,,,,,,,,,,,,,,,,,,,,,-0.9962,,,,,,,,,,,,,,,,,,,,,,,,,,,,,
TrueProgressive,46,,,,,,,,,,,,,,,,,,,,,,,,,,,,-0.9982,,,,,,,,,,,,,,,,,,,,,,,,,,,,,,,,,,,,,,,-0.4066,,,,,,,0.9242,,0.0018,,,,,,,,,,,,,,,,,,,,,,,,,,,,,-0.9987,-0.9963,,,,,,,,,,,,,,,,,,,,,,,,,,,,,,,-0.6908,,,0.9993,,0.9722,,-0.7906,,,,,,,,,,,0.999,0.7644,,,,,,,,,,,,,,,,,,,,0.9997,,,,,,,,,,,,1.0,,,,,,,,,,,,,,,,,,,,,,,,,,,,,,,,,,,,,,,,,,,,,,,,,,,,,,,,,,,,,,,,,0.9999,,,,,,,,,,,,,,,,,,,,,,,,,,,,,,0.9993,,,,,,,,,,,,,,,,0.9991,,-0.9973,,,,,,,,,,,,,,,,,,,,,,,,,,,,,,1.0,,,,,,,,,,,,0.9996,,,,,,,,,,,,,,,,,
whatsreallygoinon,47,,,,,,,,,,,,,,,,,,,,,,,,,,,,,0.9616,,,,,,,,,,,,,,,,,,,,,,,,,,,,,,,,,,,,,,,,,,,,,,,,,,,,,,,,,,,,,,,,,,,,,-0.9978,,,,,,,,,,,,,,,,,,,,,,,,,,,,,,,,,,,,,,,,,,,,,,,,,,,,,,,,,,,,,,,,,,-0.6893,,,,,,,,,,,,,,,,,,,,,,,,,,,,,,,,,,,,,,,,-0.9996,,,,,,,,,,,,,,,,,,,,,,,,,,,,,,,,,,,,,,,,,,,,,,,,,,,,,,,,,,,,,,,,,,,,,,,,,,,,,,,,,,,,,,,,,,,,,,,,,,,,,,,,,,,,,,,,,,,,,,,,,,,,,,,,,,,,,,,,,,,,,,,,,,,,,,,,,,,,
DarkFuturology,48,,,,,,,,,,,,,,,,,,,,,,,,,,,,,,,0.9541,-0.6422,,,,0.8867,0.7876,,,0.9944,,,,,,,,,,,,,,,,,,,,,,0.6369,,,,,,,-0.998,,,,,-1.0,,,,,,,,,,,,,,,,,,,,,,,,,,,,,,,-0.9836,-0.9999,,,,,,,,,0.9772,,,,,,,,,,,,,,,,,,,,-0.6815,,-0.913,,-0.9989,,,-0.9932,,0.9789,,,,,,,,0.9994,,,-0.9992,-0.9968,,,,0.9966,,,,,,,,,,,,,-0.9994,,,-0.9996,,,,,,,,-0.7538,,,,,0.9952,,,,,,,,,,,,,,,,,,,,,,,-0.9942,0.9983,,,,,,,,,,,-0.7845,,0.9995,,,,,,,,,,,,0.9981,,,-0.9982,-0.5378,,,,,,,-0.9998,,,-0.5805,1.0,,-0.9989,,,,,,,,,,,,,-0.999,,,,,,,,,,,,-0.803,-0.999,-0.9136,0.9802,,,,,,,,,,,,,,0.9637,,,,-0.9978,,,,,,,,,-0.8868,,,,,,,,,,,,,,,,-0.9953,,,,,0.9985,,,,,,,,,,,,-0.996,,,,-0.9432,,,,,,,,,,,,,
ABoringDystopia,49,,,,,,,,,,,,,,,,,,,,,,,,,,,,,,,,0.9962,,,,,,,,,,,,,,,,,,,,,,,,,,,,,,,,,,,,,,,,,,,,,,,,,,,,,,,,,,,,,,,,,,,,,,,,,,,,,,,,,,,,,,,,,,,,,,,,,,,,,,,,,,,,,,,,,,,,,,,,,,,,,,,,,,,,,,,,,,,,,,,,,,,,,,,,,,,,,,,,,,,,,,,,,,,,,,,,,,,,-0.9997,,,,,,,,,,,,,,,,,,,,,,,,,,-0.9994,,,,0.7821,,,,,,,,,,,,,,,,,,,,,,,,,,,,,,,,,,,,,,,,,,,,,,,,,,,,,,,,,,,,,,,,,,,,,,,,,,,,,,,,,,,,,,,-0.9994,,,,,,,,,,,,,,,,,,,,,,,,,,,,,,,
COMPLETEANARCHY,50,,,,,,,,,,,,,,,,,,,,,,,,,,,,,,,,0.9985,,,,,,,,,,,,,,,,,,,,,,,,,,0.9812,,,,,,,,,,,,,,,,,,,,,,,,,,,,,,,,,,,,,,,,,,,,,,,,,,,,,,,,,,,,,,,,,,,,,,,,,,,,,,,,,,,,,,,,,0.0,,,,,,,,,,,,,,,,,,,,,,,,,,,,,,,,,,,,,,,,,,,,,,,,,,,,,,,,,,,,,,,,,,,,,,,,,,,,,,,,,,,,,,,,,,,-0.9994,,,,-0.9996,,,,,,,,,,,,,,,,,,,,,,,,,,,,,,,,,,,,,,,,,,,,,,,,,,,,,,,,,,,,,,,,,,,,,,,,,,,,,,,,,,,,,,,,,,,,,,,,,,,,,,,,,,,,,,,,,,,,,,
communism,51,,,,,,,,,,,,,,,,,,,,,,,,,,,,,,,,0.9929,,,,,,-0.9313,,,,,,,,,,,,,,,,,,,,,,,,,,,,,,,,,,,,-0.9989,,,,,,,,,,,,,,,,,,,,,,,,,,,,,,,-0.9994,-0.9663,,,,,,,,,,,,,,,,,,,,,,,,,,,,,,,,,,,,0.3624,,0.9149,,,,,,,,0.9933,,,,-0.993,,,,,,,,,,,,,,,,,,,,,,,,,,,,,,,0.9749,,,,,,,,,,,,,,,,,,,,,,,,,-0.733,,,,,,,,,,,,,,,,,,,,-0.9924,,,,,,0.9984,,,,,,,,,,,,,,-0.9996,1.0,,,,,,,,,,,,,,,,,,,,,,,,,,,,,,,,,,,,,,,,,,,,,,,,,,,,,,,,,,,,,,,,,,,,,,,,,,,,,,,,,,,,0.9807,,,,,,-0.7374,,,,,,,,,,,,,,,,,
labor,52,,,,,,,,,,,,,,,,,,,,,,,,,,,,,,,,0.971,,,,,,,,,,,,,,,,,,,,,,,,,,,,,,,,,,,0.6124,,,,,,,,,,,,,0.9976,,,,,,,0.9998,,,,,,,,,,,,,,,,,,-0.9942,0.9562,,,,,,,,,,,,,,,,,,,,,,,,,,,,,,,,,,0.997,0.9967,0.9992,,0.9954,,,,,,,,-0.9926,,,,,,,,,,,,,,,,,,,,,,,,,,,,,,,,,,,,0.9912,,,,,,,,,,,,,,,,,,,,,,,,0.8279,,,,,,,,,0.5318,0.9262,,,,,,,0.9954,,0.9994,0.9463,,,,,,-0.9988,,,,,,,,,,,,,,,1.0,,,,0.8221,,,,,,,,,0.9716,,,,,,,,,,,,,,,,,0.9999,,,,,,,,0.9994,,,,,,,,,,0.9984,,,,,,,,,,,,,,,,,0.9909,,,,,,,,,,,,,,,,,,,,,,,,,,,,,,,,,,,,,,,,,,
union,53,,,,,,,,,,,,,,,,,,,,,,,,,,,,,,,,0.9945,,,,,,,,,,,,,-0.8136,,,,,,,,,,,,,,,,,,,,,,,,,,,,,,,,,,,0.4511,,,,,,,,,,,,,,,,,,,,,,-0.3994,,,,-0.9972,,,,,,,,,,,,,,,,,,-0.9978,,,,,,,,,,,,,,,,,0.9995,,,-0.9995,,,,,,,,,,,0.9987,,,,,,,,,,,,,,,,,,,,,,,,,,,,,,,,,,,,,,,,,,,,,,,,,,,,,,,,,0.9995,,,,,,,,,0.6685,,,,,,,,0.9998,,,,,,,,,0.9999,,,,,,,,,,,0.9992,,,,1.0,,,,,,,,,,,,,,,-0.6249,,,,,,,,,,,,,,,0.9833,,,,,,,,,,,,,,,,,,-0.9846,,,,0.8489,,,,,,,,,,,,,,,,,,,,,,,,,,,,,,,,,,,,,,,,,,,,,,,,,,,,,,,0.9978
Hasan_Piker,54,,,,,,,,,,,,,,,,,,,,,,,,,,,,,,,,,-1.0,,,,,,,,,,,,,,,,,,,,,,,-1.0,,,,,,,,,,,,,,,,,,,-0.9649,,,,,,,,,,,,,,,,,,,,,,,,,,,,,,,,,,,,,,,,,,,,,,,,,,,,,,,,0.9998,,,,,,,,,,,,,-0.9959,,,,,,,,,,,,,0.9999,,,,,,,,,,,,,,,,,,,,,,,,,,,,,,,,,,,,,-0.9996,,,,,,,,,,,,,,,,,,,,,,,,,,,,,,,,,0.9992,,,-0.9999,,,,,,,,,,,,,,,,,,,,,,,0.9997,,,,,,,,,,,,,,,,,,,,,,,,,,,,,,,,,,,,,,-0.9991,,,,,,,,,,,,,,,,,,,,,,,,,,,,,,,,,,,,,,,,,,,,,,,,,,,,,,,,,,,,,,,,,,,,-0.9996,
theIrishleft,55,,,,,,,,,,,,,,,,,,,,,,,,,,,,,,,,,,,,-0.981,,,,,,,,,,,,,,,,,,,,,,,,,,-0.8947,,,,,,,,,,,,-0.9981,,,,,,,,,,,,,-0.9998,,,,,,,,,,,,,,,,,,-0.9917,,,,,,,,,,,,,,,,,,,,,,,,,,,,,,,,,,,,,,,0.9231,,,,,,,,,,,0.9994,-0.9987,,,,,,,,,,,,,,,,,,,,-0.9994,,,,,,,,,,,,0.9921,,,,,,,,,,,,,,,,,,,,,,,,,,,,,,,,,,,,,,,,,,,,-0.5972,,,,,,,,0.4389,,,,,,,,,,,,,0.8838,,,,,,,,,,,,,,,,,,,,,,,,,,,,,,,,,,,,,,,,,,,,,,,,,,,,,,,,,,,,,,,,,,0.9978,,,,,,,0.0,,-1.0,,0.9993,,,,,,,0.9618,,,,,,,,,,,,-0.8442,,,,,,,,,,,
betternews,56,,,,,,,,,,,,,,,,,,,,,,,,,,,,,,,,,,,,,,,,-0.8688,,,,0.9983,,,,,,,,-0.9996,,,,,,,,,,-0.9228,,,,,,,0.9887,,,,,-0.9998,,0.9022,,,,,,,-0.3612,,,,,,,,,,,,,,,,,,,,,,-0.9999,,,,,,,,,,,,,,,,,,,,,,,,,,,,,,,,,,,,,-0.3103,,0.9974,,,,,,,,,,,0.9409,0.9496,,,,,,,,,,,,,,,,,,,,-1.0,,,,0.9824,,,,,-0.9984,,,,,,,,,,,,,,,,,,,,,,,,,,,,,,-0.1779,,,,,,,,,,,,,,,,,,,,,,,,,,,,,,,,,,,,,,1.0,,,,,,,,,,,,,,,,,,,,,,,,,,-0.9726,,,,0.3055,,,,,,,,,,,,,,,,,,-0.999,,,,,,,,,,,,,,,,,,,,,,,,,,,,,,,,,,,,,,,,,,0.9991,,,,,,-0.9994,,,,,,,,-0.7089,,,
EndlessWar,57,,,,,,,,,,,,,,,,,,,,,,,,,,,,,,,,,,,,,,,,-0.9999,,,,,,,,,,,-0.9975,-0.9999,,,,,,,,,,-0.9337,,,,,,,-0.9685,,,,,,,,,,,,,,,,,,,,,,,,,,,,,,,,,,,,-0.9947,-0.9998,,,,,-0.9914,,,,,,,,,,,,,,,,,,,,,,,,,,,,,,,-0.9982,,-0.9941,,,,,,,,,,,,,,,,,,,,,,,,,,,,,,,,-1.0,,,,,,,,,,,0.993,,,,,,,,,,,,,,,,,,,,,,,,,,,,,,,,,,,,,,,,,,,,,-0.6312,,,,,,,,-0.9137,,,,,,,,,,-0.9812,,-0.9993,0.9995,,,,,,,,,,,,,,,,,,,,,,,,,,,,,,-0.9997,,,,,,,,,,,,,,,,,,-0.9974,,,,,,,,,,,,,,,,,,,,,,,,,,,,,,,,,,,,,,,,,,-0.9996,-0.8955,-0.9266,,,,,,,,,,,,,,,
canadaleft,58,,,,,,,,,,,,,,,,,,,,,,,,,,,,,,,,,,,,,,,,,-0.9728,,,,,,,,,,,,,,,,,,,,,,,,,,,,,,,,,,,,,,,,,,,,,,,,,,,,,,,,,,,,,,,,,,,,,,,,,,,,,,,,,,,,,,,,,,,,,,,,,,,,,,,,,,,,,,,,,,,,,,,,,,0.0,,,,,,,,,,,,,,,,,,,,,,,,,,,,,,,,,,,,,,,,,,,,,,,,,,,,,,,,,,,,,,,,-0.9988,,,,,,,,,,,1.0,,,,,,,,,,,,,,,,,,,,,,,,,,,,,,,,,,,,,,,,,,,,,0.96,,,,,,,,,,,,,,,,,,,,,,,,,,,,,,,,,,,,,,,,,,,,,,,,,,,,,,,,,,,,,,,,,,,,,,,,,,,,,
NewDealAmerica,59,,,,,,,,,,,,,,,,,,,,,,,,,,,,,,,,,,,,,,,,,,,,,,,,0.9997,,,,,,,,,-0.9578,,,,,,,,,,,,,,,,,,,,,,,,,,,,,,,,,,,,,,,,,,,,,,,,,,,,,,,,,,,,,,,,,,,,,,,,,,,,,,,,,,,,,,,0.5004,,,,,,,,-1.0,,,,0.9938,,,,,,,,,,,,,,,,,,,,0.9995,,,,,,,,,,,,,,0.9474,,,,,,,,,,,,,,,,,,,,,,,,,,,0.9995,,,,,,,,,,,,,,,,,,,,,0.9999,,,,,,,,,,,,,0.9994,,0.9997,,,,,,,,,,,,,,,,,,,,,,,,,,,,,,-0.9996,,,,,,,,,,,,,,,,,,,,,,,,,,,,,,,,,,,,,,,,,,,,,,,,,,0.9995,,,,0.9989,,,,,,,,,,,,,,,,,,,,,,,-0.9977
TheIntercept,60,,,,,,,,,,,,,,,,,,,,,,,,,,,,,,,,,,,,,,,,,,,,,,,,,0.9384,,,-0.971,,,,,,,,,,,,,,,,,,,,,,-1.0,,,,,,,,,,,,,,,,,,0.2058,,,,,,,,,,,,,-0.9957,-0.9998,,,,,,,,,,,,,,,,,,,,,,,,,,,,,,,,,,,,,,0.9894,,,,,,,,-0.9988,,,-0.9997,-0.9999,,,,,,,,,,-0.2716,,,,,,,,,,-0.9999,,,,0.9848,-0.8914,,,,,,,,0.9983,,,,,,,,,,,,,,,,,,,,,,,-0.5849,,,,,,,,,,,,,,,,,,,,0.4632,,,,,,,,,,,,,,,,,,,,-0.9985,0.9999,,,,,,,,-0.9625,,,,,,,0.9988,,,,,,,,,,,,,,-0.4588,-0.9999,,,,,,,,,,,,,,0.9944,,,,-0.9897,,,,,,,,,,,,,,,,,,,,,,,,,,,,,,,,,,,,,,,,,,-0.9768,,,,,,-0.999,,,,,,,,,,,
ConcentrationOfWealth,61,,,,,,,,,,,,,,,,,,,,,,,,,,,,,,,,,,,,,,,,,,,,,,,,,,0.9972,,,,,,,,,,,,,,,,,,,,,,,,,,,,,,,,,,,,,,,,,,,,,,,,,,,,,,,,1.0,,,,,,,,,,,,,,,,,,,,,,,,,,,,,,,-0.5514,,,,,,,0.9967,,,,,,,,0.9991,,,,0.9802,,,,,,,,,,,,,,,,,,,,,,,,,,,,,,,,0.9999,0.9969,,,,,,,,,,,,,,,,,,,,,,,,,,,,,,,,,,,,0.0,,,,,,,,,,,,,0.9999,,,,,,,,,,,0.9998,,,,,,,,,,,,,,,,,,,0.994,,,,,,,,,,,,,,,-0.999,,,,,,,,,,,,,,0.9749,,0.9953,,0.6041,,,,,,,,,,,,,,,,,0.9998,,,,,,,,,,,,,,,,,,,,,,,,,0.9995,,,,,,,,,,,,,,,,,
LateStageCapitalism,62,,,,,,,,,,,,,,,,,,,,,,,,,,,,,,,,,,,,,,,,,,,,,,,,,,,,,,,,,,,,,,,,,,,,,,,,,,,,,,,,,,,,,,,,,,,,,,,,,,,,,,,,,,,,,,,,,,,,,,,,,,,,,,,,,,,,,,,,,,,,,,,,,,,,,,,,,,,,,,,,,,,,,,,,,,,,,,,,-0.9888,,,,,,,,,,,,,,,,,,,,,,,,,,,,,,0.0,,,,,,,,,,,,,,,,,,0.9613,,,,,,,,,,,,,,-0.9972,,,,,,,,,,,,,,,,,,,,-0.1466,,,,,,,,,,,,,,,,,,,,,,,,,,,,,,,,,,,,,,,,,,,,,,,,,,,,,,,,,,,,,,,,,,,,,,,,,,,,,,,,,,,,,,,,,,,,,,,,,,,,,,
DystopiaToday,63,,,,,,,,,,,,,,,,,,,,,,,,,,,,,,,,,,,,,,,,,,,,,,,,,,,,,,,,,,,0.0,,,,,,,,,,,,,,,-0.9998,,,,,,,0.9952,,,,,,-0.8643,,,,,,,,,,,,,,,,,,-0.9996,0.9989,,,,,-0.4599,,,,,,,,,,,,,,-0.9657,,,,,,,,,,,,,,,,,,,-0.9978,,,,,,,,-0.9995,,,,0.9593,,,,,,,,,,,,,,,,,,,,0.9992,,,,,,,,,,,0.8958,,,,,,,,,,,,,,,,,,,,,,,,,-0.9811,,,,,,,,,,,,,,,,,,,,0.9811,,,,,,,,,,,,,,,,,,,,,0.9999,,,,,,,,,,,,0.4767,,,,,,-0.7759,,,,,,,,,,,,0.9934,,,,,,,,,,,,,,,,,,,,,,,,,,,,,,,,,,,,,,,,,,,,,,,,0.9995,,,,,,,,,,,,-0.9849,,-0.8033,,,,,,,,,,,,,,,
Economics,64,,,,,,,,,,,,,,,,,,,,,,,,,,,,,,,,,,,,,,,,,,,,,,,,,,,,,,,,,,,,,,,,,,,0.9377,,,0.87,,,,,,,,,,,,,,,,,,,,,,,,,,,,,,,,,,,,-0.9993,,,,,,,,,,,,,,,,,,,,,,,,,,,,,,,-0.5514,,,,,-0.9669,,0.9983,,,,,,,,-0.9998,,,,,,,,,,0.9959,,,,,,,,,,,,,,1.0,0.9983,,,,,,,,,,,0.9991,,,,,-0.9848,,,,,,,,,,0.9459,,,,,,,-0.9997,,,,,,,,,,,,,,,,,,,,,,0.9913,,,-0.9933,,,-0.9996,,,,,,,,,,,,,,,1.0,,,,,,,,,,,,,,,,,,,,,,,,,,,,,,0.9999,,,-0.9945,,,,,,,,,,,,,,,,,,,,,,,,,,,,,,,,0.9791,,,,,,,,,,,,,,,,,,,,,,,,,-0.9589,,,,,,,0.9734,,,,,,,,,,
Foodforthought,65,,,,,,,,,,,,,,,,,,,,,,,,,,,,,,,,,,,,,,,,,,,,,,,,,,,,,,,,,,,,,,,,,,,-0.7783,,,,,,,-1.0,,,,,,,,,,,,,,,,,,,,,,,,,,,,,,,-0.9997,-0.9999,,,,,,,,,,,,,,,,,,,,,,,,,,,,,,,,0.9998,,,,0.9663,,0.9782,,,,,,,,-0.9976,,,,0.9542,,-0.9375,,,,,,,,,,,,,,,,,,-0.9997,,,,,,,,,,,,0.9999,,,,,,,,,,,,,,,0.8808,,,,,,,,,,,,,,,,,,,,,,,,,,,,,-0.9771,,,-0.9997,,,-0.9999,,,,,,,,,-0.9987,,0.9997,,,,1.0,,,,,,,,0.0,,,,,,,,,,,,,,,,,,,,,,0.9999,,,0.9996,,,,,,,,,,,,,,,0.9976,,,,,,,,,,,,,,,,0.9916,,,,,,,,,,,,,,,,,,,,,,,,,,0.9951,,,,,,,,,,,,,,,,,
jillstein,66,,,,,,,,,,,,,,,,,,,,,,,,,,,,,,,,,,,,,,,,,,,,,,,,,,,,,,,,,,,,,,,,,,,,,,,,,0.9994,,,,,,,,,,,,,,,,,,,,,,,,,,,,,,,,,,,,,,,,,,,,,,,,,0.9982,,,,,,,,,,,,,,,,,,0.9886,,,,0.9996,,,,,,,,,,,,,,,,,,,,,,,,,,,,,,,,,,,,,,,,,,,,,,,,,,,,0.698,,,,,,,,,,,,,,,,,,,,,,,,,,,,,,,,,,,,,,,,,,,,,,,,,,,0.9982,,,,,,,,,,,,,,,,,,,,,,,,,,,,0.9987,,,,,0.9944,,,-0.9994,,,,,,,,,,,,,,,,,,0.9992,0.9923,,,,,,,,,,,,,,,,,,,,,,,,,,,,,,,,,,,,,,,,,,,,,,,,,,,,,,,,,,
DankLeft,67,,,,,,,,,,,,,,,,,,,,,,,,,,,,,,,,,,,,,,,,,,,,,,,,,,,,,,,,,,,,,,,,,,,,,,,,,,,-0.9988,,,,,,,,,,,,,,,,,,,,,,,,,,,,,,,,,,,,,,,,,,,,,,,,,,,,,,,,,,,,,,,,,,,,,,,,,,,,,,,,,,,,,,,,,,,,,,,,,,,,,,,,,,,,,,,,,,,,,,,,,,,,,,,,,,,,,,,,,,,,,,,,,,,,,,,,,,,,,,,,,,,,,,,,,,,,,,,,,,,,,,,,,,,,,,,,,,,,,,,,,,,,,,,,,,,,,,,,,,,,,,,,,,,,,,,,,,,,,,,,,,,,,,,,,,,,,,,,,,,,,,,,,,,,,,,,,,,,,,,,,,,,,
TopConspiracy,68,,,,,,,,,,,,,,,,,,,,,,,,,,,,,,,,,,,,,,,,,,,,,,,,,,,,,,,,,,,,,,,,,,,,,,,,,,,,,,,,,,,,,,,,,,-0.5109,,,,,,,,,,,,,,,,,,,,,,,,,,,,,,,,,,,,,,,,,,,,,,,,,,,,,,,,,,,,,,,,,,,,,,,,,,,,,,,,,,,,,,,,,,,,,,,,,,,,,,,,,,,,,,,,,,,,,,,,,,,,,,,,,,,,,,,,,,,,,,,,,,,,,,,,,,,,,,,,,,,,,,,,,,,,,,,,,,,,,,,,,,,,,,,,,,,,,,,,,,,,,,,,,,,,,,,,,,,,,,,,,,,,,,,,,,,,,,,,,,,,,,,,,,,,,,,,,,,,,,,,,,,,,,
economy,69,,,,,,,,,,,,,,,,,,,,,,,,,,,,,,,,,,,,,,,,,,,,,,,,,,,,,,,,,,,,,,,,,,,,,,,,,,,,,,,,,,,,,,,,,,,,0.9995,,,,,,,,,,,,,,0.9999,,,,,,,,,,,,,,,,,,,,,,,,,,,,,,,,,,,0.9852,,,0.9772,,,,,,,,-0.9923,,,,,,,,,,,,,,,,,,,,,,,,,,,,,,,,,,,,-0.9971,,,,,,,,,,,,,,,,,,,,,,-0.9896,,,,,,,,,,,,,,,,,,,,,,,,,,,,1.0,,,,0.9933,,,,,,,,,,,1.0,,,,,,,,,,,0.9964,,,,,,,,,,,,,,,,,,,0.9999,0.9865,,,,,,,0.9998,,,,,,0.9978,,-0.9268,,,,,,,,,,,,,,,,,,,,,,,,,,,,,,,,1.0,,,,,,,,,,,,,,,,,,,,,,,,,,,,,0.9997
Kossacks_for_Sanders,70,,,,,,,,,,,,,,,,,,,,,,,,,,,,,,,,,,,,,,,,,,,,,,,,,,,,,,,,,,,,,,,,,,,,,,,,,,,,,,,,,,,,,,,,,,,,,,,,,,,,,,,,,-0.9474,,,,,,,,,,,,,,,,,,,,,,,,,,,,,,,,,,,0.9724,,,,0.9348,,,,,,,,-0.9996,,,,,,,,,,,,,,,,,,,,,,,,,,,,,,,,,,,,,,,,,,,,,,,,,,,,,,,,,,,,,,,,,,,,,,,,,,,,,,,,,,,,,,-1.0,,,,,,,,,,,,,,,,,,,,,,,,,,,,,,,,,,,,,,,,,,,,,-0.9961,,,,,,,,,,,,,,,,,,,,,,,,,,,,,,,,,,,,,,,,,,,,,,,,,,,,,,,,,,,,,,,,,,,,,,,,,,,,,
collapse,71,,,,,,,,,,,,,,,,,,,,,,,,,,,,,,,,,,,,,,,,,,,,,,,,,,,,,,,,,,,,,,,,,,,,,,,,,,,,,,,,,,,,,,,,,,,,,,,,,,,,,,,,,,-0.9995,,,,,,,,,,,,,,,,,,,,,,,,,,,,,,,,,,,,,,,,,,,,-0.9979,,,,,,,,,,,,,,,,,,,,,,,,,,0.741,,,,,,,,,,,,-0.9909,,,,,,,,,,,,,,,,,,,,,,,,,,,,,,,,,,,,,,,,,,,,,0.2382,,,,,-0.9998,,,,,,,,,,,,,,,1.0,,,,,,,,,,,,,,,0.9952,,,,,,,,,,,,,,,0.9999,,,,,0.7269,,,,,,,,,,,,,,,,,,,,,,,,,-0.9704,,,,,,,,,,,,,,,,,,,,,,,,,,,0.8424,,,,,,,,,,,,,,,,,,,,
jimmydore,72,,,,,,,,,,,,,,,,,,,,,,,,,,,,,,,,,,,,,,,,,,,,,,,,,,,,,,,,,,,,,,,,,,,,,,,,,,,,,,,,,,,,,,,,,,,,,,,,,,,,,,,,,,-0.9999,,,,,,,,,,,,,,,,,,,,,,,,,,,,,,,,,,,,,,-0.9972,,,,,,,,,,-0.9994,,,,,,,,,,,,,,,,,,,,,,,,,,,,,,,,,-0.9999,,-0.9995,,,,,,,,,,,,,,,,,,,,-0.9988,,,,,,,,,,,,,,-0.9816,,,,,,,,,,,,,,,,,,,,,,,,,,,,,,-1.0,,,,,,,,,,,,,,,,,,,,,,,,,,,,,0.9616,-0.9998,,,,,,,,,,,,,,0.7936,,,,0.9698,,,,,,,,,,,,,,,,,,,,,,,,,,,,,,,,,,,,,,,,,,,,,,,,,,,,,,,,,,,
SocialDemocracy,73,,,,,,,,,,,,,,,,,,,,,,,,,,,,,,,,,,,,,,,,,,,,,,,,,,,,,,,,,,,,,,,,,,,,,,,,,,,,,,,,,,,,,,,,,,,,,,,,,,,,,,,,,,0.9893,,,,,,,,,,,,,,,,,,,,,,,,,,,,,,,,,,,,,,,,,,,,,,,,,1.0,,,,,,,,,,,,,,,,,,,,,,,,,,,,,,,,,,,,,,,,,,,,,,,,,,,,,,,,,,,,,,,,,,,,,,,,,,,,,,,,,,,-1.0,,,,,,,,,,,,,,,0.9998,,,0.9885,,,,,,,,,,,,0.9997,,,,,,,,,,,,,,,,,,,,,,,,,,,,,,,,,,,,,,,,,,,,,,,,,,,,,,,,,,,,,,,,,,,,,,,,,,,,,,,,,,,,,,,,,,,,
TrueAnon,74,,,,,,,,,,,,,,,,,,,,,,,,,,,,,,,,,,,,,,,,,,,,,,,,,,,,,,,,,,,,,,,,,,,,,,,,,,,,,,,,,,,,,,,,,,,,,,,,,,,,,,,,,,-0.9699,,,,,,,,,,,,,,,,,,,,,,,,,,,,,,,,,,,,,,,,,,,,,,,,,,,,,,,,,,,,,,,,,,,,,,,,,,,,,,,,,,,-0.9777,,,,,,,,,,,,,,,,,,,,,,,,,,,,,,,,,,,,,,,,,,,,,,,,,,,,,,,,,,,,,,,,,,,,,,,,,,,,,,,,,,,,,,,,,,,,,,,,,,,,,,,,,,,,,,,,,,,,,,,,,,,,,,,,,,,,,,,,,,,,,,,,,,,,,,,,,,,,,,,,,,,,,,,,,,,
Sino,75,,,,,,,,,,,,,,,,,,,,,,,,,,,,,,,,,,,,,,,,,,,,,,,,,,,,,,,,,,,,,,,,,,,,,,,,,,,,,,,,,,,,,,,,,,,,,,,,,,,,,,,,,,,,,,-0.999,,,,,,,,,,,,,,,,,,,,,,,,,,,,,,,,,,,,,,,,,,,,,,,,,,,,,,,,,,,,,,,,,,,,,,,,,,,,,,,,,,,,,,,,,,,,,,,,,,,,,,,,,,,,,,,,,,,,,,,,,,,,,,,,,,,,,,,,,,,,,,,,,,,,,,,,,,,,,,,,,,,,,,,,,,,,,,,,,,,,,,,,,,,,,,,,,,,,,,,,,,,,,,,,,,,,,,,,,,,,,,,,,,,0.9407,,,,,,,,,,,,,,,,,,,,,,,
Palestine,76,,,,,,,,,,,,,,,,,,,,,,,,,,,,,,,,,,,,,,,,,,,,,,,,,,,,,,,,,,,,,,,,,,,,,,,,,,,,,,,,,,,,,,,,,,,,,,,,,,,,,,,,,,,,,,,-0.9998,,,,,,,,,,,,,,,,,,,,,,,,,,,,,,,,,,,,,,,,,,,,,,,,,,,,,,,,,,,,,,,,,,,,,,,,,,,,,,,,,,,,,,,,,,,,,,,,,,,,,,,,,,,,,,,,,,,,,,,,,,,,,,,,,,,,,,,,,,,,,,,,,,,,,,,,,,,,,,,,,,,,,,,,,,,,,,,,,,,,,,,,,,,,,,,,,,,,,,,,,,,,,,,,,,,,,,,,,,,,,,,,,,,,,,,,,,,,,,,,,,,,,,,,,
LeftieZ,77,,,,,,,,,,,,,,,,,,,,,,,,,,,,,,,,,,,,,,,,,,,,,,,,,,,,,,,,,,,,,,,,,,,,,,,,,,,,,,,,,,,,,,,,,,,,,,,,,,,,,,,,,,,,,,,,,,,,,-0.4612,,,,,,,,,,,,,,,,,,,,,,,,,,,,,,,,,,,,,,,,,,,,,,,,0.9994,,,,,,,,,-0.9982,,,,,,,,,,,,,,,,,,,,,,,,,,,,,,,,,,,0.9993,,,-0.9999,,,,,,,,,,,,,,,-0.9979,,,,,,,,,,,,,,,,,,,,,,,,,,0.9892,,,,,,,,,,,,,,,,,,,,0.9409,,,,,,,,,,,0.9999,,,,,,,,,,,,,,,,,,,,,,,,,,,,,,,,,,,,,,,,,,,,,,,,,,,,,,,,,,,,,,,,,,,,,,,,,,,,
LandlordLove,78,,,,,,,,,,,,,,,,,,,,,,,,,,,,,,,,,,,,,,,,,,,,,,,,,,,,,,,,,,,,,,,,,,,,,,,,,,,,,,,,,,,,,,,,,,,,,,,,,,,,,,,,,,,,,,,,,,,,,,,,,,,,,,,,,,,,,,,,,,,,,,,,,,,,,,,,,,,,,,,,,,,,,,,,,,,,,,,,,,,,,,,,,,,,,,,,,,,,,,,,,,,,,,,,,,,,-0.999,,,,,,,,,,,,,,,0.9924,,,,,,,,,,,,,,,-0.9999,,,,,,,,,,,0.9998,,,,,,,,,,,,,,,,,,,,,,,,,,,,,,0.9998,,,,,,,,,,,,,,,,,,,,,,,,,,,,0.9238,,,,,,,,,,,,,,,,,,,,,,,,,,,,,,,,,,,,,,,,,,,,,,,,,
Shitstatistssay,79,,,,,,,,,,,,,,,,,,,,,,,,,,,,,,,,,,,,,,,,,,,,,,,,,,,,,,,,,,,,,,,,,,,,,,,,,,,,,,,,,,,,,,,,,,,,,,,,,,,,,,,,,,,,,,,,,,,,,,,,,,,,,,,,,,,,,,,,,,,,,,,,,,,,,,,,,,,,,,,,,,,,,,,,,,,,,,,,,,,,,,,,,,,,,,,,,,,,,,,,,,,,,,,,,,,,0.9998,,,,,,,,,,,,,,,,,,,,,,,,,,,,,,,,,,,,,,,,,,,,,,,,,,,,,,,,,,,,,,,,,,,,,,,,,,,,,,,,,,,,,,,,,,,,,,,,,,,,,,,,,,,,,,,,,,,,,,,,,,,,,,,,,,,,,,,,,,,,,,,,,,,,
Labour,80,,,,,,,,,,,,,,,,,,,,,,,,,,,,,,,,,,,,,,,,,,,,,,,,,,,,,,,,,,,,,,,,,,,,,,,,,,,,,,,,,,,,,,,,,,,,,,,,,,,,,,,,,,,,,,,,,,,,,,,,,,,,,,,,,,,,,,,,,,,,,,,,,,,,,,,,,,,,,,,,,,,,,,,,,,,,,,,,,,,,,,,,,,,,,,,,,,,,,,,,,,,,,,,,,,,,,,,,,,-0.9989,,,,,,,,,,,,,,,,,,,,,,,,-0.9977,,,,,,,,,,,,,,,,,,,,,,,,,,,,,,,,,,,,,,,,,,,,,,,,,,,,,,,,,,,,,,,,,,,,,,,,,,,,,,,,,,,,,,,,,,,,,,,,,,,,,,,,,,,,,,,,,,,,,,
alltheleft,81,,,,,,,,,,,,,,,,,,,,,,,,,,,,,,,,,,,,,,,,,,,,,,,,,,,,,,,,,,,,,,,,,,,,,,,,,,,,,,,,,,,,,,,,,,,,,,,,,,,,,,,,,,,,,,,,,,,,,,,,,,,,,,,,,,,,,,,,,,,,,,,,,,,,,,,,,,,,,,,,,,,,,,,,,,,,,,,,,,,,,,,,,,,,,,,,,,,,,,,,,,,,,,,,,,,,,,,,,,,,,,,,,,,-0.9987,,,,,,,,,,,-0.9995,,,,-1.0,,,,,,,,,,,,,,,,,,,,,,,,,,,,,,-0.9903,,,,,,,,,,,,,0.9995,,,,,,0.9999,,,,,,,,,,,,,,,,,,,,,,,,,,,,,,,,,,,,,,,,,,,,,,,,,,0.9996,,,,,,,,,,,,,,,,,,,
antiwork,82,,,,,,,,,,,,,,,,,,,,,,,,,,,,,,,,,,,,,,,,,,,,,,,,,,,,,,,,,,,,,,,,,,,,,,,,,,,,,,,,,,,,,,,,,,,,,,,,,,,,,,,,,,,,,,,,,,,,,,,,,,,,,,,,,,,,,,,,,,,,,,,,,,,,,,,,,,,,,,,,,,,,,,,,,,,,,,,,,,,,,,,,,,,,,,,,,,,,,,,,,,,,,,,,,,,,,,,,,,,,,,,,,,,,,,,,,,,,,,,,,,,,,,,,,,,,,,,,,,,,,,,,,,,,,,,,,,,,,,,,,,,,,,,,,,,,,,,,,,,,,,,,,,,,,,,,,,,,,,,,,,,,,,,,,,,,,,,,,,,,,,,,,,,,,,,,,,,,,,,,
BrasildoB,83,,,,,,,,,,,,,,,,,,,,,,,,,,,,,,,,,,,,,,,,,,,,,,,,,,,,,,,,,,,,,,,,,,,,,,,,,,,,,,,,,,,,,,,,,,,,,,,,,,,,,,,,,,,,,,,,,,,,,,,,,,,,,,,,,,,,,,,,,,,,,,,,,,,,,,,,,,,,,,,,,,,,,,,,,,,,,,,,,,,,,,,,,,,,,,,,,,,,,,,,,,,,,,,,,,,,,,,,,,,,,,,,,,,,,,,,,,,,,-0.6943,,,,,,,,,,,,,,,,,,,,,,,,,,,,,,,,,,,,,,,,,,,,,,,,,,,,,,,,,,,,,,,,,,,,,,,,,,,,,,,,,,,,,,,,,,,,,,,,,,-0.9797,,,,,,,,,,,,,,,,,,,,,,,,,
GreenAndPleasant,84,,,,,,,,,,,,,,,,,,,,,,,,,,,,,,,,,,,,,,,,,,,,,,,,,,,,,,,,,,,,,,,,,,,,,,,,,,,,,,,,,,,,,,,,,,,,,,,,,,,,,,,,,,,,,,,,,,,,,,,,,,,,,,,,,,,,,,,,,,,,,,,,,,,,,,,,,,,,,,,,,,,,,,,,,,,,,,,,,,,,,,,,,,,,,,,,,,,,,,,,,,,,,,,,,,,,,,,,,,,,,,,,,,,,,,,,,,,,,,1.0,,,,,,,,,,,,,,,,,,,,,,,,,,,,,,,,,,,,,,,,,,,,,,,,,,,,,,,,,,,,,,,,,,,,,,,,,,,,,,,,,,,,,,,,,,,,,,,,,,,,,,,,,,,,,,,,,,,,,,,,,,
stupidpol,85,,,,,,,,,,,,,,,,,,,,,,,,,,,,,,,,,,,,,,,,,,,,,,,,,,,,,,,,,,,,,,,,,,,,,,,,,,,,,,,,,,,,,,,,,,,,,,,,,,,,,,,,,,,,,,,,,,,,,,,,,,,,,,,,,,,,,,,,,,,,,,,,,,,,,,,,,,,,,,,,,,,,,,,,,,,,,,,,,,,,,,,,,,,,,,,,,,,,,,,,,,,,,,,,,,,,,,,,,,,,,,,,,,,,,,,,,,,,,,,,,,,,-0.997,,,,,,,,,0.9881,,,,,,,,,,,,,,,,,,,,,,,,,,,,,,,,,,,,,,,,,,,,,,,,,,,,,,,,,,,,,,,,,,,,,,,,,,,,,,,,,,,,,,,,,,,,,,,,,,,,,,,,,,,
