Index,Unnamed: 0,conspiracyfact,TrueReddit,FOXauto,minnesotaforsanders,conservatives,socialism,DystopiaToday,FRANCE24auto,SCForBernie,TheIntercept,worldevents,betternews,DNCleaks,democraticparty,BrasildoB,Snowflake_Meltdown,jimmydore,BDS,FakeProgressives,GAForSanders,walkaway,conspiracyundone,MarchAgainstPompeo,HillaryForPrison,FLForSanders,NewYorkForBernie,LockdownCriticalLeft,LateStageImperialism,lostgeneration,worldpolitics_1,CTForSanders,redscarepod,IDForSanders,TimPool,VAForSanders,MAForSanders,Republican,ALJAZEERAauto,InformedTankie,CAForSanders,AlabamaForBernie,ClassConscienceMemes,NoFilterNews,GlobalLockdown,Foodforthought,whistleblower,Anarchism,NorthDakotaForSanders,autopunch,stupidpol,TXForSanders,ProgressiveActivists,PuertoRicoforSanders,MEForSanders,DemocraticSocialism,CoronavirusCirclejerk,freeworldnews,satire,NJForSanders,jillstein,DEForSanders,RIForSanders,MTForSanders,benshapiro,ConservativesOnly,FreeSpeech,SocialJusticeInAction,WayOfTheBern,InternationalLeft,EndlessWar,IAForSanders,UnderReportedNews,GenZedong,israelexposed,PoliticalCoverage,IntelligenceNews,SDForSanders,COMPLETEANARCHY,antiwar,occupywallstreet,governmentoppression,INForSanders,NCForBernie,DCForBernie,Libertarian,Conservative,SandersForPresident,editorialcartoons,Wargasm,NEWPOLITIC,whatsreallygoinon,demsocialists,republicans,defaultgems,AKForSanders,communism,TNForSanders,MDForSanders,censorship,NVForSanders,syriancivilwar,islam,dsa,worldpolitics2,evolutionReddit,KYForSanders,GlobalNews,ILForSanders,climatedisalarm,Bad_Cop_No_Donut,murican_newz,ConsortiumNews,Political_Revolution,OurPresident,HIForSanders,DallasForSanders,Intercept,OHForSanders,CommunismWorldwide,NashvilleForSanders,Anarcho_Capitalism,tulsi,altnewz,NMForSanders,LouderWithCrowder,NHForSanders,Labour,iranian,badgovnofreedom,ARForSanders,NebraskaForSanders,GoldandBlack,FreePolDiscussion,antiwork,libertarianmeme,InCaseYouMissedIt,rawuncutnewss,notactuallyworldnews,MIForSanders,worldpolitics,LAForSanders,LeftWithoutEdge,alltheleft,LevantineWar,MSForSanders,AZForSanders,The_Alexandria,TheBidenshitshow,OregonForBernie,WesternTerrorism,Shitstatistssay,Kossacks_for_Sanders,internationalaffairs,news_etc,venezuela,ABoringDystopia,Sino,warcrimes,LateStageCapitalism,FullNEWS,Sunlight,economy,chomsky,Palestine,tucker_carlson,OKForSanders,MissouriForSanders,DescentIntoTyranny,worldpoliticalhumour,SanitySouthAfrica,NewsWithJingjing,WIsconsinForSanders,WikiLeaks,thedonald,WeAreNotAsking
Whistleblowers,0,0.8231,-0.9999,,,,,0.6351,,,-0.1383,,,1.0,,,,,,,,,,,0.9995,,,,,-0.9981,,,,,,,,,,,,,,,,,-0.9136,0.9007,,,,,,,,,,,,,,,,,,,0.9855,,-0.998,,-0.961,,-0.7983,,,,0.6321,,,-0.9807,0.9395,,,,,-0.993,-0.9975,0.8336,,,,,,,-0.962,,,,,-0.7113,,,,,,0.9454,,,,,-0.9966,,,0.9761,,,,,,,,,,-0.6722,,,,,,,,,,,,,0.264,,,,-0.9987,,,,,,,,,,,,0.9976,,,,-0.9987,,,0.9983,,,0.9521,,,,,,-0.9988,,,,,0.9992,,
worldpolitics2,1,0.0,,,,,-0.9998,,-0.0258,,,-0.9928,,,,,,,-0.9814,,,,,,,,,,-0.8964,,,,,,,,,,,0.9869,,,,,,,,,,,-1.0,,,,,,,,,,,,,,,,,,-0.9978,,-0.9998,,,,-0.9971,,,,,,,-0.999,,,,-0.9989,,,,,,,,,,,,,,,,,,,,-0.8534,,-0.0593,,,0.8694,,,-0.0772,,,,,,,,,,-0.9283,,,,,,,,,,,,,,0.8775,,,,,-0.9562,,,,,,,,,,,,,,,-1.0,0.0788,0.9996,,,0.9062,-0.9973,-0.9976,,,,,,,,,-0.9959,,
WesternTerrorism,2,,-1.0,,,,-1.0,,,,,,,,0.9986,-0.2498,,-0.9994,-0.8959,,,,0.9377,,-0.9904,,,,-0.9909,,,,,,,,,0.8647,,,,,,,,-0.9994,,-1.0,,,,,0.9636,,,0.8855,,0.5905,,,-0.9921,,,,,,0.4025,,,-0.9985,,,,,-0.9914,0.799,-0.9789,,0.9992,,-0.9995,,,,,-1.0,-0.9998,-0.9994,,0.9423,,0.6712,0.9985,,,,0.9635,,,,,,-1.0,-0.4588,-0.9798,-0.998,,,,,,,,-0.9985,0.999,,,,,-0.7469,,-0.9905,-0.9911,-0.9739,,,,0.967,-0.9837,,,,-0.9996,-0.9994,,,,,,,-1.0,,-0.9915,0.9908,-0.9936,,,,,,,,-1.0,-0.8674,,-0.9386,,-0.9847,-0.9599,0.9968,,,,-0.9997,-0.997,,,,,-0.9143,,-0.9999,,,,-0.9687
WomenForTrump,3,,,0.0772,,-0.9897,,,,,,,,,,,,,,,,,,,,,,,,,,,,,,,,,,,,,,,,,,,,,,,,,,,,-0.9883,,,,,,,,,,,,,,,,,,,,,,,,,,,,-0.9983,-0.9999,,,,,,,-0.9612,,,,,,,,,,,,,,,,,,,,,,,,,,,,,,,,,,,,,,,,,,,,,,,-0.9991,,,,,,,,,,,,,,,,,,,,-0.9352,,,,,,,,,,,,,,0.8045,
WeAreNotAsking,4,,,,,,,,,,,,,,,,,,,,,,,,,,0.4215,,,,,,,,,,,,,,,,,,,,,,,,,,,,,,,,,,,,,,,,,,,,,,,,,,,,,,,,,,,,,,,,,,,,,,,,,,0.4215,,,,,-0.7383,,,,,,,,,,,,,0.4215,,,,,,,,0.4215,,,,,0.4215,,,,,,,,,,,,,,,,-0.8126,,0.4215,,,,,,,,,,,,,,,,,0.4215,,,,,,,,,
whatsreallygoinon,5,,,,,-0.997,,,,,,,,,,,,,,,,,,,,,,-0.9978,,,,,,,,,,0.9533,,,,,,,0.9616,,,,,,,,,,,,-0.9996,,,,,,,,,,,-0.9993,-0.9998,,,,,,,,,,,,,,,,,-1.0,,,,,-0.9594,,,,,,,,,,,,,,,,,,,-0.9553,,,,,,,,,,,,,,,,-0.999,,,,,,,,,,,,,,,,,,,,,,,,,,,,,,,,,,,,,,,,,,,,,-0.6893,,,,,
World_Politics,6,,,,,-0.9995,-0.9987,-0.335,,,0.9959,,,,,,,0.9813,,,,0.9968,,,,,,,0.9947,,,,-0.9981,,-0.6402,,,,,0.976,,,,,,,,,,,0.9935,,,,,,-0.9992,,-0.5676,,,,,,-0.9954,0.9948,,-1.0,-0.9999,,,,,,-0.9997,,,,,,,,,,,-0.9999,,,,,-0.9916,,,,,,,,,,,-0.9968,,,,-0.9005,,,,-0.5904,,,0.9105,,,,,,,,,-0.9971,,,,-0.9992,,,-0.9959,,,,,,,,,,,,,,-0.9302,,,,,,0.9955,,,,-0.9956,,,,,0.9963,-0.9805,,,,,-0.9929,-0.9818,-0.9608,,,,,,,,-0.9956,,
worldpolitics,7,,,,,,,,,,,,,,,,-0.9998,,,,,,,,,,,,,,,,,,,,,,,,,,,-1.0,,,,,,,,,,,,0.9577,,,,,,,,,,,,,-0.9993,,,,,,,,,,,,,,,,,,,,,,,,,,,,,,,,,,,,,,,,,,,,,,,,,,,,,-0.9997,,,,,,,,,,,,,,-0.9655,,,-0.9999,,,,,,,,,,,,,0.9999,,,,,,,,,,,,,,,,,,,,,,,,
WorkersStrikeBack,8,,,,,,,,,,,,,,,,,,,,,,,,,,,,,,,,,,,,,,,,,,0.9907,,,,,,,,,,,,,,,,,,,,,,,,,,,,,,,,,,,,,,,,,,,,,,,,,,,,,,,,,,,,,,,,,,,,,,,,,,,,,,,,,,,,,,,,,,,,-1.0,,,,,,,,,,,,,,,,,,,,,,,,,0.9998,,,,,,,,,,,,,,,,
