Index,Unnamed: 0,CDNNEWS,Documentaries,uwaterloo,archeologyworld,FreedomConvoy2022,alberta,OntarioCanada,mindblowing,onguardforthee,TIL_Uncensored,ancienthistory,AnomaliesUnleashed,britishcolumbia,LPOTL,ThisBlewMyMind,ottawa,Canada_Politics,CBC2,conspiracies,Canadian_News,mildlycreepy,LockdownSkepticism,holofractal,CanadaBusiness,ontario,DimensionJumping,SupernaturalEncouners,CelebrityBornToday,CanadaCoronavirus,FringeTheory,nonmurdermysteries,Judaism,bigfoot,theories,EducativeVideos,UFOdocumentaries,AlienEncounters,UnbiasedCanada,teachingresources,CanadaPolitics,WikipediaFeatured,AlternativeHistory,vancouver,selfreliance,10Provinces,reptilians,wanttobelieve,ImpressiveStuff,funfacts,ImagesOfCanada,OntarioNews,HighStrangeness,TheContacted,UFObelievers,AGENDA21,theunexplained,strange,Alien_Theory,extraterrestrials,russiawarinukraine,UFOs,likeus,MysteriousUniverse,Insane_News,TheGreatDeception,Cryptozoology,dontyouknowwhoiam,CosmicDisclosure,CoronaVirusMontreal,GrahamHancock,Humanoidencounters,SBTcommunity,quatria,CulturalLayer,ThisDayInHistory,interesting,HumansAreMetal,TargetedEnergyWeapons,banned4life,borntoday,RIPtodayilearned,BizarreConspiracy,RadioQuietZone,Catholicism,todayilearned,todayiread,occult,darkfacts,chaoticgood,TORONTOSTARauto,cryptids,OVNI,alien,YYC_Calgary,HailCorporate,CanadianConservative,hockey,AncientTruehistory,conspiracy_commons,blowit,TinFoilHatPod,ForteanResearch,MBTItypings,MysteryMedia,RedditDayOf,OccultConspiracy,RealLifeConspiracy,GypsyRoad,censoredreality,neuronaut,wikipediaafdwatch,CreepyWikipedia,alienbeings,wikipedia,FolkloreAndMythology,NewOrleans,canadahousing,ShittyTodayILearned,Winnipeg,ndp,Unexplained,Zampano,UNAgenda21,knowyourshit,uncensorship,UnexplainedPhenomena7,ChannitTodayILearned,DanLeBatardShow,AnythingOntario,AllergyToNews,TheDollop,bookdownloads,BackToSchoolDeals,FightingFakeNews,bestOfReddit,Ancientknowledge,dominionofcanada,History_Mysteries,UfoResearchTeam,ExposingConspiracy,WikipediaRandomness,ShrugLyfeSyndicate,AliensAndUFOs,fascinating,AncientAliens,Calgary,toronto,UF0,Psychonaut,starseeds,invisiblerainbow,OVNIs,AlternativeHealth,conspiracydocumentary,Echerdex,ExposeTheCult
canada,0,,,0.9945,,,-0.9997,-0.9999,,,,,,-0.9985,,,-0.9999,-0.8976,,,0.9894,,-1.0,,0.9959,-1.0,,,,0.9999,,,,,,,,,-0.9402,,1.0,,,0.9999,,,,,,,0.9995,,,,,,,,,,,,,,,,,,,0.9953,,,,,,,,,,,,,,,,,,,,,,,,,0.9911,,0.9751,,,,,,,,,,,,,,,,,,,,,-0.9959,,0.9999,0.9989,,,,,,,,,-0.4767,,,,,,,,0.9688,,,,,,,,,0.9997,-0.9974,,,,,,,,,
conspiracydocumentary,1,,-0.9999,,,,,,0.5859,,,,,,,0.1505,,,,-0.7927,,0.0,,,,,,,,,0.237,,,,0.4404,0.9718,-0.5411,,,,,,0.9968,,,,,0.9755,,,,,-0.7452,0.0,,,-0.3315,-0.4767,0.9965,-0.6428,,,,,,,,,,,-0.3701,,,,,,0.0,,,,,,,,,,,,,,,,,0.6908,,,,,0.0,0.973,-0.7145,,,,0.4445,,,0.4767,,,,,,,,,,,,,,,,,,,,,,,,,,,,,,,,,0.6944,,,0.6662,,-0.9869,,,,,,,,,,0.9349,
classified,2,,,,0.7672,,,,0.8883,,-0.9445,0.4019,,,-0.9928,0.8352,,,,0.6527,,-0.9914,,,,,,0.5423,,,,0.9997,,0.9994,-0.9382,0.4238,-0.5932,0.0,,0.5365,,,0.9987,,,,0.0573,0.9928,0.4676,,,,1.0,-0.6948,0.959,,-0.9923,-0.9744,-0.8796,0.9893,,1.0,,0.8601,,0.2694,0.9349,,0.6848,,0.9784,0.9999,0.0,,-0.508,,0.5292,,,,,,0.0,,,,,0.952,,,,0.437,,-0.1306,,,,,-0.531,-0.9871,0.2942,-0.4871,-0.8129,,-0.7399,,0.8334,-0.88,0.0,,,,,-0.7184,,,,,,,,,,,,,-0.5859,,,,,,,,,,0.0,,0.0,,-0.6486,,,0.9931,-0.3102,-0.6074,,,0.9997,,0.9222,,,,,0.0,-0.8074
TheNativeDissident,3,,,,,-0.9929,,-0.9996,,-0.9998,,,,,,,,,,,0.9153,,-1.0,,,-0.9997,,,,1.0,,,,,,,,,,,0.9999,,,,0.9994,,,,,,,0.0,,,,,,,,,0.4871,,,,,,,,,,,,,,,,,,,,,,,,,,,,,,,,,,0.9799,,0.996,,,,,,,,,,,,,,,,,,,,,,,0.9873,,,,,,,,,,0.0,,,0.0,,0.5263,,,,,,,,,,,,,-0.9998,,,,,,,,,
todayilearned,4,,,,,,,,,,0.9997,,,,-0.9788,,,,,,,,,,,,,,-0.9041,,,,0.9983,,,,,,,,,,,,,,,,,-0.7055,,,,,,,,,,,,,0.9959,,,,,0.99,,,,,,,,0.0,,0.6392,,,-0.3237,0.9955,,,0.9915,,0.3612,,0.9636,0.8869,,,,,,0.966,,0.9998,,,,,,,,0.9937,,,,,,,0.9956,,0.9976,,-0.8182,,0.2668,,,,,,0.8524,,,,0.8597,,,0.9364,,0.8452,,0.1838,,,,,,,,,,,,,,,,,,,,,
wikipedia,5,,,,,,,,,,-0.9995,,,,,,,,,,,,,,,,,,,,,,,,,,,,,,,,,,,,,,,,,,,,,,,,,,,,,,,,,,,,,,,0.0,,-0.7379,,,,,,0.9904,,,,,,,,,,,,,,,,,,,,,,,,0.4135,,,,,,0.5106,-1.0,,,,,,,,,,,,,,,,,,,,,,,,,,,,,0.9949,,,,,,,,,,,,,,,
conspiracyhub,6,,,,,,,,,,,,,,,,,,,,,,0.9997,,,,,,,,,,,,,,,,,,,,,,,,,,,,,,,,,,,,,,,,,,,,,,,,,,,,,,,,,,,,,,,-1.0,,,,,,,,,,,,,,-0.9978,,,,,,,,,,,,,,,,,,,,,,,,0.7717,,,,,,,,,,,-0.9998,,,,,,,,,,,,,,,,,,,-0.9977,,,
DigitalCartel,7,,,,,,,,,,,,,,,,,,,,,,,0.997,,,0.9983,,,,,,,,,,,,,,,,,,,,,,,,,,0.9993,,,,,,,,,,,,,,,,,,,,,,,,,,-0.9961,,,,,0.8738,,-1.0,,0.9983,,,,,,,,,,,,,,,,,,,,,,,0.6531,,,,-0.9996,,,,,,,,,,,,,,,,,,,,,,,,,,,,-0.5789,,,,,,,1.0,,-0.9998,,,,,
conspiracy_commons,8,,,,,,,,,,,,,,,,,,,,,,,,,,,,,,,,,,,,,,,,,,,,,,,,,,,,,,,,,,,,,,,,,,,,,,,,,,,,,,,0.9995,,,,,,,,,,,,,,,,,,,,,,,,,,,,,,0.9836,,,,,,,,,,,,,,,,,,,,,,,,,,,,,,,,,,,,,,,,,,,,,,,
edwardsnowden,9,,,,,,,,,,,,,,,,,,,,,,,,,,,,,,,,,,,,,,,,,,,,,,,,,,,,,,,,,,,,,,,,,,,,,,,,,,,,,,,,,,,,,,,,,,,,,,,,,,,-0.4667,,,,,,,,,,,,,,,,,,,,,,,,,,,,,,,,,,,,,,,,,,,,,,,,,,,,,,,-0.715,,
