Source,Target,Type,Id,Label,timeset,Weight
Political_Revolution,TweetArchiver,Undirected,6356,,,5
Political_Revolution,democraticparty,Undirected,6352,,,10
Political_Revolution,PoliticalVideos,Undirected,6351,,,5
Political_Revolution,NewYorkForBernie,Undirected,6348,,,8
Political_Revolution,TimCanova,Undirected,6345,,,18
Political_Revolution,dsa,Undirected,6341,,,32
Political_Revolution,The_Alexandria,Undirected,6334,,,5
Political_Revolution,justicedemocrats,Undirected,6329,,,20
Political_Revolution,BrandNewCongress,Undirected,6328,,,6
Political_Revolution,MedicareForAll,Undirected,6327,,,7
Political_Revolution,demsocialists,Undirected,6318,,,14
Political_Revolution,BerniesRevolution,Undirected,6311,,,8
Political_Revolution,Enough_AOC_Spam,Undirected,6310,,,6
Political_Revolution,RealBlueMidterm,Undirected,6308,,,11
Political_Revolution,AlexandriaOcasio,Undirected,6307,,,10
Political_Revolution,Enough_Sanders_Spam,Undirected,6291,,,23
Political_Revolution,tytonreddit,Undirected,6263,,,7
WayOfTheAloha,Political_Revolution,Undirected,39799,,,17
WashingtonForSanders,Political_Revolution,Undirected,39708,,,28
WAForSanders,Political_Revolution,Undirected,39447,,,12
VermontForBernie,Political_Revolution,Undirected,39355,,,10
UtahForSanders,Political_Revolution,Undirected,39218,,,16
tulsi,Political_Revolution,Undirected,37995,,,18
RedactedTonight,Political_Revolution,Undirected,31722,,,6
PheelTheBern,Political_Revolution,Undirected,29139,,,8
OregonForBernie,Political_Revolution,Undirected,28731,,,9
OKForSanders,Political_Revolution,Undirected,28708,,,10
ohioforsanders,Political_Revolution,Undirected,28648,,,33
NorthCarolina4Sanders,Political_Revolution,Undirected,27625,,,26
NHForSanders,Political_Revolution,Undirected,27395,,,13
NewYorkForSanders,Political_Revolution,Undirected,27231,,,47
MurderedByAOC,Political_Revolution,Undirected,26045,,,34
minnesotaforsanders,Political_Revolution,Undirected,25830,,,6
KansasForSanders,Political_Revolution,Undirected,23834,,,16
INForSanders,Political_Revolution,Undirected,22964,,,9
Illinois4Sanders,Political_Revolution,Undirected,22232,,,28
FloridaForSanders,Political_Revolution,Undirected,19522,,,64
DEForSanders,Political_Revolution,Undirected,17047,,,12
DCForBernie,Political_Revolution,Undirected,16933,,,11
ColoradoForSanders,Political_Revolution,Undirected,14142,,,10
CaliforniaForSanders,Political_Revolution,Undirected,13059,,,35
bernieblindness,Political_Revolution,Undirected,11503,,,89
bernie,Political_Revolution,Undirected,11468,,,57
PoliticalVideo,Political_Revolution,Undirected,6231,,,17
OurPresident,TweetArchiver,Undirected,28769,,,5
OurPresident,RealBlueMidterm,Undirected,28768,,,5
OurPresident,MurderedByAOC,Undirected,28761,,,5
OurPresident,MyRssFeeds,Undirected,28755,,,5
OurPresident,WayOfTheBern,Undirected,28747,,,77
OurPresident,YangGang,Undirected,28745,,,5
OurPresident,Enough_Sanders_Spam,Undirected,28744,,,35
WeAreNotAsking,OurPresident,Undirected,39840,,,33
WashingtonForSanders,OurPresident,Undirected,39766,,,22
WAForSanders,OurPresident,Undirected,39455,,,6
UtahForSanders,OurPresident,Undirected,39222,,,15
tytonreddit,OurPresident,Undirected,38112,,,43
SanJoseForSanders,OurPresident,Undirected,32708,,,5
SanFranForSanders,OurPresident,Undirected,32647,,,9
PortlandiaForSanders,OurPresident,Undirected,29875,,,12
PortlandForSanders,OurPresident,Undirected,29851,,,10
PhoenixForSanders,OurPresident,Undirected,29212,,,6
PhillyForSanders,OurPresident,Undirected,29179,,,7
PheelTheBern,OurPresident,Undirected,29137,,,7
OregonForBernie,OurPresident,Undirected,28739,,,5
ohioforsanders,OurPresident,Undirected,28646,,,27
NorthCarolina4Sanders,OurPresident,Undirected,27605,,,22
NHForSanders,OurPresident,Undirected,27391,,,8
NewYorkForSanders,OurPresident,Undirected,27239,,,21
NewOrleansForSanders,OurPresident,Undirected,26699,,,7
NashvilleForSanders,OurPresident,Undirected,26062,,,9
minnesotaforsanders,OurPresident,Undirected,25828,,,6
KansasForSanders,OurPresident,Undirected,23904,,,15
justicedemocrats,OurPresident,Undirected,23711,,,99
INForSanders,OurPresident,Undirected,22970,,,5
Illinois4Sanders,OurPresident,Undirected,22234,,,32
FloridaForSanders,OurPresident,Undirected,19513,,,29
FakeProgressives,OurPresident,Undirected,19132,,,40
dsa,OurPresident,Undirected,18009,,,79
demsocialists,OurPresident,Undirected,17475,,,48
DCForBernie,OurPresident,Undirected,16982,,,6
ColoradoForSanders,OurPresident,Undirected,14147,,,9
CaliforniaForSanders,OurPresident,Undirected,13105,,,34
BirdieSanders2020,OurPresident,Undirected,12048,,,26
BernieFor2020,OurPresident,Undirected,11671,,,61
Berniecrats,OurPresident,Undirected,11606,,,14
bernieblindness,OurPresident,Undirected,11501,,,39
bernie,OurPresident,Undirected,11465,,,97
PoliticalVideo,OurPresident,Undirected,6243,,,8
FakeProgressives,PoliticalVideos,Undirected,19190,,,8
FakeProgressives,Enough_AOC_Spam,Undirected,19187,,,5
FakeProgressives,PoliticalCoverage,Undirected,19184,,,5
FakeProgressives,Enough_Sanders_Spam,Undirected,19178,,,21
FakeProgressives,enoughsandersspam,Undirected,19175,,,20
FakeProgressives,seculartalk,Undirected,19172,,,6
FakeProgressives,currentaffairs,Undirected,19171,,,6
FakeProgressives,DemocraticPrimary,Undirected,19168,,,6
FakeProgressives,MedicareForAll,Undirected,19164,,,5
FakeProgressives,DemocraticSocialism,Undirected,19163,,,24
FakeProgressives,BKAC_Pete_Buttigieg,Undirected,19155,,,5
FakeProgressives,Corporate_Pete,Undirected,19153,,,17
FakeProgressives,Bloomberg_Plutocrat,Undirected,19143,,,8
FakeProgressives,BKAC_LizWarren,Undirected,19140,,,7
FakeProgressives,WayOfTheBern,Undirected,19118,,,9
FakeProgressives,AOC,Undirected,19117,,,6
WayOfTheAloha,FakeProgressives,Undirected,39787,,,23
RedactedTonight,FakeProgressives,Undirected,31712,,,7
PheelTheBern,FakeProgressives,Undirected,29141,,,10
justicedemocrats,FakeProgressives,Undirected,23739,,,40
FloridaForSanders,FakeProgressives,Undirected,19525,,,9
CaliforniaForSanders,FakeProgressives,Undirected,13144,,,8
BirdieSanders2020,FakeProgressives,Undirected,12062,,,10
BerniesRevolution,FakeProgressives,Undirected,11899,,,13
BernieFor2020,FakeProgressives,Undirected,11689,,,36
Berniecrats,FakeProgressives,Undirected,11623,,,12
bernie,FakeProgressives,Undirected,11482,,,7
tytonreddit,CaliforniaForSanders,Undirected,38179,,,5
tytonreddit,AlexandriaOcasio,Undirected,38174,,,6
tytonreddit,AOC,Undirected,38170,,,8
tytonreddit,tytsucks,Undirected,38164,,,5
tytonreddit,BernieSandersNews,Undirected,38160,,,5
tytonreddit,democraticparty,Undirected,38150,,,9
tytonreddit,ProgressiveVoice,Undirected,38147,,,13
tytonreddit,PoliticalVideos,Undirected,38146,,,99
tytonreddit,NewsVidFeed,Undirected,38145,,,7
tytonreddit,TheMajorityReport,Undirected,38134,,,41
tytonreddit,DemocraticSocialism,Undirected,38130,,,47
tytonreddit,Enough_AOC_Spam,Undirected,38111,,,6
tytonreddit,Enough_Sanders_Spam,Undirected,38110,,,12
tytonreddit,SandersForPresident,Undirected,38107,,,54
tytonreddit,TheHumanistReport,Undirected,38100,,,5
tytonreddit,seculartalk,Undirected,38099,,,12
tytonreddit,BernieSanders,Undirected,38085,,,15
PheelTheBern,tytonreddit,Undirected,29159,,,5
justicedemocrats,tytonreddit,Undirected,23775,,,10
WeAreNotAsking,The_Alexandria,Undirected,39982,,,5
WeAreNotAsking,AKForSanders,Undirected,39979,,,6
WeAreNotAsking,CAForSanders,Undirected,39978,,,6
WeAreNotAsking,ARForSanders,Undirected,39977,,,6
WeAreNotAsking,AlabamaForBernie,Undirected,39976,,,6
WeAreNotAsking,AZForSanders,Undirected,39975,,,6
WeAreNotAsking,DEForSanders,Undirected,39974,,,6
WeAreNotAsking,CTForSanders,Undirected,39973,,,6
WeAreNotAsking,FLForSanders,Undirected,39972,,,6
WeAreNotAsking,DCForBernie,Undirected,39971,,,6
WeAreNotAsking,IDForSanders,Undirected,39970,,,6
WeAreNotAsking,IAForSanders,Undirected,39968,,,6
WeAreNotAsking,ILForSanders,Undirected,39967,,,6
WeAreNotAsking,INForSanders,Undirected,39966,,,6
WeAreNotAsking,HIForSanders,Undirected,39965,,,6
WeAreNotAsking,LAForSanders,Undirected,39964,,,6
WeAreNotAsking,KYForSanders,Undirected,39963,,,6
WeAreNotAsking,GAForSanders,Undirected,39962,,,6
WeAreNotAsking,MEForSanders,Undirected,39961,,,6
WeAreNotAsking,MDForSanders,Undirected,39960,,,6
WeAreNotAsking,MAForSanders,Undirected,39959,,,6
WeAreNotAsking,minnesotaforsanders,Undirected,39958,,,6
WeAreNotAsking,MIForSanders,Undirected,39957,,,6
WeAreNotAsking,NJForSanders,Undirected,39956,,,6
WeAreNotAsking,MSForSanders,Undirected,39955,,,6
WeAreNotAsking,MTForSanders,Undirected,39954,,,6
WeAreNotAsking,MissouriForSanders,Undirected,39953,,,6
WeAreNotAsking,NorthDakotaForSanders,Undirected,39952,,,6
WeAreNotAsking,NCForBernie,Undirected,39951,,,6
WeAreNotAsking,NebraskaForSanders,Undirected,39950,,,6
WeAreNotAsking,NMForSanders,Undirected,39949,,,6
WeAreNotAsking,NHForSanders,Undirected,39948,,,6
WeAreNotAsking,NewYorkForBernie,Undirected,39947,,,6
WeAreNotAsking,NVForSanders,Undirected,39946,,,6
WeAreNotAsking,OHForSanders,Undirected,39945,,,6
WeAreNotAsking,OKForSanders,Undirected,39944,,,6
WeAreNotAsking,PuertoRicoforSanders,Undirected,39943,,,6
WeAreNotAsking,RIForSanders,Undirected,39942,,,6
WeAreNotAsking,SCForBernie,Undirected,39941,,,6
WeAreNotAsking,TNForSanders,Undirected,39940,,,6
WeAreNotAsking,SDForSanders,Undirected,39939,,,6
WeAreNotAsking,TXForSanders,Undirected,39938,,,6
WeAreNotAsking,OregonForBernie,Undirected,39937,,,6
WeAreNotAsking,VAForSanders,Undirected,39936,,,6
WeAreNotAsking,DallasForSanders,Undirected,39933,,,6
WeAreNotAsking,NashvilleForSanders,Undirected,39932,,,6
WeAreNotAsking,WIsconsinForSanders,Undirected,39931,,,6
WeAreNotAsking,NewOrleansForSanders,Undirected,39930,,,6
WeAreNotAsking,WYForSanders,Undirected,39929,,,6
WeAreNotAsking,PhillyForSanders,Undirected,39928,,,6
WeAreNotAsking,PhoenixForSanders,Undirected,39927,,,6
WeAreNotAsking,BostonForSanders,Undirected,39926,,,6
WeAreNotAsking,SanFranForSanders,Undirected,39925,,,6
WeAreNotAsking,PortlandiaForSanders,Undirected,39924,,,6
WeAreNotAsking,PortlandForSanders,Undirected,39923,,,6
WeAreNotAsking,SanJoseForSanders,Undirected,39922,,,6
WeAreNotAsking,SeattleForSanders,Undirected,39921,,,6
WeAreNotAsking,PAForBernie,Undirected,39919,,,6
WeAreNotAsking,WVForBernie,Undirected,39917,,,6
WeAreNotAsking,GeoducksForSanders,Undirected,39916,,,6
WeAreNotAsking,GetYourNewsOnWithRon,Undirected,39909,,,5
WeAreNotAsking,enoughsandersspam,Undirected,39908,,,5
WeAreNotAsking,MedicareForAll,Undirected,39901,,,10
WeAreNotAsking,YangForPresidentHQ,Undirected,39899,,,6
WeAreNotAsking,Enough_Sanders_Spam,Undirected,39898,,,10
WeAreNotAsking,BernieSanders,Undirected,39892,,,29
WeAreNotAsking,PoliticalVideos,Undirected,39886,,,10
WeAreNotAsking,AOC,Undirected,39877,,,7
WeAreNotAsking,PoliticalCoverage,Undirected,39873,,,8
WeAreNotAsking,DemocraticSocialism,Undirected,39872,,,23
WeAreNotAsking,TheMajorityReport,Undirected,39866,,,7
WeAreNotAsking,democraticsocialists,Undirected,39855,,,7
WeAreNotAsking,seculartalk,Undirected,39852,,,7
WeAreNotAsking,WayOfTheBern,Undirected,39837,,,6
WeAreNotAsking,SandersForPresident,Undirected,39836,,,87
WayOfTheAloha,WeAreNotAsking,Undirected,39818,,,8
RedactedTonight,WeAreNotAsking,Undirected,31723,,,8
PheelTheBern,WeAreNotAsking,Undirected,29145,,,5
ohioforsanders,WeAreNotAsking,Undirected,28647,,,5
NewYorkForSanders,WeAreNotAsking,Undirected,27253,,,5
Illinois4Sanders,WeAreNotAsking,Undirected,22256,,,5
FloridaForSanders,WeAreNotAsking,Undirected,19527,,,14
CaliforniaForSanders,WeAreNotAsking,Undirected,13128,,,5
BirdieSanders2020,WeAreNotAsking,Undirected,12061,,,6
BerniesRevolution,WeAreNotAsking,Undirected,11894,,,25
Berniecrats,WeAreNotAsking,Undirected,11578,,,22
bernie,WeAreNotAsking,Undirected,11483,,,7
StillSandersForPres,WeAreNotAsking,Undirected,7367,,,8
DemocraticSocialism,Free_Mind_Project,Undirected,2937,,,9
DemocraticSocialism,ReallyAmerican,Undirected,2928,,,19
DemocraticSocialism,dsa,Undirected,2924,,,25
DemocraticSocialism,Enough_Sanders_Spam,Undirected,2919,,,8
DemocraticSocialism,AlexandriaOcasio,Undirected,2918,,,5
DemocraticSocialism,WayOfTheBern,Undirected,2908,,,8
WashingtonForSanders,DemocraticSocialism,Undirected,39780,,,10
WAForSanders,DemocraticSocialism,Undirected,39454,,,5
VermontForBernie,DemocraticSocialism,Undirected,39363,,,5
UtahForSanders,DemocraticSocialism,Undirected,39295,,,5
SanJoseForSanders,DemocraticSocialism,Undirected,32704,,,8
SanFranForSanders,DemocraticSocialism,Undirected,32681,,,7
PortlandiaForSanders,DemocraticSocialism,Undirected,29865,,,9
PortlandForSanders,DemocraticSocialism,Undirected,29844,,,9
PhoenixForSanders,DemocraticSocialism,Undirected,29204,,,8
PhillyForSanders,DemocraticSocialism,Undirected,29174,,,8
PheelTheBern,DemocraticSocialism,Undirected,29146,,,7
ohioforsanders,DemocraticSocialism,Undirected,28675,,,14
NorthCarolina4Sanders,DemocraticSocialism,Undirected,27632,,,14
NHForSanders,DemocraticSocialism,Undirected,27396,,,6
NewYorkForSanders,DemocraticSocialism,Undirected,27237,,,15
NewOrleansForSanders,DemocraticSocialism,Undirected,26697,,,9
NashvilleForSanders,DemocraticSocialism,Undirected,26083,,,8
minnesotaforsanders,DemocraticSocialism,Undirected,25833,,,9
KansasForSanders,DemocraticSocialism,Undirected,23835,,,8
justicedemocrats,DemocraticSocialism,Undirected,23712,,,85
INForSanders,DemocraticSocialism,Undirected,22968,,,5
Illinois4Sanders,DemocraticSocialism,Undirected,22249,,,17
FloridaForSanders,DemocraticSocialism,Undirected,19528,,,19
demsocialists,DemocraticSocialism,Undirected,17476,,,70
democraticparty,DemocraticSocialism,Undirected,17191,,,92
DCForBernie,DemocraticSocialism,Undirected,16985,,,6
DallasForSanders,DemocraticSocialism,Undirected,16599,,,7
CaliforniaForSanders,DemocraticSocialism,Undirected,13067,,,21
BostonForSanders,DemocraticSocialism,Undirected,12620,,,5
BirdieSanders2020,DemocraticSocialism,Undirected,12058,,,10
BerniesRevolution,DemocraticSocialism,Undirected,11895,,,34
BernieFor2020,DemocraticSocialism,Undirected,11674,,,47
Berniecrats,DemocraticSocialism,Undirected,11585,,,44
bernieblindness,DemocraticSocialism,Undirected,11515,,,35
bernie,DemocraticSocialism,Undirected,11463,,,41
StillSandersForPres,DemocraticSocialism,Undirected,7373,,,9
PoliticalVideo,DemocraticSocialism,Undirected,6250,,,9
dsa,MedicareForAll,Undirected,18109,,,6
dsa,PoliticalCoverage,Undirected,18107,,,8
dsa,DemocraticPrimary,Undirected,18106,,,5
dsa,Enough_Sanders_Spam,Undirected,18101,,,14
dsa,Enough_AOC_Spam,Undirected,18100,,,6
dsa,TweetArchiver,Undirected,18099,,,9
dsa,PoliticalVideos,Undirected,18091,,,54
dsa,TYTnetwork,Undirected,18090,,,22
dsa,YangForPresidentHQ,Undirected,18087,,,10
dsa,IlhanOmar,Undirected,18082,,,8
dsa,NewYorkForBernie,Undirected,18066,,,6
dsa,The_Alexandria,Undirected,18055,,,8
dsa,AlexandriaOcasio,Undirected,18053,,,20
dsa,WayOfTheBern,Undirected,18052,,,5
dsa,MurderedByAOC,Undirected,18051,,,7
dsa,seculartalk,Undirected,18040,,,16
dsa,TheMajorityReport,Undirected,18036,,,28
dsa,Ilhan,Undirected,18008,,,10
WashingtonForSanders,dsa,Undirected,39709,,,14
WAForSanders,dsa,Undirected,39448,,,17
VermontForBernie,dsa,Undirected,39357,,,16
UtahForSanders,dsa,Undirected,39288,,,13
RedactedTonight,dsa,Undirected,31716,,,10
PheelTheBern,dsa,Undirected,29142,,,11
OregonForBernie,dsa,Undirected,28732,,,17
OKForSanders,dsa,Undirected,28711,,,13
ohioforsanders,dsa,Undirected,28649,,,11
NorthCarolina4Sanders,dsa,Undirected,27633,,,8
NHForSanders,dsa,Undirected,27398,,,14
NewYorkForSanders,dsa,Undirected,27308,,,10
minnesotaforsanders,dsa,Undirected,25832,,,13
KansasForSanders,dsa,Undirected,23833,,,19
INForSanders,dsa,Undirected,22965,,,9
Illinois4Sanders,dsa,Undirected,22255,,,11
FloridaForSanders,dsa,Undirected,19535,,,22
DEForSanders,dsa,Undirected,17048,,,10
DCForBernie,dsa,Undirected,16934,,,12
ColoradoForSanders,dsa,Undirected,14141,,,12
CaliforniaForSanders,dsa,Undirected,13064,,,23
BerniesRevolution,dsa,Undirected,11897,,,31
BernieFor2020,dsa,Undirected,11655,,,45
Berniecrats,dsa,Undirected,11587,,,37
bernie,dsa,Undirected,11479,,,12
SandersForPresident,dsa,Undirected,6968,,,45
SandersForPresident,bernie,Undirected,7011,,,5
SandersForPresident,enoughsandersspam,Undirected,7007,,,11
SandersForPresident,FloridaForSanders,Undirected,7006,,,5
SandersForPresident,NewYorkForSanders,Undirected,7001,,,7
SandersForPresident,seculartalk,Undirected,6986,,,5
SandersForPresident,PheelTheBern,Undirected,6966,,,10
SandersForPresident,BirdieSanders2020,Undirected,6963,,,26
SandersForPresident,YangForPresidentHQ,Undirected,6957,,,10
SandersForPresident,Enough_Sanders_Spam,Undirected,6953,,,28
SandersForPresident,WayOfTheBern,Undirected,6952,,,88
WayOfTheAloha,SandersForPresident,Undirected,39813,,,6
WAForSanders,SandersForPresident,Undirected,39440,,,44
VermontForBernie,SandersForPresident,Undirected,39353,,,47
UtahForSanders,SandersForPresident,Undirected,39287,,,49
tulsi,SandersForPresident,Undirected,37999,,,11
SanJoseForSanders,SandersForPresident,Undirected,32710,,,29
SanFranForSanders,SandersForPresident,Undirected,32677,,,32
RedactedTonight,SandersForPresident,Undirected,31724,,,5
PortlandiaForSanders,SandersForPresident,Undirected,29871,,,45
PortlandForSanders,SandersForPresident,Undirected,29848,,,43
PhoenixForSanders,SandersForPresident,Undirected,29202,,,40
PhillyForSanders,SandersForPresident,Undirected,29177,,,46
OregonForBernie,SandersForPresident,Undirected,28715,,,47
OKForSanders,SandersForPresident,Undirected,28705,,,35
NHForSanders,SandersForPresident,Undirected,27390,,,41
NewOrleansForSanders,SandersForPresident,Undirected,26686,,,36
NashvilleForSanders,SandersForPresident,Undirected,26075,,,31
minnesotaforsanders,SandersForPresident,Undirected,25835,,,24
KansasForSanders,SandersForPresident,Undirected,23827,,,61
INForSanders,SandersForPresident,Undirected,22959,,,36
DEForSanders,SandersForPresident,Undirected,17044,,,31
DCForBernie,SandersForPresident,Undirected,16928,,,33
DallasForSanders,SandersForPresident,Undirected,16604,,,41
ColoradoForSanders,SandersForPresident,Undirected,14136,,,29
BostonForSanders,SandersForPresident,Undirected,12605,,,27
BerniesRevolution,SandersForPresident,Undirected,11881,,,6
BernieFor2020,SandersForPresident,Undirected,11643,,,7
Berniecrats,SandersForPresident,Undirected,11592,,,90
bernieblindness,SandersForPresident,Undirected,11520,,,56
AOC,SandersForPresident,Undirected,11020,,,18
PoliticalVideo,SandersForPresident,Undirected,6215,,,34
WayOfTheAloha,YangForPresidentHQ,Undirected,39786,,,13
tulsi,YangForPresidentHQ,Undirected,38001,,,24
RealBlueMidterm,YangForPresidentHQ,Undirected,31557,,,5
ohioforsanders,YangForPresidentHQ,Undirected,28688,,,6
democraticparty,YangForPresidentHQ,Undirected,17228,,,5
BirdieSanders2020,YangForPresidentHQ,Undirected,12067,,,8
BerniesRevolution,YangForPresidentHQ,Undirected,11911,,,7
BernieFor2020,YangForPresidentHQ,Undirected,11719,,,22
Berniecrats,YangForPresidentHQ,Undirected,11618,,,11
bernieblindness,YangForPresidentHQ,Undirected,11553,,,17
PoliticalVideo,YangForPresidentHQ,Undirected,6228,,,7
WayOfTheAloha,WayOfTheBern,Undirected,39792,,,6
WashingtonForSanders,WayOfTheBern,Undirected,39706,,,72
WAForSanders,WayOfTheBern,Undirected,39439,,,62
VermontForBernie,WayOfTheBern,Undirected,39348,,,59
UtahForSanders,WayOfTheBern,Undirected,39219,,,79
seculartalk,WayOfTheBern,Undirected,32960,,,16
SanJoseForSanders,WayOfTheBern,Undirected,32698,,,96
SanFranForSanders,WayOfTheBern,Undirected,32644,,,97
RedactedTonight,WayOfTheBern,Undirected,31715,,,37
RealBlueMidterm,WayOfTheBern,Undirected,31411,,,7
PhoenixForSanders,WayOfTheBern,Undirected,29200,,,68
PhillyForSanders,WayOfTheBern,Undirected,29169,,,93
PheelTheBern,WayOfTheBern,Undirected,29133,,,35
OregonForBernie,WayOfTheBern,Undirected,28716,,,53
OKForSanders,WayOfTheBern,Undirected,28706,,,56
ohioforsanders,WayOfTheBern,Undirected,28643,,,83
NorthCarolina4Sanders,WayOfTheBern,Undirected,27567,,,54
NHForSanders,WayOfTheBern,Undirected,27389,,,69
NewYorkForSanders,WayOfTheBern,Undirected,27232,,,96
NewOrleansForSanders,WayOfTheBern,Undirected,26687,,,80
NashvilleForSanders,WayOfTheBern,Undirected,26063,,,85
MurderedByAOC,WayOfTheBern,Undirected,26046,,,16
minnesotaforsanders,WayOfTheBern,Undirected,25827,,,47
KansasForSanders,WayOfTheBern,Undirected,23829,,,81
INForSanders,WayOfTheBern,Undirected,22960,,,53
Illinois4Sanders,WayOfTheBern,Undirected,22240,,,88
democraticparty,WayOfTheBern,Undirected,17167,,,9
DEForSanders,WayOfTheBern,Undirected,17045,,,56
DCForBernie,WayOfTheBern,Undirected,16929,,,59
DallasForSanders,WayOfTheBern,Undirected,16537,,,84
ColoradoForSanders,WayOfTheBern,Undirected,14137,,,79
BostonForSanders,WayOfTheBern,Undirected,12621,,,42
BirdieSanders2020,WayOfTheBern,Undirected,12049,,,37
BerniesRevolution,WayOfTheBern,Undirected,11864,,,7
BernieSanders,WayOfTheBern,Undirected,11768,,,44
BernieFor2020,WayOfTheBern,Undirected,11645,,,7
Berniecrats,WayOfTheBern,Undirected,11560,,,6
bernieblindness,WayOfTheBern,Undirected,11506,,,9
bernie,WayOfTheBern,Undirected,11462,,,72
AOC,WayOfTheBern,Undirected,11022,,,28
StillSandersForPres,WayOfTheBern,Undirected,7323,,,8
PoliticalVideo,WayOfTheBern,Undirected,6247,,,21
Enough_Sanders_Spam,WayOfTheBern,Undirected,3451,,,27
MurderedByAOC,TheMajorityReport,Undirected,26058,,,5
MurderedByAOC,PoliticalVideos,Undirected,26056,,,13
MurderedByAOC,DebtStrike,Undirected,26049,,,11
democraticparty,MurderedByAOC,Undirected,17194,,,7
bernie,MurderedByAOC,Undirected,11460,,,7
AOC,halloween,Undirected,11044,,,5
AOC,DebtStrike,Undirected,11040,,,19
AOC,AOCPrez2028,Undirected,11036,,,11
AOC,ClassPoliticsTwitter,Undirected,11033,,,7
AOC,AlexandriaOcasio,Undirected,11026,,,10
WashingtonForSanders,AOC,Undirected,39778,,,9
SanJoseForSanders,AOC,Undirected,32705,,,7
SanFranForSanders,AOC,Undirected,32682,,,8
RealBlueMidterm,AOC,Undirected,31547,,,25
PortlandiaForSanders,AOC,Undirected,29866,,,8
PortlandForSanders,AOC,Undirected,29845,,,9
PhoenixForSanders,AOC,Undirected,29205,,,9
PhillyForSanders,AOC,Undirected,29175,,,9
ohioforsanders,AOC,Undirected,28682,,,6
NorthCarolina4Sanders,AOC,Undirected,27640,,,9
NewYorkForSanders,AOC,Undirected,27243,,,8
NewOrleansForSanders,AOC,Undirected,26691,,,6
NashvilleForSanders,AOC,Undirected,26084,,,8
justicedemocrats,AOC,Undirected,23713,,,45
Illinois4Sanders,AOC,Undirected,22257,,,10
FloridaForSanders,AOC,Undirected,19536,,,8
demsocialists,AOC,Undirected,17466,,,21
democraticparty,AOC,Undirected,17201,,,43
DallasForSanders,AOC,Undirected,16600,,,9
CaliforniaForSanders,AOC,Undirected,13131,,,9
BerniesRevolution,AOC,Undirected,11913,,,5
BernieFor2020,AOC,Undirected,11669,,,9
Berniecrats,AOC,Undirected,11628,,,7
bernieblindness,AOC,Undirected,11510,,,8
bernie,AOC,Undirected,11471,,,26
justicedemocrats,SunriseMovement,Undirected,23823,,,8
justicedemocrats,ClimateOffensive,Undirected,23822,,,16
justicedemocrats,WeThe99,Undirected,23818,,,6
justicedemocrats,InconvenientDemocrats,Undirected,23816,,,6
justicedemocrats,OurRevolutions,Undirected,23815,,,8
justicedemocrats,MedicareForAll,Undirected,23808,,,19
justicedemocrats,bernie2020,Undirected,23804,,,5
justicedemocrats,bernie,Undirected,23782,,,6
justicedemocrats,TimCanova,Undirected,23780,,,6
justicedemocrats,democraticsocialists,Undirected,23779,,,21
justicedemocrats,BrandNewCongress,Undirected,23778,,,19
justicedemocrats,seculartalk,Undirected,23776,,,10
justicedemocrats,TheMajorityReport,Undirected,23773,,,11
justicedemocrats,bernieblindness,Undirected,23772,,,7
justicedemocrats,PoliticalCoverage,Undirected,23757,,,21
justicedemocrats,Enough_AOC_Spam,Undirected,23755,,,8
justicedemocrats,The_Alexandria,Undirected,23738,,,7
justicedemocrats,AlexandriaOcasio,Undirected,23737,,,21
justicedemocrats,Enough_Sanders_Spam,Undirected,23735,,,12
justicedemocrats,BernieSanders,Undirected,23732,,,34
ohioforsanders,justicedemocrats,Undirected,28687,,,5
NewYorkForSanders,justicedemocrats,Undirected,27252,,,8
Illinois4Sanders,justicedemocrats,Undirected,22260,,,6
CaliforniaForSanders,justicedemocrats,Undirected,13141,,,5
StillSandersForPres,RedditDotNETBot,Undirected,7413,,,14
StillSandersForPres,bernie,Undirected,7389,,,11
StillSandersForPres,TweetArchiver,Undirected,7383,,,92
StillSandersForPres,bernie2020,Undirected,7381,,,9
StillSandersForPres,NewYorkForBernie,Undirected,7371,,,8
StillSandersForPres,enoughsandersspam,Undirected,7362,,,6
StillSandersForPres,Enough_Sanders_Spam,Undirected,7346,,,44
WAForSanders,StillSandersForPres,Undirected,39438,,,5
VermontForBernie,StillSandersForPres,Undirected,39316,,,5
SanJoseForSanders,StillSandersForPres,Undirected,32687,,,9
PortlandiaForSanders,StillSandersForPres,Undirected,29859,,,8
PortlandForSanders,StillSandersForPres,Undirected,29830,,,9
PhoenixForSanders,StillSandersForPres,Undirected,29188,,,9
NHForSanders,StillSandersForPres,Undirected,27333,,,9
NashvilleForSanders,StillSandersForPres,Undirected,26065,,,9
KansasForSanders,StillSandersForPres,Undirected,23828,,,9
INForSanders,StillSandersForPres,Undirected,22927,,,9
democraticparty,StillSandersForPres,Undirected,17219,,,9
DEForSanders,StillSandersForPres,Undirected,16990,,,9
DallasForSanders,StillSandersForPres,Undirected,16536,,,9
BostonForSanders,StillSandersForPres,Undirected,12607,,,7
BernieSanders,StillSandersForPres,Undirected,11781,,,72
Berniecrats,StillSandersForPres,Undirected,11571,,,9
bernieblindness,StillSandersForPres,Undirected,11535,,,26
democraticparty,MedicareForAll,Undirected,17235,,,5
democraticparty,socialistsforsanders,Undirected,17230,,,6
democraticparty,DemocraticPrimary,Undirected,17229,,,13
democraticparty,PoliticalCoverage,Undirected,17216,,,27
democraticparty,AlexandriaOcasio,Undirected,17214,,,5
democraticparty,democraticsocialists,Undirected,17208,,,7
democraticparty,BernieSanders,Undirected,17206,,,12
democraticparty,Enough_Sanders_Spam,Undirected,17170,,,15
WayOfTheAloha,democraticparty,Undirected,39801,,,8
FloridaForSanders,democraticparty,Undirected,19538,,,6
BerniesRevolution,democraticparty,Undirected,11914,,,19
Berniecrats,democraticparty,Undirected,11607,,,30
bernie,democraticparty,Undirected,11477,,,9
BernieSanders,Enough_Sanders_Spam,Undirected,11847,,,6
BernieSanders,TweetArchiver,Undirected,11846,,,70
BernieSanders,ARForSanders,Undirected,11845,,,72
BernieSanders,AlabamaForBernie,Undirected,11844,,,72
BernieSanders,AKForSanders,Undirected,11843,,,72
BernieSanders,CAForSanders,Undirected,11842,,,72
BernieSanders,AZForSanders,Undirected,11841,,,72
BernieSanders,CTForSanders,Undirected,11840,,,72
BernieSanders,DEForSanders,Undirected,11839,,,72
BernieSanders,ColoradoForSanders,Undirected,11838,,,72
BernieSanders,GAForSanders,Undirected,11836,,,72
BernieSanders,IAForSanders,Undirected,11835,,,72
BernieSanders,ILForSanders,Undirected,11834,,,72
BernieSanders,IDForSanders,Undirected,11833,,,72
BernieSanders,HIForSanders,Undirected,11832,,,72
BernieSanders,KansasForSanders,Undirected,11831,,,72
BernieSanders,MEForSanders,Undirected,11830,,,72
BernieSanders,LAForSanders,Undirected,11829,,,72
BernieSanders,KYForSanders,Undirected,11828,,,72
BernieSanders,MAForSanders,Undirected,11827,,,72
BernieSanders,MDForSanders,Undirected,11826,,,72
BernieSanders,MTForSanders,Undirected,11825,,,72
BernieSanders,MIForSanders,Undirected,11824,,,72
BernieSanders,MissouriForSanders,Undirected,11823,,,72
BernieSanders,MSForSanders,Undirected,11822,,,72
BernieSanders,minnesotaforsanders,Undirected,11821,,,72
BernieSanders,NCForBernie,Undirected,11820,,,72
BernieSanders,NMForSanders,Undirected,11819,,,72
BernieSanders,OHForSanders,Undirected,11818,,,72
BernieSanders,NorthDakotaForSanders,Undirected,11816,,,72
BernieSanders,NewYorkForBernie,Undirected,11815,,,72
BernieSanders,OKForSanders,Undirected,11814,,,72
BernieSanders,PAForBernie,Undirected,11813,,,72
BernieSanders,TNForSanders,Undirected,11811,,,72
BernieSanders,SDForSanders,Undirected,11810,,,72
BernieSanders,RIForSanders,Undirected,11809,,,72
BernieSanders,PuertoRicoforSanders,Undirected,11808,,,72
BernieSanders,SCForBernie,Undirected,11807,,,72
BernieSanders,TXForSanders,Undirected,11806,,,72
BernieSanders,WIsconsinForSanders,Undirected,11804,,,72
BernieSanders,WAForSanders,Undirected,11803,,,72
BernieSanders,VAForSanders,Undirected,11802,,,72
BernieSanders,WYForSanders,Undirected,11801,,,72
BernieSanders,DallasForSanders,Undirected,11800,,,72
BernieSanders,PhillyForSanders,Undirected,11799,,,69
BernieSanders,NewOrleansForSanders,Undirected,11798,,,69
BernieSanders,NashvilleForSanders,Undirected,11797,,,69
BernieSanders,SanJoseForSanders,Undirected,11796,,,69
BernieSanders,PhoenixForSanders,Undirected,11794,,,69
BernieSanders,SeattleForSanders,Undirected,11793,,,69
BernieSanders,SanFranForSanders,Undirected,11792,,,69
BernieSanders,GeoducksForSanders,Undirected,11791,,,69
BernieSanders,FLForSanders,Undirected,11790,,,72
BernieSanders,NJForSanders,Undirected,11788,,,72
BernieSanders,NVForSanders,Undirected,11787,,,72
BernieSanders,NebraskaForSanders,Undirected,11786,,,72
BernieSanders,WVForBernie,Undirected,11783,,,72
BernieSanders,PortlandForSanders,Undirected,11782,,,69
BernieSanders,PoliticalVideos,Undirected,11773,,,15
BernieSanders,TYTnetwork,Undirected,11772,,,10
WashingtonForSanders,BernieSanders,Undirected,39779,,,20
RealBlueMidterm,BernieSanders,Undirected,31443,,,63
PheelTheBern,BernieSanders,Undirected,29136,,,8
ohioforsanders,BernieSanders,Undirected,28640,,,90
NorthCarolina4Sanders,BernieSanders,Undirected,27565,,,6
NewYorkForSanders,BernieSanders,Undirected,27235,,,94
demsocialists,BernieSanders,Undirected,17482,,,18
BerniesRevolution,BernieSanders,Undirected,11880,,,91
BernieFor2020,BernieSanders,Undirected,11672,,,39
Berniecrats,BernieSanders,Undirected,11588,,,21
bernie,BernieSanders,Undirected,11467,,,38
PoliticalVideo,BernieSanders,Undirected,6242,,,7
bernieblindness,DemocraticPrimary,Undirected,11518,,,5
WayOfTheAloha,PoliticalVideos,Undirected,39819,,,21
tulsi,PoliticalVideos,Undirected,37996,,,10
RedactedTonight,PoliticalVideos,Undirected,31727,,,19
FloridaForSanders,PoliticalVideos,Undirected,19530,,,11
demsocialists,PoliticalVideos,Undirected,17523,,,7
BirdieSanders2020,PoliticalVideos,Undirected,12065,,,18
BerniesRevolution,PoliticalVideos,Undirected,11933,,,6
BernieFor2020,PoliticalVideos,Undirected,11690,,,7
Berniecrats,PoliticalVideos,Undirected,11619,,,6
bernie,PoliticalVideos,Undirected,11480,,,14
RealBlueMidterm,GetYourNewsOnWithRon,Undirected,31559,,,8
RealBlueMidterm,TheMajorityReport,Undirected,31554,,,8
RealBlueMidterm,TweetArchiver,Undirected,31546,,,17
RealBlueMidterm,Enough_AOC_Spam,Undirected,31534,,,7
RealBlueMidterm,CAForSanders,Undirected,31520,,,19
RealBlueMidterm,AZForSanders,Undirected,31519,,,19
RealBlueMidterm,AKForSanders,Undirected,31518,,,19
RealBlueMidterm,CTForSanders,Undirected,31517,,,19
RealBlueMidterm,ARForSanders,Undirected,31516,,,19
RealBlueMidterm,AlabamaForBernie,Undirected,31515,,,19
RealBlueMidterm,MEForSanders,Undirected,31514,,,19
RealBlueMidterm,MDForSanders,Undirected,31513,,,19
RealBlueMidterm,KYForSanders,Undirected,31511,,,19
RealBlueMidterm,MAForSanders,Undirected,31510,,,19
RealBlueMidterm,IDForSanders,Undirected,31507,,,19
RealBlueMidterm,ILForSanders,Undirected,31506,,,19
RealBlueMidterm,IAForSanders,Undirected,31505,,,19
RealBlueMidterm,FLForSanders,Undirected,31504,,,19
RealBlueMidterm,HIForSanders,Undirected,31502,,,21
RealBlueMidterm,LAForSanders,Undirected,31501,,,19
RealBlueMidterm,MTForSanders,Undirected,31500,,,19
RealBlueMidterm,NMForSanders,Undirected,31498,,,19
RealBlueMidterm,MIForSanders,Undirected,31497,,,19
RealBlueMidterm,NCForBernie,Undirected,31496,,,19
RealBlueMidterm,NJForSanders,Undirected,31495,,,19
RealBlueMidterm,MSForSanders,Undirected,31494,,,19
RealBlueMidterm,MissouriForSanders,Undirected,31493,,,19
RealBlueMidterm,NebraskaForSanders,Undirected,31492,,,19
RealBlueMidterm,NorthDakotaForSanders,Undirected,31491,,,19
RealBlueMidterm,NewYorkForBernie,Undirected,31490,,,20
RealBlueMidterm,OHForSanders,Undirected,31487,,,19
RealBlueMidterm,NVForSanders,Undirected,31486,,,19
RealBlueMidterm,WYForSanders,Undirected,31484,,,19
RealBlueMidterm,NewOrleansForSanders,Undirected,31483,,,21
RealBlueMidterm,TXForSanders,Undirected,31481,,,19
RealBlueMidterm,TNForSanders,Undirected,31480,,,19
RealBlueMidterm,RIForSanders,Undirected,31479,,,19
RealBlueMidterm,SDForSanders,Undirected,31477,,,19
RealBlueMidterm,SCForBernie,Undirected,31476,,,19
RealBlueMidterm,WVForBernie,Undirected,31474,,,19
RealBlueMidterm,PAForBernie,Undirected,31469,,,19
RealBlueMidterm,PhoenixForSanders,Undirected,31468,,,21
RealBlueMidterm,VAForSanders,Undirected,31467,,,19
RealBlueMidterm,WIsconsinForSanders,Undirected,31466,,,19
RealBlueMidterm,GeoducksForSanders,Undirected,31463,,,19
RealBlueMidterm,SanJoseForSanders,Undirected,31462,,,21
RealBlueMidterm,SanFranForSanders,Undirected,31461,,,21
RealBlueMidterm,GAForSanders,Undirected,31460,,,19
RealBlueMidterm,PuertoRicoforSanders,Undirected,31459,,,19
RealBlueMidterm,SeattleForSanders,Undirected,31458,,,19
RealBlueMidterm,tulsi,Undirected,31454,,,5
RealBlueMidterm,MedicareForAll,Undirected,31442,,,6
RealBlueMidterm,Enough_Sanders_Spam,Undirected,31439,,,20
RealBlueMidterm,enoughsandersspam,Undirected,31438,,,12
RealBlueMidterm,PoliticalCoverage,Undirected,31436,,,16
RealBlueMidterm,AlexandriaOcasio,Undirected,31421,,,16
RealBlueMidterm,The_Alexandria,Undirected,31416,,,13
PheelTheBern,RealBlueMidterm,Undirected,29150,,,7
bernie,RealBlueMidterm,Undirected,11487,,,5
ohioforsanders,Ohio,Undirected,28597,,,16
CaliforniaForSanders,LosAngeles,Undirected,13138,,,19
demsocialists,PoliticalCoverage,Undirected,17539,,,5
demsocialists,MeansTV,Undirected,17528,,,5
demsocialists,seculartalk,Undirected,17505,,,5
demsocialists,TheMajorityReport,Undirected,17497,,,13
demsocialists,Enough_Sanders_Spam,Undirected,17480,,,11
demsocialists,AlexandriaOcasio,Undirected,17477,,,14
WayOfTheAloha,demsocialists,Undirected,39828,,,6
WashingtonForSanders,demsocialists,Undirected,39777,,,12
PheelTheBern,demsocialists,Undirected,29134,,,8
ohioforsanders,demsocialists,Undirected,28671,,,14
NorthCarolina4Sanders,demsocialists,Undirected,27639,,,9
NewYorkForSanders,demsocialists,Undirected,27254,,,19
Illinois4Sanders,demsocialists,Undirected,22248,,,16
FloridaForSanders,demsocialists,Undirected,19533,,,15
CaliforniaForSanders,demsocialists,Undirected,13133,,,17
BerniesRevolution,demsocialists,Undirected,11900,,,35
Berniecrats,demsocialists,Undirected,11584,,,66
tulsi,TheMajorityReport,Undirected,38024,,,6
BerniesRevolution,TheMajorityReport,Undirected,11934,,,6
BernieFor2020,TheMajorityReport,Undirected,11687,,,8
Berniecrats,TheMajorityReport,Undirected,11596,,,6
bernieblindness,TheMajorityReport,Undirected,11548,,,5
bernie,TheMajorityReport,Undirected,11489,,,6
PoliticalVideo,TheMajorityReport,Undirected,6232,,,6
tulsi,Oahu,Undirected,38030,,,5
tulsi,ElectionPolls,Undirected,38021,,,13
tulsi,HIForSanders,Undirected,38020,,,36
tulsi,seculartalk,Undirected,38013,,,10
tulsi,Tulsi2020,Undirected,38012,,,20
tulsi,WayOfTheAloha,Undirected,38004,,,43
tulsi,Enough_Sanders_Spam,Undirected,38003,,,19
tulsi,TYTnetwork,Undirected,37997,,,5
BerniesRevolution,tulsi,Undirected,11904,,,10
Berniecrats,tulsi,Undirected,11590,,,6
Enough_Sanders_Spam,Enough_AOC_Spam,Undirected,3462,,,6
Enough_Sanders_Spam,PresidentialRaceMemes,Undirected,3454,,,12
WayOfTheAloha,Enough_Sanders_Spam,Undirected,39791,,,7
WashingtonForSanders,Enough_Sanders_Spam,Undirected,39704,,,5
WAForSanders,Enough_Sanders_Spam,Undirected,39442,,,7
UtahForSanders,Enough_Sanders_Spam,Undirected,39298,,,9
SanJoseForSanders,Enough_Sanders_Spam,Undirected,32711,,,7
SanFranForSanders,Enough_Sanders_Spam,Undirected,32645,,,8
PortlandiaForSanders,Enough_Sanders_Spam,Undirected,29872,,,5
PortlandForSanders,Enough_Sanders_Spam,Undirected,29849,,,10
PhoenixForSanders,Enough_Sanders_Spam,Undirected,29209,,,8
PhillyForSanders,Enough_Sanders_Spam,Undirected,29180,,,7
OregonForBernie,Enough_Sanders_Spam,Undirected,28737,,,6
OKForSanders,Enough_Sanders_Spam,Undirected,28712,,,6
ohioforsanders,Enough_Sanders_Spam,Undirected,28679,,,5
NorthCarolina4Sanders,Enough_Sanders_Spam,Undirected,27637,,,14
NHForSanders,Enough_Sanders_Spam,Undirected,27399,,,7
NewYorkForSanders,Enough_Sanders_Spam,Undirected,27230,,,9
NewOrleansForSanders,Enough_Sanders_Spam,Undirected,26688,,,6
NashvilleForSanders,Enough_Sanders_Spam,Undirected,26076,,,7
minnesotaforsanders,Enough_Sanders_Spam,Undirected,25836,,,7
KansasForSanders,Enough_Sanders_Spam,Undirected,23831,,,14
INForSanders,Enough_Sanders_Spam,Undirected,22972,,,7
Illinois4Sanders,Enough_Sanders_Spam,Undirected,22233,,,6
FloridaForSanders,Enough_Sanders_Spam,Undirected,19516,,,8
enoughsandersspam,Enough_Sanders_Spam,Undirected,18862,,,5
DEForSanders,Enough_Sanders_Spam,Undirected,17053,,,6
DCForBernie,Enough_Sanders_Spam,Undirected,16987,,,6
ColoradoForSanders,Enough_Sanders_Spam,Undirected,14139,,,5
CaliforniaForSanders,Enough_Sanders_Spam,Undirected,13139,,,7
BirdieSanders2020,Enough_Sanders_Spam,Undirected,12059,,,6
BerniesRevolution,Enough_Sanders_Spam,Undirected,11853,,,21
BernieFor2020,Enough_Sanders_Spam,Undirected,11708,,,19
Berniecrats,Enough_Sanders_Spam,Undirected,11568,,,6
bernieblindness,Enough_Sanders_Spam,Undirected,11546,,,10
bernie,Enough_Sanders_Spam,Undirected,11466,,,9
PoliticalVideo,cringe,Undirected,6246,,,5
PoliticalVideo,TYTnetwork,Undirected,6229,,,13
PoliticalVideo,worldnewsvideo,Undirected,6225,,,32
PoliticalVideo,agedlikemilk,Undirected,6224,,,9
PoliticalVideo,TikTokCringe,Undirected,6212,,,6
WayOfTheAloha,PoliticalVideo,Undirected,39829,,,7
BerniesRevolution,PoliticalVideo,Undirected,11919,,,5
BernieFor2020,PoliticalCoverage,Undirected,11654,,,6
bernieblindness,PoliticalCoverage,Undirected,11544,,,5
NewYorkForSanders,newyorkcity,Undirected,27251,,,16
Berniecrats,newyorkcity,Undirected,11632,,,5
BerniesRevolution,bernie2020,Undirected,11946,,,8
BerniesRevolution,TweetArchiver,Undirected,11942,,,12
BerniesRevolution,BrandNewCongress,Undirected,11937,,,28
BerniesRevolution,WeThe99,Undirected,11936,,,21
BerniesRevolution,NewYorkForBernie,Undirected,11932,,,5
BerniesRevolution,DallasForSanders,Undirected,11931,,,6
BerniesRevolution,PhoenixForSanders,Undirected,11930,,,6
BerniesRevolution,PortlandiaForSanders,Undirected,11929,,,6
BerniesRevolution,SanJoseForSanders,Undirected,11928,,,6
BerniesRevolution,BostonForSanders,Undirected,11927,,,6
BerniesRevolution,PhillyForSanders,Undirected,11926,,,6
BerniesRevolution,PortlandForSanders,Undirected,11925,,,6
BerniesRevolution,NashvilleForSanders,Undirected,11924,,,6
BerniesRevolution,NewOrleansForSanders,Undirected,11923,,,6
BerniesRevolution,SanFranForSanders,Undirected,11922,,,6
BerniesRevolution,ColoradoForSanders,Undirected,11921,,,5
BerniesRevolution,HIForSanders,Undirected,11920,,,5
BerniesRevolution,seculartalk,Undirected,11916,,,5
BerniesRevolution,MedicareForAll,Undirected,11908,,,8
BerniesRevolution,NewYorkForSanders,Undirected,11906,,,9
BerniesRevolution,OurRevolutions,Undirected,11905,,,11
BerniesRevolution,PoliticalRevolutionNY,Undirected,11902,,,7
Illinois4Sanders,BerniesRevolution,Undirected,22235,,,5
BernieFor2020,BerniesRevolution,Undirected,11686,,,5
UtahForSanders,bernie2020,Undirected,39225,,,10
Berniecrats,bernie2020,Undirected,11577,,,12
WAForSanders,LibertyForTheMasses,Undirected,39449,,,5
VermontForBernie,LibertyForTheMasses,Undirected,39359,,,5
UtahForSanders,LibertyForTheMasses,Undirected,39296,,,6
SanJoseForSanders,LibertyForTheMasses,Undirected,32706,,,6
PortlandForSanders,LibertyForTheMasses,Undirected,29846,,,6
PhoenixForSanders,LibertyForTheMasses,Undirected,29206,,,5
OregonForBernie,LibertyForTheMasses,Undirected,28738,,,6
NHForSanders,LibertyForTheMasses,Undirected,27402,,,5
NewOrleansForSanders,LibertyForTheMasses,Undirected,26698,,,5
NashvilleForSanders,LibertyForTheMasses,Undirected,26085,,,6
KansasForSanders,LibertyForTheMasses,Undirected,23907,,,5
INForSanders,LibertyForTheMasses,Undirected,22974,,,5
DallasForSanders,LibertyForTheMasses,Undirected,16601,,,5
ColoradoForSanders,LibertyForTheMasses,Undirected,14148,,,5
SanFranForSanders,Enough_AOC_Spam,Undirected,32683,,,5
PortlandiaForSanders,Enough_AOC_Spam,Undirected,29867,,,6
PortlandForSanders,Enough_AOC_Spam,Undirected,29828,,,9
PhillyForSanders,Enough_AOC_Spam,Undirected,29168,,,7
NashvilleForSanders,Enough_AOC_Spam,Undirected,26086,,,6
bernieblindness,Enough_AOC_Spam,Undirected,11547,,,5
NashvilleForSanders,PhillyForSanders,Undirected,26073,,,9
NashvilleForSanders,NewOrleansForSanders,Undirected,26072,,,9
NashvilleForSanders,PortlandiaForSanders,Undirected,26068,,,9
NashvilleForSanders,SanFranForSanders,Undirected,26067,,,9
NashvilleForSanders,enoughsandersspam,Undirected,26064,,,6
WAForSanders,NashvilleForSanders,Undirected,39420,,,7
VermontForBernie,NashvilleForSanders,Undirected,39328,,,8
KansasForSanders,NashvilleForSanders,Undirected,23848,,,8
ColoradoForSanders,NashvilleForSanders,Undirected,14133,,,8
SanJoseForSanders,enoughsandersspam,Undirected,32712,,,7
SanJoseForSanders,GeoducksForSanders,Undirected,32701,,,9
SanJoseForSanders,SeattleForSanders,Undirected,32700,,,9
SanJoseForSanders,NewYorkForBernie,Undirected,32697,,,9
SanJoseForSanders,NewOrleansForSanders,Undirected,32692,,,9
SanJoseForSanders,PhillyForSanders,Undirected,32690,,,9
SanJoseForSanders,SanFranForSanders,Undirected,32689,,,9
WAForSanders,SanJoseForSanders,Undirected,39416,,,7
VermontForBernie,SanJoseForSanders,Undirected,39324,,,8
KansasForSanders,SanJoseForSanders,Undirected,23886,,,8
ColoradoForSanders,SanJoseForSanders,Undirected,14129,,,7
BostonForSanders,enoughsandersspam,Undirected,12626,,,5
BostonForSanders,TweetArchiver,Undirected,12617,,,84
BostonForSanders,PhillyForSanders,Undirected,12612,,,7
BostonForSanders,SanFranForSanders,Undirected,12610,,,7
BostonForSanders,PortlandiaForSanders,Undirected,12609,,,7
BostonForSanders,NewOrleansForSanders,Undirected,12608,,,7
WAForSanders,BostonForSanders,Undirected,39421,,,5
VermontForBernie,BostonForSanders,Undirected,39329,,,5
UtahForSanders,BostonForSanders,Undirected,39228,,,9
NHForSanders,BostonForSanders,Undirected,27335,,,9
KansasForSanders,BostonForSanders,Undirected,23838,,,9
DEForSanders,BostonForSanders,Undirected,16998,,,9
DCForBernie,BostonForSanders,Undirected,16955,,,9
WAForSanders,NewYorkForBernie,Undirected,39409,,,5
VermontForBernie,NewYorkForBernie,Undirected,39331,,,5
UtahForSanders,NewYorkForBernie,Undirected,39236,,,8
SanFranForSanders,NewYorkForBernie,Undirected,32666,,,8
PhoenixForSanders,NewYorkForBernie,Undirected,29199,,,8
NHForSanders,NewYorkForBernie,Undirected,27370,,,9
NewOrleansForSanders,NewYorkForBernie,Undirected,26689,,,9
KansasForSanders,NewYorkForBernie,Undirected,23857,,,9
DEForSanders,NewYorkForBernie,Undirected,17016,,,9
DCForBernie,NewYorkForBernie,Undirected,16980,,,9
DallasForSanders,NewYorkForBernie,Undirected,16551,,,9
VermontForBernie,TweetArchiver,Undirected,39351,,,5
UtahForSanders,TweetArchiver,Undirected,39282,,,9
SanFranForSanders,TweetArchiver,Undirected,32678,,,9
PortlandiaForSanders,TweetArchiver,Undirected,29869,,,9
PortlandForSanders,TweetArchiver,Undirected,29840,,,7
PhoenixForSanders,TweetArchiver,Undirected,29190,,,7
PhillyForSanders,TweetArchiver,Undirected,29176,,,6
ohioforsanders,TweetArchiver,Undirected,28680,,,14
NorthCarolina4Sanders,TweetArchiver,Undirected,27638,,,27
NewYorkForSanders,TweetArchiver,Undirected,27311,,,15
KansasForSanders,TweetArchiver,Undirected,23897,,,9
Illinois4Sanders,TweetArchiver,Undirected,22263,,,14
FloridaForSanders,TweetArchiver,Undirected,19517,,,13
DallasForSanders,TweetArchiver,Undirected,16603,,,6
ColoradoForSanders,TweetArchiver,Undirected,14135,,,5
CaliforniaForSanders,TweetArchiver,Undirected,13148,,,14
PortlandForSanders,enoughsandersspam,Undirected,29854,,,9
PortlandForSanders,SanFranForSanders,Undirected,29838,,,9
PortlandForSanders,PhillyForSanders,Undirected,29834,,,9
PortlandForSanders,NewOrleansForSanders,Undirected,29833,,,9
PortlandForSanders,PortlandiaForSanders,Undirected,29832,,,9
WAForSanders,PortlandForSanders,Undirected,39412,,,7
VermontForBernie,PortlandForSanders,Undirected,39323,,,8
KansasForSanders,PortlandForSanders,Undirected,23851,,,8
ColoradoForSanders,PortlandForSanders,Undirected,14128,,,6
PhoenixForSanders,enoughsandersspam,Undirected,29210,,,5
PhoenixForSanders,NewOrleansForSanders,Undirected,29197,,,9
PhoenixForSanders,PhillyForSanders,Undirected,29195,,,9
PhoenixForSanders,SanFranForSanders,Undirected,29191,,,9
PhoenixForSanders,PortlandiaForSanders,Undirected,29189,,,9
WAForSanders,PhoenixForSanders,Undirected,39415,,,7
VermontForBernie,PhoenixForSanders,Undirected,39321,,,8
KansasForSanders,PhoenixForSanders,Undirected,23850,,,8
ColoradoForSanders,PhoenixForSanders,Undirected,14130,,,8
DallasForSanders,GeoducksForSanders,Undirected,16606,,,9
DallasForSanders,SeattleForSanders,Undirected,16605,,,8
DallasForSanders,AKForSanders,Undirected,16594,,,9
DallasForSanders,CTForSanders,Undirected,16593,,,9
DallasForSanders,AlabamaForBernie,Undirected,16592,,,9
DallasForSanders,CAForSanders,Undirected,16591,,,9
DallasForSanders,KYForSanders,Undirected,16588,,,9
DallasForSanders,MDForSanders,Undirected,16587,,,9
DallasForSanders,MEForSanders,Undirected,16586,,,9
DallasForSanders,MIForSanders,Undirected,16585,,,9
DallasForSanders,MissouriForSanders,Undirected,16584,,,9
DallasForSanders,NJForSanders,Undirected,16583,,,9
DallasForSanders,MTForSanders,Undirected,16582,,,9
DallasForSanders,MSForSanders,Undirected,16581,,,9
DallasForSanders,NMForSanders,Undirected,16580,,,9
DallasForSanders,NCForBernie,Undirected,16579,,,9
DallasForSanders,OregonForBernie,Undirected,16578,,,9
DallasForSanders,OKForSanders,Undirected,16577,,,9
DallasForSanders,TXForSanders,Undirected,16576,,,9
DallasForSanders,RIForSanders,Undirected,16575,,,9
DallasForSanders,TNForSanders,Undirected,16574,,,9
DallasForSanders,PAForBernie,Undirected,16573,,,9
DallasForSanders,SDForSanders,Undirected,16572,,,9
DallasForSanders,SCForBernie,Undirected,16571,,,9
DallasForSanders,PuertoRicoforSanders,Undirected,16570,,,9
DallasForSanders,VAForSanders,Undirected,16567,,,9
DallasForSanders,MAForSanders,Undirected,16566,,,9
DallasForSanders,LAForSanders,Undirected,16565,,,9
DallasForSanders,ARForSanders,Undirected,16564,,,9
DallasForSanders,AZForSanders,Undirected,16563,,,9
DallasForSanders,FLForSanders,Undirected,16562,,,9
DallasForSanders,GAForSanders,Undirected,16561,,,9
DallasForSanders,IAForSanders,Undirected,16560,,,9
DallasForSanders,ILForSanders,Undirected,16559,,,9
DallasForSanders,HIForSanders,Undirected,16558,,,9
DallasForSanders,INForSanders,Undirected,16557,,,9
DallasForSanders,NebraskaForSanders,Undirected,16554,,,9
DallasForSanders,NorthDakotaForSanders,Undirected,16553,,,9
DallasForSanders,NVForSanders,Undirected,16552,,,9
DallasForSanders,OHForSanders,Undirected,16550,,,9
DallasForSanders,IDForSanders,Undirected,16549,,,9
DallasForSanders,SanFranForSanders,Undirected,16548,,,5
DallasForSanders,minnesotaforsanders,Undirected,16545,,,9
DallasForSanders,NewOrleansForSanders,Undirected,16544,,,7
DallasForSanders,PhillyForSanders,Undirected,16543,,,7
DallasForSanders,PortlandiaForSanders,Undirected,16541,,,5
PhillyForSanders,enoughsandersspam,Undirected,29185,,,8
WAForSanders,PhillyForSanders,Undirected,39418,,,7
VermontForBernie,PhillyForSanders,Undirected,39318,,,8
KansasForSanders,PhillyForSanders,Undirected,23888,,,8
ColoradoForSanders,PhillyForSanders,Undirected,14131,,,6
PortlandiaForSanders,enoughsandersspam,Undirected,29879,,,7
PortlandiaForSanders,GeoducksForSanders,Undirected,29861,,,6
PortlandiaForSanders,SeattleForSanders,Undirected,29860,,,6
PortlandiaForSanders,SanFranForSanders,Undirected,29857,,,7
WAForSanders,PortlandiaForSanders,Undirected,39414,,,7
VermontForBernie,PortlandiaForSanders,Undirected,39319,,,8
KansasForSanders,PortlandiaForSanders,Undirected,23839,,,8
ColoradoForSanders,PortlandiaForSanders,Undirected,14132,,,7
SanFranForSanders,enoughsandersspam,Undirected,32686,,,8
SanFranForSanders,DCForBernie,Undirected,32676,,,9
SanFranForSanders,MAForSanders,Undirected,32675,,,9
SanFranForSanders,MDForSanders,Undirected,32674,,,9
SanFranForSanders,MSForSanders,Undirected,32673,,,9
SanFranForSanders,MissouriForSanders,Undirected,32672,,,9
SanFranForSanders,MIForSanders,Undirected,32671,,,9
SanFranForSanders,MTForSanders,Undirected,32670,,,9
SanFranForSanders,NJForSanders,Undirected,32669,,,9
SanFranForSanders,NCForBernie,Undirected,32668,,,9
SanFranForSanders,NMForSanders,Undirected,32667,,,9
SanFranForSanders,NorthDakotaForSanders,Undirected,32665,,,9
SanFranForSanders,NebraskaForSanders,Undirected,32664,,,9
SanFranForSanders,OKForSanders,Undirected,32663,,,9
SanFranForSanders,OregonForBernie,Undirected,32662,,,9
SanFranForSanders,OHForSanders,Undirected,32661,,,9
SanFranForSanders,TNForSanders,Undirected,32660,,,9
SanFranForSanders,SCForBernie,Undirected,32659,,,9
SanFranForSanders,RIForSanders,Undirected,32658,,,9
SanFranForSanders,SDForSanders,Undirected,32657,,,9
SanFranForSanders,TXForSanders,Undirected,32656,,,9
SanFranForSanders,WVForBernie,Undirected,32655,,,9
SanFranForSanders,WYForSanders,Undirected,32654,,,9
SanFranForSanders,NVForSanders,Undirected,32653,,,9
SanFranForSanders,PAForBernie,Undirected,32652,,,9
SanFranForSanders,VAForSanders,Undirected,32651,,,9
SanFranForSanders,SeattleForSanders,Undirected,32650,,,9
SanFranForSanders,GeoducksForSanders,Undirected,32649,,,9
WAForSanders,SanFranForSanders,Undirected,39413,,,7
VermontForBernie,SanFranForSanders,Undirected,39320,,,8
KansasForSanders,SanFranForSanders,Undirected,23885,,,8
ColoradoForSanders,SanFranForSanders,Undirected,14127,,,7
NewOrleansForSanders,enoughsandersspam,Undirected,26694,,,7
WAForSanders,NewOrleansForSanders,Undirected,39419,,,7
VermontForBernie,NewOrleansForSanders,Undirected,39322,,,8
KansasForSanders,NewOrleansForSanders,Undirected,23887,,,8
ColoradoForSanders,NewOrleansForSanders,Undirected,14134,,,8
BernieFor2020,socialists,Undirected,11724,,,5
BernieFor2020,seculartalk,Undirected,11691,,,5
Berniecrats,seculartalk,Undirected,11595,,,8
Berniecrats,CPUSA,Undirected,11641,,,11
Berniecrats,enoughsandersspam,Undirected,11640,,,5
Berniecrats,Substack,Undirected,11639,,,6
Berniecrats,economicdemocracy,Undirected,11637,,,8
Berniecrats,CaliforniaForSanders,Undirected,11629,,,5
Berniecrats,OurRevolutions,Undirected,11625,,,20
Berniecrats,PoliticalRevolutionCA,Undirected,11624,,,8
Berniecrats,PoliticalRevolutionNY,Undirected,11622,,,15
Berniecrats,FightFor15,Undirected,11620,,,5
Berniecrats,TimCanova,Undirected,11616,,,5
Berniecrats,GrassrootsSelect,Undirected,11615,,,7
Berniecrats,NewYorkForSanders,Undirected,11611,,,10
Berniecrats,bernieforpresident,Undirected,11609,,,14
Berniecrats,Bernie_Sanders,Undirected,11605,,,14
Berniecrats,WotB_AMA_Masterlist,Undirected,11604,,,5
Berniecrats,MedicareForAll,Undirected,11593,,,13
Berniecrats,bernie,Undirected,11589,,,8
Berniecrats,WeThe99,Undirected,11586,,,34
Berniecrats,BrandNewCongress,Undirected,11580,,,57
bernieblindness,activism,Undirected,11554,,,10
bernieblindness,TYTnetwork,Undirected,11543,,,12
bernieblindness,socialistsforsanders,Undirected,11519,,,8
CaliforniaForSanders,bernieblindness,Undirected,13127,,,5
BernieFor2020,bernieblindness,Undirected,11722,,,10
UtahForSanders,enoughsandersspam,Undirected,39289,,,7
UtahForSanders,bernie,Undirected,39284,,,9
UtahForSanders,AKForSanders,Undirected,39281,,,8
UtahForSanders,AlabamaForBernie,Undirected,39280,,,7
UtahForSanders,CAForSanders,Undirected,39279,,,8
UtahForSanders,ARForSanders,Undirected,39278,,,8
UtahForSanders,AZForSanders,Undirected,39277,,,8
UtahForSanders,GAForSanders,Undirected,39276,,,8
UtahForSanders,FLForSanders,Undirected,39273,,,8
UtahForSanders,ILForSanders,Undirected,39272,,,7
UtahForSanders,IDForSanders,Undirected,39271,,,7
UtahForSanders,CTForSanders,Undirected,39270,,,8
UtahForSanders,HIForSanders,Undirected,39269,,,7
UtahForSanders,IAForSanders,Undirected,39268,,,8
UtahForSanders,KYForSanders,Undirected,39267,,,7
UtahForSanders,INForSanders,Undirected,39266,,,7
UtahForSanders,LAForSanders,Undirected,39265,,,7
UtahForSanders,MDForSanders,Undirected,39263,,,7
UtahForSanders,MEForSanders,Undirected,39262,,,7
UtahForSanders,minnesotaforsanders,Undirected,39261,,,8
UtahForSanders,MIForSanders,Undirected,39260,,,7
UtahForSanders,MTForSanders,Undirected,39259,,,7
UtahForSanders,MissouriForSanders,Undirected,39258,,,7
UtahForSanders,NJForSanders,Undirected,39257,,,7
UtahForSanders,MSForSanders,Undirected,39256,,,7
UtahForSanders,NMForSanders,Undirected,39255,,,7
UtahForSanders,OHForSanders,Undirected,39254,,,6
UtahForSanders,NorthDakotaForSanders,Undirected,39253,,,7
UtahForSanders,NCForBernie,Undirected,39252,,,7
UtahForSanders,NebraskaForSanders,Undirected,39250,,,7
UtahForSanders,SCForBernie,Undirected,39249,,,7
UtahForSanders,PuertoRicoforSanders,Undirected,39248,,,8
UtahForSanders,OKForSanders,Undirected,39247,,,7
UtahForSanders,RIForSanders,Undirected,39246,,,7
UtahForSanders,OregonForBernie,Undirected,39245,,,7
UtahForSanders,SDForSanders,Undirected,39244,,,7
UtahForSanders,TXForSanders,Undirected,39243,,,7
UtahForSanders,TNForSanders,Undirected,39242,,,7
UtahForSanders,WYForSanders,Undirected,39241,,,7
UtahForSanders,WVForBernie,Undirected,39240,,,7
UtahForSanders,WIsconsinForSanders,Undirected,39239,,,8
UtahForSanders,SeattleForSanders,Undirected,39238,,,8
UtahForSanders,GeoducksForSanders,Undirected,39237,,,8
UtahForSanders,MAForSanders,Undirected,39235,,,7
UtahForSanders,NVForSanders,Undirected,39234,,,6
UtahForSanders,PAForBernie,Undirected,39233,,,7
UtahForSanders,VAForSanders,Undirected,39231,,,7
UtahForSanders,ColoradoForSanders,Undirected,39229,,,8
WAForSanders,ColoradoForSanders,Undirected,39431,,,5
VermontForBernie,ColoradoForSanders,Undirected,39347,,,5
OregonForBernie,ColoradoForSanders,Undirected,28729,,,9
OKForSanders,ColoradoForSanders,Undirected,28704,,,9
NHForSanders,ColoradoForSanders,Undirected,27378,,,9
KansasForSanders,ColoradoForSanders,Undirected,23837,,,9
INForSanders,ColoradoForSanders,Undirected,22957,,,9
DEForSanders,ColoradoForSanders,Undirected,17037,,,9
DCForBernie,ColoradoForSanders,Undirected,16954,,,9
WashingtonForSanders,enoughsandersspam,Undirected,39782,,,15
WAForSanders,enoughsandersspam,Undirected,39450,,,7
VermontForBernie,enoughsandersspam,Undirected,39356,,,7
PheelTheBern,enoughsandersspam,Undirected,29132,,,8
OregonForBernie,enoughsandersspam,Undirected,28736,,,6
OKForSanders,enoughsandersspam,Undirected,28709,,,5
ohioforsanders,enoughsandersspam,Undirected,28672,,,13
NorthCarolina4Sanders,enoughsandersspam,Undirected,27558,,,42
NewYorkForSanders,enoughsandersspam,Undirected,27221,,,12
KansasForSanders,enoughsandersspam,Undirected,23900,,,11
INForSanders,enoughsandersspam,Undirected,22961,,,7
Illinois4Sanders,enoughsandersspam,Undirected,22246,,,17
FloridaForSanders,enoughsandersspam,Undirected,19499,,,13
DEForSanders,enoughsandersspam,Undirected,17046,,,6
DCForBernie,enoughsandersspam,Undirected,16930,,,5
CaliforniaForSanders,enoughsandersspam,Undirected,13049,,,16
BernieFor2020,enoughsandersspam,Undirected,11703,,,9
bernie,enoughsandersspam,Undirected,11485,,,9
minnesotaforsanders,IlhanOmar,Undirected,25841,,,5
WAForSanders,minnesotaforsanders,Undirected,39428,,,5
VermontForBernie,minnesotaforsanders,Undirected,39334,,,5
OregonForBernie,minnesotaforsanders,Undirected,28726,,,9
OKForSanders,minnesotaforsanders,Undirected,28694,,,9
NHForSanders,minnesotaforsanders,Undirected,27346,,,9
KansasForSanders,minnesotaforsanders,Undirected,23842,,,9
INForSanders,minnesotaforsanders,Undirected,22938,,,9
DEForSanders,minnesotaforsanders,Undirected,17022,,,9
DCForBernie,minnesotaforsanders,Undirected,16981,,,9
WAForSanders,AZForSanders,Undirected,39437,,,5
WAForSanders,AKForSanders,Undirected,39436,,,5
WAForSanders,CAForSanders,Undirected,39435,,,5
WAForSanders,FLForSanders,Undirected,39434,,,5
WAForSanders,CTForSanders,Undirected,39433,,,5
WAForSanders,IAForSanders,Undirected,39429,,,5
WAForSanders,PuertoRicoforSanders,Undirected,39426,,,5
WAForSanders,WIsconsinForSanders,Undirected,39423,,,5
WAForSanders,SeattleForSanders,Undirected,39417,,,8
WAForSanders,GeoducksForSanders,Undirected,39411,,,8
WAForSanders,ARForSanders,Undirected,39410,,,5
OregonForBernie,WAForSanders,Undirected,28721,,,9
OKForSanders,WAForSanders,Undirected,28697,,,9
INForSanders,WAForSanders,Undirected,22945,,,9
DCForBernie,WAForSanders,Undirected,16958,,,9
DCForBernie,NorthDakotaForSanders,Undirected,16979,,,9
DCForBernie,NVForSanders,Undirected,16978,,,9
DCForBernie,OKForSanders,Undirected,16977,,,9
DCForBernie,OHForSanders,Undirected,16976,,,9
DCForBernie,WIsconsinForSanders,Undirected,16975,,,9
DCForBernie,WVForBernie,Undirected,16974,,,9
DCForBernie,IAForSanders,Undirected,16972,,,9
DCForBernie,NCForBernie,Undirected,16971,,,9
DCForBernie,ILForSanders,Undirected,16970,,,9
DCForBernie,MissouriForSanders,Undirected,16969,,,9
DCForBernie,MTForSanders,Undirected,16968,,,9
DCForBernie,MAForSanders,Undirected,16967,,,9
DCForBernie,MDForSanders,Undirected,16966,,,9
DCForBernie,NebraskaForSanders,Undirected,16964,,,9
DCForBernie,PuertoRicoforSanders,Undirected,16963,,,9
DCForBernie,OregonForBernie,Undirected,16962,,,9
DCForBernie,RIForSanders,Undirected,16961,,,9
DCForBernie,VermontForBernie,Undirected,16960,,,9
DCForBernie,TNForSanders,Undirected,16959,,,9
DCForBernie,TXForSanders,Undirected,16956,,,9
DCForBernie,IDForSanders,Undirected,16953,,,9
DCForBernie,GAForSanders,Undirected,16952,,,9
DCForBernie,FLForSanders,Undirected,16951,,,9
DCForBernie,HIForSanders,Undirected,16950,,,9
DCForBernie,LAForSanders,Undirected,16949,,,9
DCForBernie,KYForSanders,Undirected,16947,,,9
DCForBernie,MIForSanders,Undirected,16946,,,9
DCForBernie,NMForSanders,Undirected,16945,,,9
DCForBernie,MSForSanders,Undirected,16944,,,9
DCForBernie,MEForSanders,Undirected,16943,,,9
DCForBernie,PAForBernie,Undirected,16942,,,9
DCForBernie,SCForBernie,Undirected,16941,,,9
DCForBernie,VAForSanders,Undirected,16940,,,9
DCForBernie,WYForSanders,Undirected,16939,,,9
DCForBernie,SDForSanders,Undirected,16938,,,9
DCForBernie,NJForSanders,Undirected,16936,,,9
DEForSanders,DCForBernie,Undirected,17039,,,8
VermontForBernie,GeoducksForSanders,Undirected,39350,,,5
VermontForBernie,SeattleForSanders,Undirected,39349,,,5
VermontForBernie,AKForSanders,Undirected,39346,,,5
VermontForBernie,AZForSanders,Undirected,39345,,,5
VermontForBernie,IAForSanders,Undirected,39344,,,5
VermontForBernie,FLForSanders,Undirected,39343,,,5
VermontForBernie,ARForSanders,Undirected,39342,,,5
VermontForBernie,HIForSanders,Undirected,39341,,,5
VermontForBernie,CAForSanders,Undirected,39340,,,5
VermontForBernie,IDForSanders,Undirected,39338,,,5
VermontForBernie,GAForSanders,Undirected,39337,,,5
VermontForBernie,ILForSanders,Undirected,39335,,,5
VermontForBernie,PuertoRicoforSanders,Undirected,39333,,,5
VermontForBernie,WIsconsinForSanders,Undirected,39326,,,5
VermontForBernie,CTForSanders,Undirected,39317,,,5
OregonForBernie,VermontForBernie,Undirected,28724,,,9
OKForSanders,VermontForBernie,Undirected,28699,,,9
INForSanders,VermontForBernie,Undirected,22930,,,9
OKForSanders,FLForSanders,Undirected,28703,,,9
OKForSanders,HIForSanders,Undirected,28702,,,9
OKForSanders,MSForSanders,Undirected,28701,,,9
OKForSanders,OHForSanders,Undirected,28700,,,9
OKForSanders,WYForSanders,Undirected,28698,,,9
OKForSanders,VAForSanders,Undirected,28696,,,9
OKForSanders,WVForBernie,Undirected,28695,,,9
OKForSanders,NVForSanders,Undirected,28693,,,9
NHForSanders,OKForSanders,Undirected,27342,,,8
KansasForSanders,OKForSanders,Undirected,23859,,,9
INForSanders,OKForSanders,Undirected,22950,,,9
DEForSanders,OKForSanders,Undirected,17012,,,8
DEForSanders,AlabamaForBernie,Undirected,17043,,,9
DEForSanders,AKForSanders,Undirected,17042,,,9
DEForSanders,AZForSanders,Undirected,17041,,,9
DEForSanders,ARForSanders,Undirected,17040,,,9
DEForSanders,CTForSanders,Undirected,17038,,,9
DEForSanders,HIForSanders,Undirected,17036,,,9
DEForSanders,IDForSanders,Undirected,17035,,,9
DEForSanders,INForSanders,Undirected,17034,,,9
DEForSanders,GAForSanders,Undirected,17033,,,9
DEForSanders,IAForSanders,Undirected,17032,,,9
DEForSanders,ILForSanders,Undirected,17031,,,9
DEForSanders,MAForSanders,Undirected,17029,,,8
DEForSanders,KYForSanders,Undirected,17028,,,9
DEForSanders,MEForSanders,Undirected,17027,,,9
DEForSanders,LAForSanders,Undirected,17026,,,9
DEForSanders,MDForSanders,Undirected,17025,,,8
DEForSanders,MSForSanders,Undirected,17024,,,8
DEForSanders,NJForSanders,Undirected,17023,,,8
DEForSanders,MTForSanders,Undirected,17021,,,8
DEForSanders,MissouriForSanders,Undirected,17020,,,8
DEForSanders,MIForSanders,Undirected,17019,,,8
DEForSanders,NMForSanders,Undirected,17018,,,8
DEForSanders,NorthDakotaForSanders,Undirected,17017,,,8
DEForSanders,NCForBernie,Undirected,17015,,,8
DEForSanders,OHForSanders,Undirected,17014,,,8
DEForSanders,OregonForBernie,Undirected,17013,,,8
DEForSanders,PAForBernie,Undirected,17011,,,8
DEForSanders,NebraskaForSanders,Undirected,17009,,,8
DEForSanders,SCForBernie,Undirected,17008,,,8
DEForSanders,SDForSanders,Undirected,17007,,,8
DEForSanders,PuertoRicoforSanders,Undirected,17006,,,9
DEForSanders,VAForSanders,Undirected,17003,,,8
DEForSanders,TNForSanders,Undirected,17002,,,8
DEForSanders,TXForSanders,Undirected,17001,,,8
DEForSanders,WIsconsinForSanders,Undirected,17000,,,9
DEForSanders,WYForSanders,Undirected,16999,,,8
DEForSanders,WVForBernie,Undirected,16996,,,8
DEForSanders,CAForSanders,Undirected,16994,,,9
DEForSanders,FLForSanders,Undirected,16993,,,9
DEForSanders,NVForSanders,Undirected,16992,,,8
DEForSanders,RIForSanders,Undirected,16991,,,8
NHForSanders,CAForSanders,Undirected,27388,,,9
NHForSanders,AlabamaForBernie,Undirected,27387,,,9
NHForSanders,AKForSanders,Undirected,27386,,,9
NHForSanders,IDForSanders,Undirected,27385,,,9
NHForSanders,GAForSanders,Undirected,27384,,,9
NHForSanders,FLForSanders,Undirected,27383,,,9
NHForSanders,IAForSanders,Undirected,27382,,,9
NHForSanders,ARForSanders,Undirected,27381,,,9
NHForSanders,AZForSanders,Undirected,27379,,,9
NHForSanders,INForSanders,Undirected,27377,,,9
NHForSanders,MDForSanders,Undirected,27376,,,8
NHForSanders,KYForSanders,Undirected,27375,,,9
NHForSanders,MEForSanders,Undirected,27374,,,9
NHForSanders,MSForSanders,Undirected,27373,,,8
NHForSanders,NCForBernie,Undirected,27372,,,8
NHForSanders,NMForSanders,Undirected,27371,,,8
NHForSanders,NebraskaForSanders,Undirected,27369,,,8
NHForSanders,SDForSanders,Undirected,27368,,,8
NHForSanders,OHForSanders,Undirected,27367,,,8
NHForSanders,VAForSanders,Undirected,27365,,,8
NHForSanders,TNForSanders,Undirected,27364,,,8
NHForSanders,GeoducksForSanders,Undirected,27362,,,9
NHForSanders,MAForSanders,Undirected,27361,,,8
NHForSanders,MIForSanders,Undirected,27360,,,8
NHForSanders,SCForBernie,Undirected,27359,,,8
NHForSanders,PuertoRicoforSanders,Undirected,27358,,,9
NHForSanders,RIForSanders,Undirected,27357,,,8
NHForSanders,PAForBernie,Undirected,27356,,,8
NHForSanders,WVForBernie,Undirected,27354,,,8
NHForSanders,HIForSanders,Undirected,27351,,,9
NHForSanders,ILForSanders,Undirected,27350,,,9
NHForSanders,CTForSanders,Undirected,27349,,,9
NHForSanders,LAForSanders,Undirected,27347,,,9
NHForSanders,MTForSanders,Undirected,27345,,,8
NHForSanders,NJForSanders,Undirected,27344,,,8
NHForSanders,MissouriForSanders,Undirected,27343,,,8
NHForSanders,NVForSanders,Undirected,27341,,,8
NHForSanders,NorthDakotaForSanders,Undirected,27340,,,8
NHForSanders,OregonForBernie,Undirected,27339,,,8
NHForSanders,TXForSanders,Undirected,27338,,,8
NHForSanders,WYForSanders,Undirected,27337,,,8
NHForSanders,SeattleForSanders,Undirected,27336,,,9
NHForSanders,WIsconsinForSanders,Undirected,27334,,,9
OregonForBernie,FLForSanders,Undirected,28728,,,9
OregonForBernie,HIForSanders,Undirected,28727,,,9
OregonForBernie,MSForSanders,Undirected,28725,,,9
OregonForBernie,WYForSanders,Undirected,28723,,,9
OregonForBernie,VAForSanders,Undirected,28722,,,9
OregonForBernie,WVForBernie,Undirected,28720,,,9
OregonForBernie,OHForSanders,Undirected,28719,,,9
OregonForBernie,NVForSanders,Undirected,28718,,,9
KansasForSanders,OregonForBernie,Undirected,23862,,,9
INForSanders,OregonForBernie,Undirected,22949,,,9
INForSanders,HIForSanders,Undirected,22956,,,9
INForSanders,MissouriForSanders,Undirected,22955,,,9
INForSanders,NJForSanders,Undirected,22954,,,9
INForSanders,NMForSanders,Undirected,22953,,,9
INForSanders,NebraskaForSanders,Undirected,22952,,,9
INForSanders,NorthDakotaForSanders,Undirected,22951,,,9
INForSanders,PAForBernie,Undirected,22948,,,9
INForSanders,SCForBernie,Undirected,22947,,,9
INForSanders,TXForSanders,Undirected,22946,,,9
INForSanders,VAForSanders,Undirected,22944,,,9
INForSanders,WVForBernie,Undirected,22943,,,9
INForSanders,FLForSanders,Undirected,22942,,,9
INForSanders,MSForSanders,Undirected,22941,,,9
INForSanders,MAForSanders,Undirected,22940,,,9
INForSanders,MDForSanders,Undirected,22939,,,9
INForSanders,MIForSanders,Undirected,22937,,,9
INForSanders,MTForSanders,Undirected,22936,,,9
INForSanders,NCForBernie,Undirected,22935,,,9
INForSanders,OHForSanders,Undirected,22934,,,9
INForSanders,RIForSanders,Undirected,22933,,,9
INForSanders,SDForSanders,Undirected,22932,,,9
INForSanders,TNForSanders,Undirected,22931,,,9
INForSanders,WYForSanders,Undirected,22929,,,9
INForSanders,NVForSanders,Undirected,22928,,,9
KansasForSanders,INForSanders,Undirected,23870,,,9
KansasForSanders,MEForSanders,Undirected,23873,,,9
KansasForSanders,AlabamaForBernie,Undirected,23884,,,9
KansasForSanders,GAForSanders,Undirected,23881,,,9
KansasForSanders,RIForSanders,Undirected,23895,,,9
KansasForSanders,LAForSanders,Undirected,23872,,,9
KansasForSanders,MSForSanders,Undirected,23847,,,9
KansasForSanders,ILForSanders,Undirected,23878,,,9
KansasForSanders,KYForSanders,Undirected,23871,,,9
KansasForSanders,PAForBernie,Undirected,23861,,,9
KansasForSanders,MIForSanders,Undirected,23865,,,9
KansasForSanders,NMForSanders,Undirected,23864,,,9
KansasForSanders,TXForSanders,Undirected,23889,,,9
KansasForSanders,ARForSanders,Undirected,23844,,,9
KansasForSanders,VAForSanders,Undirected,23840,,,9
KansasForSanders,NebraskaForSanders,Undirected,23856,,,9
KansasForSanders,SCForBernie,Undirected,23894,,,9
KansasForSanders,MissouriForSanders,Undirected,23863,,,9
KansasForSanders,MDForSanders,Undirected,23868,,,9
WashingtonForSanders,SeattleForSanders,Undirected,39753,,,11
KansasForSanders,SeattleForSanders,Undirected,23899,,,7
KansasForSanders,MAForSanders,Undirected,23869,,,9
KansasForSanders,TNForSanders,Undirected,23854,,,9
KansasForSanders,WVForBernie,Undirected,23853,,,9
KansasForSanders,NorthDakotaForSanders,Undirected,23843,,,9
KansasForSanders,GeoducksForSanders,Undirected,23898,,,7
KansasForSanders,SDForSanders,Undirected,23893,,,9
KansasForSanders,WIsconsinForSanders,Undirected,23891,,,9
KansasForSanders,CTForSanders,Undirected,23883,,,9
KansasForSanders,AKForSanders,Undirected,23882,,,9
KansasForSanders,AZForSanders,Undirected,23879,,,9
KansasForSanders,FLForSanders,Undirected,23877,,,9
KansasForSanders,CAForSanders,Undirected,23875,,,9
KansasForSanders,IAForSanders,Undirected,23874,,,9
KansasForSanders,MTForSanders,Undirected,23867,,,9
KansasForSanders,NCForBernie,Undirected,23866,,,9
KansasForSanders,PuertoRicoforSanders,Undirected,23860,,,9
KansasForSanders,OHForSanders,Undirected,23858,,,9
KansasForSanders,WYForSanders,Undirected,23852,,,9
KansasForSanders,HIForSanders,Undirected,23846,,,9
KansasForSanders,IDForSanders,Undirected,23845,,,9
KansasForSanders,NVForSanders,Undirected,23841,,,9
KansasForSanders,NJForSanders,Undirected,23836,,,9
WayOfTheAloha,HIForSanders,Undirected,39796,,,20
BernieFor2020,antiracistaction,Undirected,11725,,,5
BernieFor2020,voteforbernie,Undirected,11717,,,8
BernieFor2020,bernieforpresident,Undirected,11713,,,5
BernieFor2020,ElectionPolls,Undirected,11706,,,25
BernieFor2020,BernieSandersNews,Undirected,11670,,,12
BernieFor2020,TYTnetwork,Undirected,11668,,,10
BernieFor2020,CaliforniaForSanders,Undirected,11665,,,6
PheelTheBern,BernieFor2020,Undirected,29160,,,5
PheelTheBern,California,Undirected,29155,,,5
CaliforniaForSanders,California,Undirected,13061,,,20
WayOfTheAloha,TYTnetwork,Undirected,39830,,,9
RedactedTonight,TYTnetwork,Undirected,31726,,,10
FloridaForSanders,TYTnetwork,Undirected,19529,,,11
BirdieSanders2020,TYTnetwork,Undirected,12064,,,10
BirdieSanders2020,MAXIMUMPROGRESS,Undirected,12057,,,6
NewYorkForSanders,TimCanova,Undirected,27233,,,14
CaliforniaForSanders,California_Politics,Undirected,13057,,,10
PheelTheBern,WolfPAChq,Undirected,29167,,,32
PheelTheBern,WashingtonForSanders,Undirected,29166,,,5
PheelTheBern,IowaForSanders,Undirected,29165,,,7
PheelTheBern,Maryland4Sanders,Undirected,29164,,,5
PheelTheBern,VirginiaForSanders,Undirected,29163,,,5
PheelTheBern,NewEngland4Sanders,Undirected,29162,,,6
PheelTheBern,PRForSanders,Undirected,29161,,,5
PheelTheBern,freebies,Undirected,29157,,,6
PheelTheBern,NewYorkForSanders,Undirected,29153,,,8
PheelTheBern,FloridaForSanders,Undirected,29148,,,6
PheelTheBern,CaliforniaForSanders,Undirected,29147,,,10
PheelTheBern,phish,Undirected,29131,,,10
CaliforniaForSanders,voteforbernie,Undirected,13147,,,12
CaliforniaForSanders,longbeach,Undirected,13146,,,6
CaliforniaForSanders,sanfrancisco,Undirected,13145,,,9
CaliforniaForSanders,IEForSanders,Undirected,13135,,,5
CaliforniaForSanders,CanadiansforBernie,Undirected,13134,,,5
CaliforniaForSanders,SFBayAreaForSanders,Undirected,13130,,,10
CaliforniaForSanders,Connecticut4Sanders,Undirected,13126,,,8
CaliforniaForSanders,PRForSanders,Undirected,13125,,,8
CaliforniaForSanders,alaskaforsanders,Undirected,13124,,,10
CaliforniaForSanders,Maine4Sanders,Undirected,13123,,,6
CaliforniaForSanders,RhodeIsland4Sanders,Undirected,13122,,,5
CaliforniaForSanders,Vermont4Sanders,Undirected,13121,,,11
CaliforniaForSanders,Kansas4Sanders,Undirected,13120,,,10
CaliforniaForSanders,NewMexicoForSanders,Undirected,13119,,,11
CaliforniaForSanders,MinnesotaForBernie,Undirected,13118,,,13
CaliforniaForSanders,Massachusetts4Sanders,Undirected,13117,,,10
CaliforniaForSanders,Georgia4Sanders,Undirected,13116,,,12
CaliforniaForSanders,Colorado4Sanders,Undirected,13115,,,13
CaliforniaForSanders,NewHampshire4Sanders,Undirected,13114,,,14
CaliforniaForSanders,dc4sanders,Undirected,13112,,,14
CaliforniaForSanders,WVForSanders,Undirected,13111,,,8
CaliforniaForSanders,HawaiiForSanders,Undirected,13110,,,13
CaliforniaForSanders,ArizonaForSanders,Undirected,13109,,,16
CaliforniaForSanders,Utah4Sanders,Undirected,13108,,,14
CaliforniaForSanders,SouthCarolina4Sanders,Undirected,13107,,,15
CaliforniaForSanders,SanDiegoforSanders,Undirected,13104,,,5
CaliforniaForSanders,sandiego,Undirected,13103,,,6
CaliforniaForSanders,NorthDakota4Sanders,Undirected,13101,,,8
CaliforniaForSanders,WyomingForSanders,Undirected,13100,,,12
CaliforniaForSanders,Montana4Sanders,Undirected,13099,,,11
CaliforniaForSanders,Delaware4Sanders,Undirected,13098,,,12
CaliforniaForSanders,Michigan4Sanders,Undirected,13097,,,14
CaliforniaForSanders,ArkansasForSanders,Undirected,13096,,,14
CaliforniaForSanders,Missouri4Sanders,Undirected,13095,,,11
CaliforniaForSanders,Idaho4Sanders,Undirected,13094,,,10
CaliforniaForSanders,PAForSanders,Undirected,13093,,,18
CaliforniaForSanders,Nebraska4Sanders,Undirected,13092,,,10
CaliforniaForSanders,IowaForSanders,Undirected,13091,,,18
CaliforniaForSanders,AlabamaForSanders,Undirected,13090,,,15
CaliforniaForSanders,KentuckyForSanders,Undirected,13089,,,11
CaliforniaForSanders,LouisianaForSanders,Undirected,13088,,,11
CaliforniaForSanders,Wisconsin4Sanders,Undirected,13087,,,13
CaliforniaForSanders,NewEngland4Sanders,Undirected,13086,,,6
CaliforniaForSanders,VirginiaForSanders,Undirected,13085,,,16
CaliforniaForSanders,TennesseeForSanders,Undirected,13084,,,13
CaliforniaForSanders,SouthDakotaForSanders,Undirected,13082,,,12
CaliforniaForSanders,MississippiForSanders,Undirected,13080,,,12
CaliforniaForSanders,Maryland4Sanders,Undirected,13078,,,14
CaliforniaForSanders,OregonForSanders,Undirected,13077,,,15
CaliforniaForSanders,indianaforsanders,Undirected,13076,,,13
CaliforniaForSanders,NevadaForSanders,Undirected,13075,,,18
CaliforniaForSanders,OklahomaForSanders,Undirected,13074,,,13
CaliforniaForSanders,NewJerseyforSanders,Undirected,13073,,,14
CaliforniaForSanders,TexasForSanders,Undirected,13071,,,21
CaliforniaForSanders,GrassrootsSelect,Undirected,13068,,,7
CaliforniaForSanders,Philadelphia4Sanders,Undirected,13056,,,6
CaliforniaForSanders,LosAngelesforSanders,Undirected,13052,,,17
CaliforniaForSanders,ImagesOfCalifornia,Undirected,13048,,,23
CaliforniaForSanders,Sacramento,Undirected,13047,,,5
NewYorkForSanders,zephyrteachout,Undirected,27321,,,5
NewYorkForSanders,SunriseMovement,Undirected,27320,,,5
NewYorkForSanders,ClimateOffensive,Undirected,27319,,,14
NewYorkForSanders,SFBayAreaForSanders,Undirected,27318,,,5
NewYorkForSanders,longisland,Undirected,27317,,,5
NewYorkForSanders,CanadiansforBernie,Undirected,27316,,,8
NewYorkForSanders,StudentsforSanders,Undirected,27307,,,7
NewYorkForSanders,NewEngland4Sanders,Undirected,27306,,,9
NewYorkForSanders,RepublicansForSanders,Undirected,27305,,,6
NewYorkForSanders,Minnesota4Sanders,Undirected,27304,,,7
NewYorkForSanders,Connecticut4Sanders,Undirected,27303,,,13
NewYorkForSanders,dc4sanders,Undirected,27302,,,19
NewYorkForSanders,PRForSanders,Undirected,27301,,,15
NewYorkForSanders,Idaho4Sanders,Undirected,27300,,,17
NewYorkForSanders,SouthDakotaForSanders,Undirected,27299,,,13
NewYorkForSanders,WyomingForSanders,Undirected,27298,,,15
NewYorkForSanders,alaskaforsanders,Undirected,27297,,,13
NewYorkForSanders,HawaiiForSanders,Undirected,27296,,,18
NewYorkForSanders,Maine4Sanders,Undirected,27295,,,11
NewYorkForSanders,RhodeIsland4Sanders,Undirected,27294,,,15
NewYorkForSanders,Vermont4Sanders,Undirected,27293,,,12
NewYorkForSanders,WVForSanders,Undirected,27292,,,12
NewYorkForSanders,Montana4Sanders,Undirected,27291,,,16
NewYorkForSanders,Nebraska4Sanders,Undirected,27290,,,14
NewYorkForSanders,Kansas4Sanders,Undirected,27289,,,15
NewYorkForSanders,LouisianaForSanders,Undirected,27288,,,14
NewYorkForSanders,MississippiForSanders,Undirected,27287,,,14
NewYorkForSanders,NorthDakota4Sanders,Undirected,27286,,,11
NewYorkForSanders,Delaware4Sanders,Undirected,27285,,,21
NewYorkForSanders,indianaforsanders,Undirected,27284,,,18
NewYorkForSanders,KentuckyForSanders,Undirected,27283,,,13
NewYorkForSanders,NewMexicoForSanders,Undirected,27282,,,13
NewYorkForSanders,ArkansasForSanders,Undirected,27281,,,15
NewYorkForSanders,Maryland4Sanders,Undirected,27280,,,16
NewYorkForSanders,MinnesotaForBernie,Undirected,27279,,,14
NewYorkForSanders,NevadaForSanders,Undirected,27278,,,19
NewYorkForSanders,OklahomaForSanders,Undirected,27277,,,12
NewYorkForSanders,Massachusetts4Sanders,Undirected,27276,,,12
NewYorkForSanders,AlabamaForSanders,Undirected,27275,,,19
NewYorkForSanders,Georgia4Sanders,Undirected,27274,,,15
NewYorkForSanders,SouthCarolina4Sanders,Undirected,27273,,,17
NewYorkForSanders,Colorado4Sanders,Undirected,27272,,,18
NewYorkForSanders,Missouri4Sanders,Undirected,27271,,,14
NewYorkForSanders,NewHampshire4Sanders,Undirected,27270,,,15
NewYorkForSanders,Utah4Sanders,Undirected,27269,,,17
NewYorkForSanders,Wisconsin4Sanders,Undirected,27268,,,17
NewYorkForSanders,ArizonaForSanders,Undirected,27267,,,20
NewYorkForSanders,Michigan4Sanders,Undirected,27266,,,18
NewYorkForSanders,PAForSanders,Undirected,27264,,,25
NewYorkForSanders,IowaForSanders,Undirected,27263,,,21
NewYorkForSanders,TennesseeForSanders,Undirected,27261,,,12
NewYorkForSanders,VirginiaForSanders,Undirected,27260,,,19
NewYorkForSanders,TexasForSanders,Undirected,27256,,,23
NewYorkForSanders,Brooklyn,Undirected,27249,,,7
NewYorkForSanders,newyork,Undirected,27248,,,22
NewYorkForSanders,nyspolitics,Undirected,27247,,,24
NewYorkForSanders,Syracuse,Undirected,27246,,,5
NewYorkForSanders,Buffalo,Undirected,27245,,,5
NewYorkForSanders,bernie,Undirected,27244,,,11
NewYorkForSanders,NewJerseyforSanders,Undirected,27238,,,25
NewYorkForSanders,OregonForSanders,Undirected,27236,,,19
NewYorkForSanders,PoliticalRevolutionNY,Undirected,27228,,,22
NewYorkForSanders,Queens,Undirected,27227,,,5
NewYorkForSanders,GrassrootsSelect,Undirected,27224,,,12
ohioforsanders,clevelandcavs,Undirected,28691,,,5
ohioforsanders,lakers,Undirected,28690,,,63
ohioforsanders,SunriseMovement,Undirected,28686,,,5
ohioforsanders,ClimateOffensive,Undirected,28685,,,14
ohioforsanders,PoliticalRevolutionOH,Undirected,28681,,,7
ohioforsanders,WolfPAChq,Undirected,28677,,,13
ohioforsanders,voteforbernie,Undirected,28676,,,10
ohioforsanders,CanadiansforBernie,Undirected,28674,,,10
ohioforsanders,bernie,Undirected,28673,,,8
ohioforsanders,Connecticut4Sanders,Undirected,28670,,,12
ohioforsanders,dc4sanders,Undirected,28669,,,18
ohioforsanders,PRForSanders,Undirected,28668,,,16
ohioforsanders,alaskaforsanders,Undirected,28667,,,15
ohioforsanders,HawaiiForSanders,Undirected,28666,,,16
ohioforsanders,Maine4Sanders,Undirected,28665,,,15
ohioforsanders,RhodeIsland4Sanders,Undirected,28664,,,19
ohioforsanders,Vermont4Sanders,Undirected,28663,,,17
ohioforsanders,WVForSanders,Undirected,28662,,,18
ohioforsanders,Kansas4Sanders,Undirected,28661,,,15
ohioforsanders,NewMexicoForSanders,Undirected,28660,,,16
ohioforsanders,MinnesotaForBernie,Undirected,28659,,,14
ohioforsanders,Massachusetts4Sanders,Undirected,28658,,,13
ohioforsanders,Georgia4Sanders,Undirected,28657,,,15
ohioforsanders,SouthCarolina4Sanders,Undirected,28656,,,22
ohioforsanders,Colorado4Sanders,Undirected,28655,,,15
ohioforsanders,NewHampshire4Sanders,Undirected,28654,,,17
ohioforsanders,Utah4Sanders,Undirected,28653,,,21
ohioforsanders,ArizonaForSanders,Undirected,28652,,,20
ohioforsanders,dayton,Undirected,28639,,,5
ohioforsanders,cincinnati,Undirected,28638,,,5
ohioforsanders,Cleveland,Undirected,28637,,,7
ohioforsanders,NorthDakota4Sanders,Undirected,28635,,,13
ohioforsanders,WyomingForSanders,Undirected,28634,,,19
ohioforsanders,Montana4Sanders,Undirected,28633,,,20
ohioforsanders,Delaware4Sanders,Undirected,28632,,,26
ohioforsanders,Michigan4Sanders,Undirected,28631,,,21
ohioforsanders,ArkansasForSanders,Undirected,28630,,,16
ohioforsanders,Missouri4Sanders,Undirected,28629,,,15
ohioforsanders,Idaho4Sanders,Undirected,28628,,,16
ohioforsanders,PAForSanders,Undirected,28627,,,30
ohioforsanders,Nebraska4Sanders,Undirected,28626,,,17
ohioforsanders,IowaForSanders,Undirected,28625,,,23
ohioforsanders,AlabamaForSanders,Undirected,28624,,,22
ohioforsanders,KentuckyForSanders,Undirected,28623,,,16
ohioforsanders,LouisianaForSanders,Undirected,28622,,,17
ohioforsanders,Wisconsin4Sanders,Undirected,28621,,,23
ohioforsanders,NewEngland4Sanders,Undirected,28620,,,13
ohioforsanders,VirginiaForSanders,Undirected,28619,,,25
ohioforsanders,TennesseeForSanders,Undirected,28618,,,18
ohioforsanders,SouthDakotaForSanders,Undirected,28617,,,18
ohioforsanders,RepublicansForSanders,Undirected,28615,,,8
ohioforsanders,MississippiForSanders,Undirected,28614,,,17
ohioforsanders,Maryland4Sanders,Undirected,28612,,,19
ohioforsanders,Minnesota4Sanders,Undirected,28611,,,8
ohioforsanders,OregonForSanders,Undirected,28610,,,20
ohioforsanders,indianaforsanders,Undirected,28608,,,23
ohioforsanders,NevadaForSanders,Undirected,28607,,,20
ohioforsanders,OklahomaForSanders,Undirected,28606,,,17
ohioforsanders,NewJerseyforSanders,Undirected,28605,,,29
ohioforsanders,TexasForSanders,Undirected,28603,,,27
ohioforsanders,ImagesOfOhio,Undirected,28601,,,8
ohioforsanders,Columbus,Undirected,28596,,,6
NorthCarolina4Sanders,RepublicansForSanders,Undirected,27645,,,6
NorthCarolina4Sanders,LosAngelesforSanders,Undirected,27644,,,5
NorthCarolina4Sanders,SFBayAreaForSanders,Undirected,27643,,,6
NorthCarolina4Sanders,SunriseMovement,Undirected,27642,,,5
NorthCarolina4Sanders,ClimateOffensive,Undirected,27641,,,14
NorthCarolina4Sanders,OurRevolutions,Undirected,27635,,,5
NorthCarolina4Sanders,bernie,Undirected,27634,,,12
NorthCarolina4Sanders,ncpolitics,Undirected,27630,,,11
NorthCarolina4Sanders,bullcity,Undirected,27629,,,11
NorthCarolina4Sanders,Wilmington,Undirected,27628,,,9
NorthCarolina4Sanders,raleigh,Undirected,27627,,,10
NorthCarolina4Sanders,asheville,Undirected,27626,,,12
NorthCarolina4Sanders,CanadiansforBernie,Undirected,27624,,,14
NorthCarolina4Sanders,Charlotte,Undirected,27623,,,17
NorthCarolina4Sanders,Connecticut4Sanders,Undirected,27622,,,21
NorthCarolina4Sanders,PRForSanders,Undirected,27621,,,19
NorthCarolina4Sanders,SouthDakotaForSanders,Undirected,27620,,,24
NorthCarolina4Sanders,alaskaforsanders,Undirected,27619,,,21
NorthCarolina4Sanders,HawaiiForSanders,Undirected,27618,,,26
NorthCarolina4Sanders,Maine4Sanders,Undirected,27617,,,18
NorthCarolina4Sanders,RhodeIsland4Sanders,Undirected,27616,,,16
NorthCarolina4Sanders,Vermont4Sanders,Undirected,27615,,,23
NorthCarolina4Sanders,Montana4Sanders,Undirected,27614,,,27
NorthCarolina4Sanders,NorthDakota4Sanders,Undirected,27613,,,22
NorthCarolina4Sanders,NewMexicoForSanders,Undirected,27612,,,25
NorthCarolina4Sanders,MinnesotaForBernie,Undirected,27611,,,29
NorthCarolina4Sanders,Massachusetts4Sanders,Undirected,27610,,,26
NorthCarolina4Sanders,NewHampshire4Sanders,Undirected,27609,,,24
NorthCarolina4Sanders,IowaForSanders,Undirected,27608,,,27
NorthCarolina4Sanders,WVForSanders,Undirected,27604,,,22
NorthCarolina4Sanders,WyomingForSanders,Undirected,27603,,,27
NorthCarolina4Sanders,Delaware4Sanders,Undirected,27602,,,27
NorthCarolina4Sanders,Nebraska4Sanders,Undirected,27601,,,30
NorthCarolina4Sanders,AlabamaForSanders,Undirected,27600,,,30
NorthCarolina4Sanders,dc4sanders,Undirected,27599,,,29
NorthCarolina4Sanders,PAForSanders,Undirected,27598,,,27
NorthCarolina4Sanders,KentuckyForSanders,Undirected,27597,,,27
NorthCarolina4Sanders,Maryland4Sanders,Undirected,27596,,,28
NorthCarolina4Sanders,Wisconsin4Sanders,Undirected,27595,,,27
NorthCarolina4Sanders,NevadaForSanders,Undirected,27594,,,26
NorthCarolina4Sanders,OklahomaForSanders,Undirected,27593,,,30
NorthCarolina4Sanders,ArkansasForSanders,Undirected,27592,,,32
NorthCarolina4Sanders,VirginiaForSanders,Undirected,27591,,,36
NorthCarolina4Sanders,NewJerseyforSanders,Undirected,27590,,,24
NorthCarolina4Sanders,Idaho4Sanders,Undirected,27589,,,29
NorthCarolina4Sanders,TexasForSanders,Undirected,27587,,,33
NorthCarolina4Sanders,Minnesota4Sanders,Undirected,27586,,,10
NorthCarolina4Sanders,Georgia4Sanders,Undirected,27585,,,35
NorthCarolina4Sanders,OregonForSanders,Undirected,27584,,,26
NorthCarolina4Sanders,Utah4Sanders,Undirected,27583,,,31
NorthCarolina4Sanders,SouthCarolina4Sanders,Undirected,27582,,,38
NorthCarolina4Sanders,ArizonaForSanders,Undirected,27581,,,27
NorthCarolina4Sanders,TennesseeForSanders,Undirected,27580,,,33
NorthCarolina4Sanders,Michigan4Sanders,Undirected,27579,,,36
NorthCarolina4Sanders,Colorado4Sanders,Undirected,27578,,,31
NorthCarolina4Sanders,NewEngland4Sanders,Undirected,27577,,,10
NorthCarolina4Sanders,Kansas4Sanders,Undirected,27576,,,30
NorthCarolina4Sanders,MississippiForSanders,Undirected,27575,,,32
NorthCarolina4Sanders,LouisianaForSanders,Undirected,27574,,,27
NorthCarolina4Sanders,indianaforsanders,Undirected,27573,,,27
NorthCarolina4Sanders,Missouri4Sanders,Undirected,27572,,,29
NorthCarolina4Sanders,voteforbernie,Undirected,27568,,,13
NorthCarolina4Sanders,PoliticalRevolutionNC,Undirected,27563,,,7
NorthCarolina4Sanders,chapelhill,Undirected,27562,,,10
NorthCarolina4Sanders,gso,Undirected,27561,,,9
NorthCarolina4Sanders,winstonsalem,Undirected,27560,,,10
NorthCarolina4Sanders,triangle,Undirected,27559,,,6
NorthCarolina4Sanders,NorthCarolina,Undirected,27557,,,30
Illinois4Sanders,SunriseMovement,Undirected,22262,,,5
Illinois4Sanders,ClimateOffensive,Undirected,22261,,,14
Illinois4Sanders,OurRevolutions,Undirected,22259,,,5
Illinois4Sanders,voteforbernie,Undirected,22258,,,11
Illinois4Sanders,LosAngelesforSanders,Undirected,22252,,,6
Illinois4Sanders,SFBayAreaForSanders,Undirected,22251,,,6
Illinois4Sanders,bernie,Undirected,22247,,,15
Illinois4Sanders,RhodeIsland4Sanders,Undirected,22245,,,23
Illinois4Sanders,Connecticut4Sanders,Undirected,22244,,,20
Illinois4Sanders,Vermont4Sanders,Undirected,22243,,,20
Illinois4Sanders,PRForSanders,Undirected,22242,,,18
Illinois4Sanders,NewHampshire4Sanders,Undirected,22241,,,20
Illinois4Sanders,CanadiansforBernie,Undirected,22239,,,13
Illinois4Sanders,MinnesotaForBernie,Undirected,22238,,,30
Illinois4Sanders,Massachusetts4Sanders,Undirected,22237,,,22
Illinois4Sanders,Maine4Sanders,Undirected,22236,,,22
Illinois4Sanders,RepublicansForSanders,Undirected,22231,,,7
Illinois4Sanders,NewJerseyforSanders,Undirected,22229,,,35
Illinois4Sanders,SouthDakotaForSanders,Undirected,22226,,,30
Illinois4Sanders,Minnesota4Sanders,Undirected,22225,,,10
Illinois4Sanders,Nebraska4Sanders,Undirected,22224,,,34
Illinois4Sanders,Montana4Sanders,Undirected,22223,,,29
Illinois4Sanders,HawaiiForSanders,Undirected,22222,,,23
Illinois4Sanders,NewEngland4Sanders,Undirected,22221,,,9
Illinois4Sanders,alaskaforsanders,Undirected,22220,,,16
Illinois4Sanders,OklahomaForSanders,Undirected,22219,,,23
Illinois4Sanders,OregonForSanders,Undirected,22218,,,25
Illinois4Sanders,dc4sanders,Undirected,22217,,,28
Illinois4Sanders,IowaForSanders,Undirected,22216,,,36
Illinois4Sanders,Idaho4Sanders,Undirected,22215,,,26
Illinois4Sanders,Wisconsin4Sanders,Undirected,22214,,,37
Illinois4Sanders,AlabamaForSanders,Undirected,22213,,,29
Illinois4Sanders,Georgia4Sanders,Undirected,22212,,,29
Illinois4Sanders,Missouri4Sanders,Undirected,22211,,,33
Illinois4Sanders,VirginiaForSanders,Undirected,22210,,,31
Illinois4Sanders,ArizonaForSanders,Undirected,22209,,,26
Illinois4Sanders,NevadaForSanders,Undirected,22208,,,26
Illinois4Sanders,PAForSanders,Undirected,22207,,,35
Illinois4Sanders,Utah4Sanders,Undirected,22206,,,27
Illinois4Sanders,indianaforsanders,Undirected,22203,,,37
Illinois4Sanders,WyomingForSanders,Undirected,22201,,,24
Illinois4Sanders,MississippiForSanders,Undirected,22200,,,26
Illinois4Sanders,NorthDakota4Sanders,Undirected,22199,,,25
Illinois4Sanders,SouthCarolina4Sanders,Undirected,22198,,,26
Illinois4Sanders,ArkansasForSanders,Undirected,22197,,,25
Illinois4Sanders,WVForSanders,Undirected,22196,,,22
Illinois4Sanders,TennesseeForSanders,Undirected,22195,,,27
Illinois4Sanders,LouisianaForSanders,Undirected,22194,,,29
Illinois4Sanders,Maryland4Sanders,Undirected,22193,,,29
Illinois4Sanders,NewMexicoForSanders,Undirected,22192,,,21
Illinois4Sanders,Michigan4Sanders,Undirected,22191,,,37
Illinois4Sanders,Colorado4Sanders,Undirected,22190,,,25
Illinois4Sanders,Kansas4Sanders,Undirected,22188,,,31
Illinois4Sanders,KentuckyForSanders,Undirected,22187,,,27
Illinois4Sanders,TexasForSanders,Undirected,22186,,,34
Illinois4Sanders,Delaware4Sanders,Undirected,22185,,,34
Illinois4Sanders,illinois,Undirected,22182,,,5
WashingtonForSanders,voteforbernie,Undirected,39784,,,11
WashingtonForSanders,bernie,Undirected,39783,,,11
WashingtonForSanders,CanadiansforBernie,Undirected,39781,,,10
WashingtonForSanders,CANCEL_STUDENT_DEBT,Undirected,39775,,,6
WashingtonForSanders,Connecticut4Sanders,Undirected,39774,,,12
WashingtonForSanders,Maine4Sanders,Undirected,39773,,,16
WashingtonForSanders,RhodeIsland4Sanders,Undirected,39772,,,19
WashingtonForSanders,Vermont4Sanders,Undirected,39771,,,15
WashingtonForSanders,WVForSanders,Undirected,39770,,,15
WashingtonForSanders,MinnesotaForBernie,Undirected,39769,,,17
WashingtonForSanders,Massachusetts4Sanders,Undirected,39768,,,15
WashingtonForSanders,NewHampshire4Sanders,Undirected,39767,,,16
WashingtonForSanders,HawaiiForSanders,Undirected,39765,,,19
WashingtonForSanders,SouthCarolina4Sanders,Undirected,39764,,,21
WashingtonForSanders,alaskaforsanders,Undirected,39763,,,14
WashingtonForSanders,dc4sanders,Undirected,39762,,,20
WashingtonForSanders,Kansas4Sanders,Undirected,39761,,,18
WashingtonForSanders,Colorado4Sanders,Undirected,39759,,,20
WashingtonForSanders,Georgia4Sanders,Undirected,39758,,,18
WashingtonForSanders,NewMexicoForSanders,Undirected,39757,,,18
WashingtonForSanders,Utah4Sanders,Undirected,39756,,,23
WashingtonForSanders,PRForSanders,Undirected,39755,,,13
WashingtonForSanders,ArizonaForSanders,Undirected,39754,,,21
WashingtonForSanders,WyomingForSanders,Undirected,39745,,,19
WashingtonForSanders,Montana4Sanders,Undirected,39744,,,22
WashingtonForSanders,Delaware4Sanders,Undirected,39743,,,25
WashingtonForSanders,ArkansasForSanders,Undirected,39742,,,18
WashingtonForSanders,Idaho4Sanders,Undirected,39741,,,21
WashingtonForSanders,PAForSanders,Undirected,39740,,,29
WashingtonForSanders,Nebraska4Sanders,Undirected,39739,,,19
WashingtonForSanders,IowaForSanders,Undirected,39738,,,22
WashingtonForSanders,AlabamaForSanders,Undirected,39737,,,21
WashingtonForSanders,KentuckyForSanders,Undirected,39736,,,17
WashingtonForSanders,LouisianaForSanders,Undirected,39735,,,20
WashingtonForSanders,Wisconsin4Sanders,Undirected,39734,,,23
WashingtonForSanders,NewEngland4Sanders,Undirected,39733,,,8
WashingtonForSanders,VirginiaForSanders,Undirected,39732,,,26
WashingtonForSanders,TennesseeForSanders,Undirected,39731,,,19
WashingtonForSanders,SouthDakotaForSanders,Undirected,39729,,,19
WashingtonForSanders,RepublicansForSanders,Undirected,39727,,,5
WashingtonForSanders,Maryland4Sanders,Undirected,39726,,,20
WashingtonForSanders,Minnesota4Sanders,Undirected,39725,,,7
WashingtonForSanders,indianaforsanders,Undirected,39723,,,23
WashingtonForSanders,NevadaForSanders,Undirected,39722,,,24
WashingtonForSanders,OklahomaForSanders,Undirected,39721,,,18
WashingtonForSanders,NewJerseyforSanders,Undirected,39720,,,28
WashingtonForSanders,TexasForSanders,Undirected,39718,,,30
WashingtonForSanders,MississippiForSanders,Undirected,39716,,,20
WashingtonForSanders,NorthDakota4Sanders,Undirected,39715,,,17
WashingtonForSanders,Missouri4Sanders,Undirected,39714,,,19
WashingtonForSanders,Michigan4Sanders,Undirected,39713,,,26
WashingtonForSanders,olympia,Undirected,39710,,,6
WashingtonForSanders,Washington,Undirected,39707,,,6
WashingtonForSanders,OregonForSanders,Undirected,39702,,,25
WashingtonForSanders,SeattleUnmoderated,Undirected,39701,,,13
FloridaForSanders,SunriseMovement,Undirected,19547,,,5
FloridaForSanders,ClimateOffensive,Undirected,19546,,,14
FloridaForSanders,voteforbernie,Undirected,19545,,,9
FloridaForSanders,PoliticalRevolutionFL,Undirected,19543,,,11
FloridaForSanders,AndrewGillum,Undirected,19542,,,8
FloridaForSanders,bernie,Undirected,19534,,,13
FloridaForSanders,latinosforbernie,Undirected,19531,,,5
FloridaForSanders,OurRevolutions,Undirected,19518,,,6
FloridaForSanders,Broward,Undirected,19512,,,6
FloridaForSanders,GrassrootsSelect,Undirected,19511,,,6
FloridaForSanders,fortlauderdale,Undirected,19510,,,5
FloridaForSanders,tampa,Undirected,19509,,,7
FloridaForSanders,Miami,Undirected,19508,,,8
FloridaForSanders,orlando,Undirected,19507,,,6
FloridaForSanders,StudentsforSanders,Undirected,19506,,,5
FloridaForSanders,NewEngland4Sanders,Undirected,19505,,,6
FloridaForSanders,Minnesota4Sanders,Undirected,19504,,,7
FloridaForSanders,WyomingForSanders,Undirected,19498,,,15
FloridaForSanders,Delaware4Sanders,Undirected,19497,,,15
FloridaForSanders,RhodeIsland4Sanders,Undirected,19496,,,6
FloridaForSanders,Connecticut4Sanders,Undirected,19495,,,9
FloridaForSanders,Vermont4Sanders,Undirected,19494,,,12
FloridaForSanders,Idaho4Sanders,Undirected,19493,,,15
FloridaForSanders,Missouri4Sanders,Undirected,19492,,,16
FloridaForSanders,MississippiForSanders,Undirected,19491,,,17
FloridaForSanders,PRForSanders,Undirected,19490,,,12
FloridaForSanders,Montana4Sanders,Undirected,19489,,,14
FloridaForSanders,NorthDakota4Sanders,Undirected,19488,,,12
FloridaForSanders,SouthDakotaForSanders,Undirected,19487,,,14
FloridaForSanders,Wisconsin4Sanders,Undirected,19486,,,16
FloridaForSanders,HawaiiForSanders,Undirected,19485,,,13
FloridaForSanders,dc4sanders,Undirected,19484,,,14
FloridaForSanders,NewHampshire4Sanders,Undirected,19483,,,14
FloridaForSanders,WVForSanders,Undirected,19482,,,10
FloridaForSanders,Nebraska4Sanders,Undirected,19481,,,17
FloridaForSanders,OklahomaForSanders,Undirected,19480,,,17
FloridaForSanders,NewMexicoForSanders,Undirected,19479,,,14
FloridaForSanders,NevadaForSanders,Undirected,19478,,,20
FloridaForSanders,KentuckyForSanders,Undirected,19477,,,15
FloridaForSanders,Kansas4Sanders,Undirected,19476,,,14
FloridaForSanders,Utah4Sanders,Undirected,19475,,,18
FloridaForSanders,CanadiansforBernie,Undirected,19474,,,7
FloridaForSanders,ArkansasForSanders,Undirected,19473,,,19
FloridaForSanders,LouisianaForSanders,Undirected,19472,,,16
FloridaForSanders,MinnesotaForBernie,Undirected,19471,,,14
FloridaForSanders,SouthCarolina4Sanders,Undirected,19470,,,20
FloridaForSanders,TennesseeForSanders,Undirected,19469,,,20
FloridaForSanders,IowaForSanders,Undirected,19468,,,19
FloridaForSanders,Massachusetts4Sanders,Undirected,19467,,,12
FloridaForSanders,OregonForSanders,Undirected,19466,,,18
FloridaForSanders,PAForSanders,Undirected,19465,,,17
FloridaForSanders,alaskaforsanders,Undirected,19464,,,14
FloridaForSanders,Georgia4Sanders,Undirected,19463,,,18
FloridaForSanders,Michigan4Sanders,Undirected,19461,,,20
FloridaForSanders,ArizonaForSanders,Undirected,19460,,,18
FloridaForSanders,Colorado4Sanders,Undirected,19459,,,19
FloridaForSanders,VirginiaForSanders,Undirected,19457,,,23
FloridaForSanders,Maine4Sanders,Undirected,19456,,,7
FloridaForSanders,AlabamaForSanders,Undirected,19454,,,19
FloridaForSanders,indianaforsanders,Undirected,19453,,,16
FloridaForSanders,Maryland4Sanders,Undirected,19452,,,17
FloridaForSanders,NewJerseyforSanders,Undirected,19449,,,18
FloridaForSanders,TexasForSanders,Undirected,19448,,,29
bernie,IowaForSanders,Undirected,11495,,,5
bernie,RPDRDRAMA,Undirected,11492,,,10
bernie,gravelforpresident,Undirected,11488,,,5
WayOfTheAloha,YangGang,Undirected,39827,,,7
WayOfTheAloha,gravelforpresident,Undirected,39802,,,7
WayOfTheAloha,GetYourNewsOnWithRon,Undirected,39789,,,7
WayOfTheAloha,Tulsi2020,Undirected,39788,,,47
RedactedTonight,CommunistMemes,Undirected,31732,,,6
